index,offsetRange,oldCentroidIndex,"[C,C#,D,E-,E,F,F#,G,G#,A,B-,B]",triadLabel,filename,year,chordName,pc-labels,color,newCentroidIndex
0,2.0 to 2.75,4,"[0, 0, 0, 0, 1, 0, 0, 1, 0, 0, 0, 0]",cMajor,Piano Sonata K283 i G major.mid by Mozart.csv,1775,Cmaj3rd5th,EG-C,mediumvioletred,8
1,3.0 to 3.75,4,"[1, 0, 0, 0, 1, 0, 0, 1, 0, 0, 0, 0]",cMajor,Piano Sonata K283 i G major.mid by Mozart.csv,1775,Cmaj3rd5th,EG-C,mediumvioletred,8
2,4.0 to 4.5,4,"[0, 0, 0, 0, 1, 0, 0, 1, 0, 0, 0, 0]",cMajor,Piano Sonata K283 i G major.mid by Mozart.csv,1775,Cmaj3rd5th,EG-C,mediumvioletred,8
3,5.0 to 5.5,4,"[1, 0, 0, 0, 1, 0, 0, 1, 0, 0, 0, 0]",cMajor,Piano Sonata K283 i G major.mid by Mozart.csv,1775,Cmaj3rd5th,EG-C,mediumvioletred,8
4,6.0 to 6.5,2,"[0, 0, 1, 0, 0, 1, 0, 0, 0, 0, 0, 1]",gMajor,Piano Sonata K283 i G major.mid by Mozart.csv,1775,2/4ofCmaj,DF,green,4
5,7.0 to 7.5,16,"[0, 0, 0, 0, 0, 1, 0, 1, 0, 0, 0, 0]",cMajor,Piano Sonata K283 i G major.mid by Mozart.csv,1775,chr,FGAB,mediumpurple,10
6,8.0 to 8.75,5,"[0, 0, 1, 0, 0, 1, 0, 1, 0, 0, 0, 1]",gMajor,Piano Sonata K283 i G major.mid by Mozart.csv,1775,Gmaj3rd5th,BD-G,gold,17
7,9.0 to 9.75,5,"[0, 0, 2, 0, 0, 0, 0, 0, 0, 0, 0, 1]",gMajor,Piano Sonata K283 i G major.mid by Mozart.csv,1775,Gmaj3rd5th,BD-G,gold,17
8,10.0 to 10.5,5,"[0, 0, 1, 0, 0, 0, 0, 1, 0, 0, 0, 0]",gMajor,Piano Sonata K283 i G major.mid by Mozart.csv,1775,Gmaj3rd5th,BD-G,gold,17
9,11.0 to 11.5,2,"[0, 0, 1, 0, 0, 1, 0, 1, 0, 0, 0, 0]",gMajor,Piano Sonata K283 i G major.mid by Mozart.csv,1775,2/4ofCmaj,DF,green,4
10,12.0 to 12.5,14,"[1, 0, 0, 0, 2, 0, 0, 0, 0, 0, 0, 0]",cMajor,Piano Sonata K283 i G major.mid by Mozart.csv,1775,VofAmin,E-BCD,indigo,19
11,13.0 to 13.5,4,"[0, 0, 0, 0, 1, 0, 0, 1, 0, 0, 0, 0]",cMajor,Piano Sonata K283 i G major.mid by Mozart.csv,1775,Cmaj3rd5th,EG-C,mediumvioletred,8
12,14.0 to 14.75,8,"[2, 0, 0, 0, 0, 0, 0, 0, 0, 0, 0, 1]",cMajor,Piano Sonata K283 i G major.mid by Mozart.csv,1775,Cmaj-root,C-EG,slateblue,2
13,15.0 to 15.75,13,"[1, 0, 0, 0, 0, 1, 0, 0, 0, 1, 0, 1]",fMajor,Piano Sonata K283 i G major.mid by Mozart.csv,1775,Cmaj5-1tet,BC-AG,darkviolet,12
14,16.0 to 16.875,9,"[1, 0, 0, 0, 0, 1, 0, 0, 0, 1, 0, 0]",fMajor,Piano Sonata K283 i G major.mid by Mozart.csv,1775,6-1ofC,A-CF,deepskyblue,7
15,17.0 to 17.75,9,"[1, 0, 0, 0, 0, 0, 0, 0, 0, 1, 0, 0]",fMajor,Piano Sonata K283 i G major.mid by Mozart.csv,1775,6-1ofC,A-CF,deepskyblue,7
16,18.0 to 18.75,4,"[1, 0, 0, 0, 1, 0, 0, 1, 0, 1, 0, 0]",cMajor,Piano Sonata K283 i G major.mid by Mozart.csv,1775,Cmaj3rd5th,EG-C,mediumvioletred,8
17,19.0 to 19.875,4,"[1, 0, 0, 0, 1, 0, 0, 1, 0, 0, 0, 0]",cMajor,Piano Sonata K283 i G major.mid by Mozart.csv,1775,Cmaj3rd5th,EG-C,mediumvioletred,8
18,20.0 to 20.75,4,"[1, 0, 0, 0, 0, 0, 0, 1, 0, 0, 0, 0]",cMajor,Piano Sonata K283 i G major.mid by Mozart.csv,1775,Cmaj3rd5th,EG-C,mediumvioletred,8
19,21.0 to 21.33333333,2,"[0, 0, 1, 0, 0, 1, 0, 1, 0, 0, 0, 0]",gMajor,Piano Sonata K283 i G major.mid by Mozart.csv,1775,2/4ofCmaj,DF,green,4
20,22.0 to 22.33333333,4,"[1, 0, 0, 0, 1, 0, 0, 1, 0, 0, 0, 0]",cMajor,Piano Sonata K283 i G major.mid by Mozart.csv,1775,Cmaj3rd5th,EG-C,mediumvioletred,8
21,23.0 to 23.33333333,5,"[0, 0, 1, 0, 0, 0, 0, 1, 0, 0, 0, 1]",gMajor,Piano Sonata K283 i G major.mid by Mozart.csv,1775,Gmaj3rd5th,BD-G,gold,17
22,24.0 to 24.75,13,"[2, 0, 0, 0, 1, 0, 0, 1, 0, 1, 0, 1]",cMajor,Piano Sonata K283 i G major.mid by Mozart.csv,1775,Cmaj5-1tet,BC-AG,darkviolet,12
23,25.0 to 25.75,10,"[0, 0, 1, 0, 1, 1, 0, 1, 0, 0, 0, 0]",cMajor,Piano Sonata K283 i G major.mid by Mozart.csv,1775,Cmaj2-5tet,DEFG,violet,6
24,26.0 to 26.75,15,"[2, 0, 1, 0, 1, 1, 0, 0, 0, 1, 0, 0]",fMajor,Piano Sonata K283 i G major.mid by Mozart.csv,1775,Cmaj1-4tet,C-DEF,blue,3
25,27.0 to 27.75,16,"[0, 0, 0, 0, 0, 1, 0, 1, 0, 1, 0, 1]",fMajor,Piano Sonata K283 i G major.mid by Mozart.csv,1775,chr,FGAB,mediumpurple,10
26,28.0 to 28.75,17,"[2, 0, 0, 0, 1, 0, 0, 2, 0, 0, 0, 0]",cMajor,Piano Sonata K283 i G major.mid by Mozart.csv,1775,CmajTriad,CEG,blueviolet,5
27,29.0 to 29.75,2,"[0, 0, 1, 0, 0, 2, 0, 1, 0, 0, 0, 1]",gMajor,Piano Sonata K283 i G major.mid by Mozart.csv,1775,2/4ofCmaj,DF,green,4
28,30.0 to 30.0,8,"[2, 0, 0, 0, 1, 0, 0, 0, 0, 0, 0, 0]",cMajor,Piano Sonata K283 i G major.mid by Mozart.csv,1775,Cmaj-root,C-EG,slateblue,2
29,31.0 to 31.0,16,"[1, 0, 0, 0, 0, 0, 0, 0, 0, 0, 0, 0]",cMajor,Piano Sonata K283 i G major.mid by Mozart.csv,1775,chr,FGAB,mediumpurple,10
30,32.0 to 32.75,13,"[1, 0, 0, 0, 0, 0, 0, 0, 0, 0, 0, 1]",gMajor,Piano Sonata K283 i G major.mid by Mozart.csv,1775,Cmaj5-1tet,BC-AG,darkviolet,12
31,33.0 to 33.75,13,"[1, 0, 0, 0, 0, 1, 0, 0, 0, 1, 0, 1]",fMajor,Piano Sonata K283 i G major.mid by Mozart.csv,1775,Cmaj5-1tet,BC-AG,darkviolet,12
32,34.0 to 34.625,9,"[1, 0, 0, 0, 0, 1, 0, 0, 0, 1, 0, 0]",fMajor,Piano Sonata K283 i G major.mid by Mozart.csv,1775,6-1ofC,A-CF,deepskyblue,7
33,35.0 to 35.75,9,"[1, 0, 0, 0, 0, 0, 0, 0, 0, 1, 0, 0]",fMajor,Piano Sonata K283 i G major.mid by Mozart.csv,1775,6-1ofC,A-CF,deepskyblue,7
34,36.0 to 36.75,4,"[1, 0, 0, 0, 1, 0, 0, 1, 0, 1, 0, 0]",cMajor,Piano Sonata K283 i G major.mid by Mozart.csv,1775,Cmaj3rd5th,EG-C,mediumvioletred,8
35,37.0 to 37.625,4,"[1, 0, 0, 0, 1, 0, 0, 1, 0, 0, 0, 0]",cMajor,Piano Sonata K283 i G major.mid by Mozart.csv,1775,Cmaj3rd5th,EG-C,mediumvioletred,8
36,38.0 to 38.75,4,"[1, 0, 0, 0, 0, 0, 0, 1, 0, 0, 0, 0]",cMajor,Piano Sonata K283 i G major.mid by Mozart.csv,1775,Cmaj3rd5th,EG-C,mediumvioletred,8
37,39.0 to 39.5,2,"[0, 0, 1, 0, 0, 1, 0, 1, 0, 0, 0, 0]",gMajor,Piano Sonata K283 i G major.mid by Mozart.csv,1775,2/4ofCmaj,DF,green,4
38,40.0 to 40.5,4,"[1, 0, 0, 0, 1, 0, 0, 1, 0, 0, 0, 0]",cMajor,Piano Sonata K283 i G major.mid by Mozart.csv,1775,Cmaj3rd5th,EG-C,mediumvioletred,8
39,41.0 to 41.5,5,"[0, 0, 1, 0, 0, 0, 0, 1, 0, 0, 0, 1]",gMajor,Piano Sonata K283 i G major.mid by Mozart.csv,1775,Gmaj3rd5th,BD-G,gold,17
40,42.0 to 42.75,13,"[2, 0, 0, 0, 1, 0, 0, 1, 0, 1, 0, 1]",cMajor,Piano Sonata K283 i G major.mid by Mozart.csv,1775,Cmaj5-1tet,BC-AG,darkviolet,12
41,43.0 to 43.75,10,"[0, 0, 1, 0, 1, 1, 0, 1, 0, 0, 0, 0]",cMajor,Piano Sonata K283 i G major.mid by Mozart.csv,1775,Cmaj2-5tet,DEFG,violet,6
42,44.0 to 44.75,15,"[2, 0, 1, 0, 1, 1, 0, 0, 0, 1, 0, 0]",fMajor,Piano Sonata K283 i G major.mid by Mozart.csv,1775,Cmaj1-4tet,C-DEF,blue,3
43,45.0 to 45.75,16,"[0, 0, 0, 0, 0, 1, 0, 1, 0, 1, 0, 1]",fMajor,Piano Sonata K283 i G major.mid by Mozart.csv,1775,chr,FGAB,mediumpurple,10
44,46.0 to 46.75,17,"[2, 0, 0, 0, 1, 0, 0, 2, 0, 0, 0, 0]",cMajor,Piano Sonata K283 i G major.mid by Mozart.csv,1775,CmajTriad,CEG,blueviolet,5
45,47.0 to 47.75,2,"[0, 0, 1, 0, 0, 2, 0, 1, 0, 0, 0, 1]",gMajor,Piano Sonata K283 i G major.mid by Mozart.csv,1775,2/4ofCmaj,DF,green,4
46,48.0 to 48.0,8,"[2, 0, 0, 0, 1, 0, 0, 0, 0, 0, 0, 0]",cMajor,Piano Sonata K283 i G major.mid by Mozart.csv,1775,Cmaj-root,C-EG,slateblue,2
47,49.5 to 49.75,8,"[3, 0, 0, 0, 1, 0, 0, 0, 0, 0, 0, 0]",cMajor,Piano Sonata K283 i G major.mid by Mozart.csv,1775,Cmaj-root,C-EG,slateblue,2
48,50.0 to 50.75,10,"[0, 0, 3, 0, 3, 1, 0, 1, 0, 0, 0, 0]",cMajor,Piano Sonata K283 i G major.mid by Mozart.csv,1775,Cmaj2-5tet,DEFG,violet,6
49,51.0 to 51.0,19,"[0, 0, 0, 0, 0, 3, 0, 0, 0, 0, 0, 0]",c#Major,Piano Sonata K283 i G major.mid by Mozart.csv,1775,4ofC,F-AC,cyan,1
50,52.5 to 52.875,2,"[0, 0, 3, 0, 0, 1, 0, 0, 0, 0, 0, 0]",b-Major,Piano Sonata K283 i G major.mid by Mozart.csv,1775,2/4ofCmaj,DF,green,4
51,53.0 to 53.875,19,"[0, 0, 0, 0, 3, 3, 0, 1, 0, 1, 0, 0]",fMinor,Piano Sonata K283 i G major.mid by Mozart.csv,1775,4ofC,F-AC,cyan,1
52,54.0 to 54.0,3,"[0, 0, 0, 0, 0, 0, 0, 3, 0, 0, 0, 0]",cMajor,Piano Sonata K283 i G major.mid by Mozart.csv,1775,Gmaj-root,G-BD,red,9
53,55.5 to 55.75,14,"[0, 0, 0, 0, 3, 0, 0, 1, 0, 0, 0, 0]",cMajor,Piano Sonata K283 i G major.mid by Mozart.csv,1775,VofAmin,E-BCD,indigo,19
54,56.0 to 56.75,19,"[0, 0, 0, 0, 0, 3, 0, 3, 0, 1, 1, 0]",e-Major,Piano Sonata K283 i G major.mid by Mozart.csv,1775,4ofC,F-AC,cyan,1
55,57.0 to 57.75,3,"[0, 0, 0, 0, 0, 0, 0, 3, 0, 3, 1, 0]",e-Major,Piano Sonata K283 i G major.mid by Mozart.csv,1775,Gmaj-root,G-BD,red,9
56,58.0 to 58.75,19,"[0, 0, 0, 0, 0, 3, 0, 3, 0, 1, 1, 0]",e-Major,Piano Sonata K283 i G major.mid by Mozart.csv,1775,4ofC,F-AC,cyan,1
57,59.0 to 59.75,13,"[1, 0, 1, 0, 0, 0, 0, 0, 0, 3, 0, 3]",gMajor,Piano Sonata K283 i G major.mid by Mozart.csv,1775,Cmaj5-1tet,BC-AG,darkviolet,12
58,60.0 to 60.75,18,"[3, 0, 1, 0, 0, 0, 0, 0, 0, 0, 0, 3]",gMajor,Piano Sonata K283 i G major.mid by Mozart.csv,1775,V-IofC,D-GBC,crimson,11
59,61.0 to 61.75,13,"[1, 0, 1, 0, 0, 0, 0, 0, 0, 3, 0, 3]",gMajor,Piano Sonata K283 i G major.mid by Mozart.csv,1775,Cmaj5-1tet,BC-AG,darkviolet,12
60,62.0 to 62.75,15,"[3, 0, 3, 0, 1, 1, 0, 0, 0, 0, 0, 0]",cMajor,Piano Sonata K283 i G major.mid by Mozart.csv,1775,Cmaj1-4tet,C-DEF,blue,3
61,63.0 to 63.75,10,"[0, 0, 3, 0, 3, 1, 0, 0, 0, 0, 0, 0]",b-Major,Piano Sonata K283 i G major.mid by Mozart.csv,1775,Cmaj2-5tet,DEFG,violet,6
62,64.0 to 64.75,15,"[3, 0, 3, 0, 1, 1, 0, 0, 0, 0, 0, 0]",cMajor,Piano Sonata K283 i G major.mid by Mozart.csv,1775,Cmaj1-4tet,C-DEF,blue,3
63,65.0 to 65.75,1,"[0, 0, 0, 0, 3, 0, 3, 1, 0, 1, 0, 0]",cMajor,Piano Sonata K283 i G major.mid by Mozart.csv,1775,Gmaj-IV/vii,F#G-ACE,salmon,16
64,66.0 to 66.0,3,"[0, 0, 0, 0, 0, 0, 0, 3, 0, 0, 0, 0]",cMajor,Piano Sonata K283 i G major.mid by Mozart.csv,1775,Gmaj-root,G-BD,red,9
65,67.0 to 67.0,3,"[0, 0, 0, 0, 0, 0, 0, 3, 0, 0, 0, 0]",cMajor,Piano Sonata K283 i G major.mid by Mozart.csv,1775,Gmaj-root,G-BD,red,9
66,69.0 to 69.5,5,"[0, 0, 2, 0, 0, 0, 0, 0, 0, 0, 0, 1]",gMajor,Piano Sonata K283 i G major.mid by Mozart.csv,1775,Gmaj3rd5th,BD-G,gold,17
67,70.0 to 70.5,0,"[1, 0, 2, 0, 0, 0, 0, 0, 0, 1, 0, 0]",dMajor,Piano Sonata K283 i G major.mid by Mozart.csv,1775,VofG,D-F#A,greenyellow,15
68,71.0 to 71.5,18,"[1, 0, 1, 0, 0, 0, 0, 1, 0, 0, 0, 1]",gMajor,Piano Sonata K283 i G major.mid by Mozart.csv,1775,V-IofC,D-GBC,crimson,11
69,72.0 to 72.5,7,"[0, 0, 1, 0, 0, 0, 1, 0, 0, 1, 0, 1]",dMajor,Piano Sonata K283 i G major.mid by Mozart.csv,1775,V7ofG,DF#AC,lime,18
70,73.0 to 73.5,10,"[0, 0, 1, 0, 1, 0, 0, 1, 0, 1, 0, 0]",dMajor,Piano Sonata K283 i G major.mid by Mozart.csv,1775,Cmaj2-5tet,DEFG,violet,6
71,74.0 to 74.5,0,"[0, 0, 2, 0, 0, 0, 1, 1, 0, 0, 0, 0]",dMajor,Piano Sonata K283 i G major.mid by Mozart.csv,1775,VofG,D-F#A,greenyellow,15
72,75.0 to 75.75,10,"[0, 0, 1, 0, 1, 0, 0, 1, 0, 1, 0, 0]",dMajor,Piano Sonata K283 i G major.mid by Mozart.csv,1775,Cmaj2-5tet,DEFG,violet,6
73,76.0 to 76.75,7,"[0, 0, 1, 0, 0, 0, 1, 0, 0, 1, 0, 1]",dMajor,Piano Sonata K283 i G major.mid by Mozart.csv,1775,V7ofG,DF#AC,lime,18
74,77.0 to 77.875,18,"[1, 0, 1, 0, 0, 0, 0, 1, 0, 0, 0, 1]",gMajor,Piano Sonata K283 i G major.mid by Mozart.csv,1775,V-IofC,D-GBC,crimson,11
75,78.0 to 78.83333333,0,"[1, 0, 2, 0, 0, 0, 0, 0, 0, 1, 0, 0]",dMajor,Piano Sonata K283 i G major.mid by Mozart.csv,1775,VofG,D-F#A,greenyellow,15
76,79.0 to 79.75,0,"[0, 0, 1, 0, 0, 0, 1, 0, 0, 1, 0, 0]",dMajor,Piano Sonata K283 i G major.mid by Mozart.csv,1775,VofG,D-F#A,greenyellow,15
77,80.0 to 80.5,0,"[0, 0, 2, 0, 0, 0, 0, 0, 0, 0, 0, 0]",dMajor,Piano Sonata K283 i G major.mid by Mozart.csv,1775,VofG,D-F#A,greenyellow,15
78,81.0 to 81.75,5,"[0, 0, 2, 0, 1, 0, 0, 0, 0, 0, 0, 1]",gMajor,Piano Sonata K283 i G major.mid by Mozart.csv,1775,Gmaj3rd5th,BD-G,gold,17
79,82.0 to 82.75,0,"[1, 0, 2, 0, 0, 0, 0, 0, 0, 1, 0, 0]",dMajor,Piano Sonata K283 i G major.mid by Mozart.csv,1775,VofG,D-F#A,greenyellow,15
80,83.0 to 83.75,18,"[1, 0, 1, 0, 0, 0, 0, 1, 0, 0, 0, 1]",gMajor,Piano Sonata K283 i G major.mid by Mozart.csv,1775,V-IofC,D-GBC,crimson,11
81,84.0 to 84.75,7,"[0, 0, 1, 0, 0, 0, 1, 0, 0, 1, 0, 1]",dMajor,Piano Sonata K283 i G major.mid by Mozart.csv,1775,V7ofG,DF#AC,lime,18
82,85.0 to 85.75,10,"[0, 0, 1, 0, 1, 0, 0, 1, 0, 1, 0, 0]",dMajor,Piano Sonata K283 i G major.mid by Mozart.csv,1775,Cmaj2-5tet,DEFG,violet,6
83,86.0 to 86.75,0,"[0, 0, 2, 0, 0, 0, 1, 0, 0, 1, 0, 0]",dMajor,Piano Sonata K283 i G major.mid by Mozart.csv,1775,VofG,D-F#A,greenyellow,15
84,87.0 to 87.75,5,"[0, 0, 1, 0, 1, 0, 0, 1, 0, 1, 0, 1]",gMajor,Piano Sonata K283 i G major.mid by Mozart.csv,1775,Gmaj3rd5th,BD-G,gold,17
85,88.0 to 88.75,7,"[1, 0, 1, 0, 0, 0, 1, 0, 0, 1, 0, 1]",dMajor,Piano Sonata K283 i G major.mid by Mozart.csv,1775,V7ofG,DF#AC,lime,18
86,89.0 to 89.75,18,"[1, 0, 2, 0, 0, 0, 0, 1, 0, 0, 0, 1]",gMajor,Piano Sonata K283 i G major.mid by Mozart.csv,1775,V-IofC,D-GBC,crimson,11
87,90.0 to 90.75,0,"[1, 0, 2, 0, 0, 0, 0, 0, 0, 1, 0, 0]",dMajor,Piano Sonata K283 i G major.mid by Mozart.csv,1775,VofG,D-F#A,greenyellow,15
88,91.0 to 91.75,0,"[0, 0, 1, 0, 0, 0, 1, 0, 0, 1, 0, 0]",dMajor,Piano Sonata K283 i G major.mid by Mozart.csv,1775,VofG,D-F#A,greenyellow,15
89,92.0 to 92.75,13,"[1, 0, 1, 0, 0, 0, 0, 0, 0, 1, 0, 1]",gMajor,Piano Sonata K283 i G major.mid by Mozart.csv,1775,Cmaj5-1tet,BC-AG,darkviolet,12
90,93.0 to 93.5,3,"[0, 0, 0, 0, 0, 0, 0, 2, 0, 0, 0, 0]",cMajor,Piano Sonata K283 i G major.mid by Mozart.csv,1775,Gmaj-root,G-BD,red,9
91,94.0 to 94.5,1,"[0, 0, 0, 0, 0, 0, 1, 1, 0, 0, 0, 0]",cMajor,Piano Sonata K283 i G major.mid by Mozart.csv,1775,Gmaj-IV/vii,F#G-ACE,salmon,16
92,95.0 to 95.5,3,"[1, 0, 0, 0, 0, 0, 1, 2, 0, 1, 0, 1]",cMajor,Piano Sonata K283 i G major.mid by Mozart.csv,1775,Gmaj-root,G-BD,red,9
93,96.0 to 96.5,3,"[0, 0, 0, 0, 0, 0, 0, 2, 0, 0, 0, 0]",cMajor,Piano Sonata K283 i G major.mid by Mozart.csv,1775,Gmaj-root,G-BD,red,9
94,97.0 to 97.5,1,"[0, 0, 0, 0, 0, 0, 1, 1, 0, 0, 0, 0]",cMajor,Piano Sonata K283 i G major.mid by Mozart.csv,1775,Gmaj-IV/vii,F#G-ACE,salmon,16
95,98.0 to 98.5,18,"[1, 0, 1, 0, 1, 0, 1, 1, 0, 0, 0, 1]",cMajor,Piano Sonata K283 i G major.mid by Mozart.csv,1775,V-IofC,D-GBC,crimson,11
96,99.0 to 99.5,3,"[0, 0, 0, 0, 0, 0, 0, 2, 0, 0, 0, 0]",cMajor,Piano Sonata K283 i G major.mid by Mozart.csv,1775,Gmaj-root,G-BD,red,9
97,100.0 to 100.5,1,"[0, 0, 0, 0, 0, 0, 1, 1, 0, 0, 0, 0]",cMajor,Piano Sonata K283 i G major.mid by Mozart.csv,1775,Gmaj-IV/vii,F#G-ACE,salmon,16
98,101.0 to 101.5,0,"[0, 1, 2, 0, 1, 0, 1, 1, 0, 0, 0, 0]",dMajor,Piano Sonata K283 i G major.mid by Mozart.csv,1775,VofG,D-F#A,greenyellow,15
99,102.0 to 102.5,15,"[2, 0, 1, 0, 1, 1, 0, 0, 0, 0, 0, 1]",cMajor,Piano Sonata K283 i G major.mid by Mozart.csv,1775,Cmaj1-4tet,C-DEF,blue,3
100,103.0 to 103.5,11,"[0, 1, 1, 0, 0, 0, 1, 1, 0, 1, 1, 0]",dMajor,Piano Sonata K283 i G major.mid by Mozart.csv,1775,iv_ofDmin,GBb-C#D,yellow,0
101,104.0 to 104.5,4,"[1, 0, 0, 0, 1, 1, 0, 1, 1, 0, 0, 1]",cMajor,Piano Sonata K283 i G major.mid by Mozart.csv,1775,Cmaj3rd5th,EG-C,mediumvioletred,8
102,105.0 to 105.75,7,"[1, 0, 2, 0, 0, 0, 1, 0, 0, 1, 0, 0]",dMajor,Piano Sonata K283 i G major.mid by Mozart.csv,1775,V7ofG,DF#AC,lime,18
103,106.0 to 106.75,14,"[0, 1, 1, 0, 1, 0, 0, 0, 0, 0, 0, 0]",aMajor,Piano Sonata K283 i G major.mid by Mozart.csv,1775,VofAmin,E-BCD,indigo,19
104,107.0 to 107.75,7,"[2, 0, 2, 0, 0, 0, 1, 0, 0, 2, 0, 0]",dMajor,Piano Sonata K283 i G major.mid by Mozart.csv,1775,V7ofG,DF#AC,lime,18
105,108.0 to 108.75,6,"[0, 0, 3, 0, 0, 0, 0, 2, 0, 0, 0, 2]",gMajor,Piano Sonata K283 i G major.mid by Mozart.csv,1775,GmajTriad,GBD,orange,13
106,109.0 to 109.75,14,"[0, 1, 1, 0, 1, 0, 0, 0, 0, 0, 0, 0]",aMajor,Piano Sonata K283 i G major.mid by Mozart.csv,1775,VofAmin,E-BCD,indigo,19
107,110.0 to 110.75,6,"[0, 0, 3, 0, 0, 0, 0, 2, 0, 0, 0, 2]",gMajor,Piano Sonata K283 i G major.mid by Mozart.csv,1775,GmajTriad,GBD,orange,13
108,111.0 to 111.75,12,"[2, 0, 0, 0, 3, 0, 0, 0, 0, 2, 0, 0]",cMinor,Piano Sonata K283 i G major.mid by Mozart.csv,1775,AminTriad,ACE,steelblue,14
109,112.0 to 112.75,18,"[1, 0, 2, 0, 1, 0, 0, 1, 0, 0, 0, 2]",gMajor,Piano Sonata K283 i G major.mid by Mozart.csv,1775,V-IofC,D-GBC,crimson,11
110,113.0 to 113.75,7,"[1, 0, 1, 0, 0, 0, 1, 1, 0, 2, 0, 1]",dMajor,Piano Sonata K283 i G major.mid by Mozart.csv,1775,V7ofG,DF#AC,lime,18
111,114.0 to 114.5,3,"[0, 0, 0, 0, 0, 0, 0, 2, 0, 0, 0, 1]",gMajor,Piano Sonata K283 i G major.mid by Mozart.csv,1775,Gmaj-root,G-BD,red,9
112,115.0 to 115.5,1,"[0, 0, 0, 0, 0, 0, 1, 1, 0, 0, 0, 0]",cMajor,Piano Sonata K283 i G major.mid by Mozart.csv,1775,Gmaj-IV/vii,F#G-ACE,salmon,16
113,116.0 to 116.5,0,"[0, 1, 2, 0, 1, 0, 1, 1, 0, 0, 0, 0]",dMajor,Piano Sonata K283 i G major.mid by Mozart.csv,1775,VofG,D-F#A,greenyellow,15
114,117.0 to 117.5,15,"[2, 0, 1, 0, 1, 1, 0, 0, 0, 0, 0, 1]",cMajor,Piano Sonata K283 i G major.mid by Mozart.csv,1775,Cmaj1-4tet,C-DEF,blue,3
115,118.0 to 118.5,11,"[0, 1, 1, 0, 0, 0, 1, 1, 0, 1, 1, 0]",dMajor,Piano Sonata K283 i G major.mid by Mozart.csv,1775,iv_ofDmin,GBb-C#D,yellow,0
116,119.0 to 119.5,4,"[1, 0, 0, 0, 1, 1, 0, 1, 1, 0, 0, 1]",cMajor,Piano Sonata K283 i G major.mid by Mozart.csv,1775,Cmaj3rd5th,EG-C,mediumvioletred,8
117,120.0 to 120.75,7,"[1, 0, 2, 0, 0, 0, 1, 0, 0, 1, 0, 0]",dMajor,Piano Sonata K283 i G major.mid by Mozart.csv,1775,V7ofG,DF#AC,lime,18
118,121.0 to 121.75,0,"[0, 1, 2, 0, 1, 0, 1, 0, 0, 1, 0, 0]",dMajor,Piano Sonata K283 i G major.mid by Mozart.csv,1775,VofG,D-F#A,greenyellow,15
119,122.0 to 122.875,7,"[2, 0, 2, 0, 0, 0, 1, 0, 0, 2, 0, 0]",dMajor,Piano Sonata K283 i G major.mid by Mozart.csv,1775,V7ofG,DF#AC,lime,18
120,123.0 to 123.75,6,"[0, 0, 3, 0, 0, 0, 0, 2, 0, 0, 0, 2]",gMajor,Piano Sonata K283 i G major.mid by Mozart.csv,1775,GmajTriad,GBD,orange,13
121,124.0 to 124.75,5,"[0, 1, 2, 0, 1, 0, 0, 1, 0, 0, 0, 1]",gMajor,Piano Sonata K283 i G major.mid by Mozart.csv,1775,Gmaj3rd5th,BD-G,gold,17
122,125.0 to 125.875,6,"[0, 0, 3, 0, 0, 0, 0, 2, 0, 0, 0, 2]",gMajor,Piano Sonata K283 i G major.mid by Mozart.csv,1775,GmajTriad,GBD,orange,13
123,126.0 to 126.875,12,"[2, 0, 0, 0, 3, 0, 0, 0, 0, 2, 0, 0]",cMinor,Piano Sonata K283 i G major.mid by Mozart.csv,1775,AminTriad,ACE,steelblue,14
124,127.0 to 127.75,18,"[1, 0, 2, 0, 1, 0, 0, 1, 0, 0, 0, 2]",gMajor,Piano Sonata K283 i G major.mid by Mozart.csv,1775,V-IofC,D-GBC,crimson,11
125,128.0 to 128.75,7,"[1, 0, 1, 0, 0, 0, 1, 1, 0, 2, 0, 1]",dMajor,Piano Sonata K283 i G major.mid by Mozart.csv,1775,V7ofG,DF#AC,lime,18
126,129.0 to 129.75,3,"[0, 0, 0, 0, 0, 0, 0, 2, 0, 0, 0, 2]",gMajor,Piano Sonata K283 i G major.mid by Mozart.csv,1775,Gmaj-root,G-BD,red,9
127,130.0 to 130.75,7,"[1, 0, 2, 0, 0, 0, 1, 0, 0, 1, 0, 1]",dMajor,Piano Sonata K283 i G major.mid by Mozart.csv,1775,V7ofG,DF#AC,lime,18
128,131.0 to 131.875,7,"[1, 0, 1, 0, 1, 0, 1, 1, 0, 1, 0, 1]",gMajor,Piano Sonata K283 i G major.mid by Mozart.csv,1775,V7ofG,DF#AC,lime,18
129,132.0 to 132.75,3,"[0, 0, 0, 0, 0, 0, 0, 2, 0, 0, 0, 1]",gMajor,Piano Sonata K283 i G major.mid by Mozart.csv,1775,Gmaj-root,G-BD,red,9
130,133.0 to 133.75,7,"[1, 0, 2, 0, 0, 0, 1, 0, 0, 1, 0, 1]",dMajor,Piano Sonata K283 i G major.mid by Mozart.csv,1775,V7ofG,DF#AC,lime,18
131,134.0 to 134.875,7,"[1, 0, 1, 0, 1, 0, 1, 1, 0, 1, 0, 1]",gMajor,Piano Sonata K283 i G major.mid by Mozart.csv,1775,V7ofG,DF#AC,lime,18
132,135.0 to 135.5,4,"[0, 0, 0, 0, 1, 0, 0, 1, 0, 0, 0, 1]",gMinor,Piano Sonata K283 i G major.mid by Mozart.csv,1775,Cmaj3rd5th,EG-C,mediumvioletred,8
133,136.0 to 136.5,0,"[0, 0, 1, 0, 1, 0, 1, 0, 0, 1, 0, 0]",dMajor,Piano Sonata K283 i G major.mid by Mozart.csv,1775,VofG,D-F#A,greenyellow,15
134,137.0 to 137.5,4,"[1, 0, 1, 0, 1, 0, 0, 1, 0, 0, 0, 0]",cMajor,Piano Sonata K283 i G major.mid by Mozart.csv,1775,Cmaj3rd5th,EG-C,mediumvioletred,8
135,138.0 to 138.5,18,"[1, 0, 1, 0, 0, 0, 1, 0, 0, 0, 0, 1]",dMinor,Piano Sonata K283 i G major.mid by Mozart.csv,1775,V-IofC,D-GBC,crimson,11
136,139.0 to 139.5,12,"[1, 0, 0, 0, 1, 0, 0, 0, 0, 1, 0, 1]",cMinor,Piano Sonata K283 i G major.mid by Mozart.csv,1775,AminTriad,ACE,steelblue,14
137,140.0 to 140.5,5,"[0, 0, 1, 0, 0, 0, 0, 1, 0, 1, 0, 1]",gMajor,Piano Sonata K283 i G major.mid by Mozart.csv,1775,Gmaj3rd5th,BD-G,gold,17
138,141.0 to 141.75,12,"[1, 0, 0, 0, 1, 0, 0, 0, 1, 1, 0, 0]",cMinor,Piano Sonata K283 i G major.mid by Mozart.csv,1775,AminTriad,ACE,steelblue,14
139,142.0 to 142.625,12,"[1, 0, 0, 0, 1, 0, 0, 0, 0, 1, 0, 0]",cMinor,Piano Sonata K283 i G major.mid by Mozart.csv,1775,AminTriad,ACE,steelblue,14
140,143.0 to 143.75,7,"[1, 0, 1, 0, 0, 0, 1, 0, 0, 2, 0, 0]",dMajor,Piano Sonata K283 i G major.mid by Mozart.csv,1775,V7ofG,DF#AC,lime,18
141,144.0 to 144.75,16,"[0, 1, 0, 1, 1, 0, 0, 1, 0, 0, 0, 1]",gMinor,Piano Sonata K283 i G major.mid by Mozart.csv,1775,chr,FGAB,mediumpurple,10
142,145.0 to 145.75,0,"[0, 1, 1, 0, 1, 0, 1, 0, 0, 1, 0, 0]",aMajor,Piano Sonata K283 i G major.mid by Mozart.csv,1775,VofG,D-F#A,greenyellow,15
143,146.0 to 146.75,13,"[1, 0, 0, 0, 1, 0, 0, 1, 0, 1, 0, 1]",cMajor,Piano Sonata K283 i G major.mid by Mozart.csv,1775,Cmaj5-1tet,BC-AG,darkviolet,12
144,147.0 to 147.75,18,"[1, 0, 1, 0, 0, 0, 1, 0, 0, 0, 1, 1]",dMinor,Piano Sonata K283 i G major.mid by Mozart.csv,1775,V-IofC,D-GBC,crimson,11
145,148.0 to 148.75,12,"[1, 0, 0, 0, 1, 0, 1, 0, 1, 1, 0, 0]",cMinor,Piano Sonata K283 i G major.mid by Mozart.csv,1775,AminTriad,ACE,steelblue,14
146,149.0 to 149.75,5,"[0, 0, 1, 0, 0, 0, 1, 1, 0, 1, 0, 1]",dMajor,Piano Sonata K283 i G major.mid by Mozart.csv,1775,Gmaj3rd5th,BD-G,gold,17
147,150.0 to 150.75,12,"[2, 0, 0, 0, 1, 0, 0, 0, 0, 1, 0, 0]",cMinor,Piano Sonata K283 i G major.mid by Mozart.csv,1775,AminTriad,ACE,steelblue,14
148,151.0 to 151.75,5,"[0, 0, 2, 0, 0, 0, 0, 1, 0, 0, 0, 1]",gMajor,Piano Sonata K283 i G major.mid by Mozart.csv,1775,Gmaj3rd5th,BD-G,gold,17
149,152.0 to 152.75,7,"[1, 0, 1, 0, 0, 0, 1, 0, 0, 1, 0, 0]",dMajor,Piano Sonata K283 i G major.mid by Mozart.csv,1775,V7ofG,DF#AC,lime,18
150,153.0 to 153.75,3,"[0, 0, 0, 0, 0, 0, 1, 3, 0, 0, 0, 0]",e-Major,Piano Sonata K283 i G major.mid by Mozart.csv,1775,Gmaj-root,G-BD,red,9
151,154.0 to 154.75,3,"[0, 0, 1, 0, 0, 1, 1, 2, 0, 0, 0, 1]",gMajor,Piano Sonata K283 i G major.mid by Mozart.csv,1775,Gmaj-root,G-BD,red,9
152,155.0 to 155.75,1,"[1, 0, 0, 0, 1, 0, 2, 2, 0, 1, 0, 0]",cMajor,Piano Sonata K283 i G major.mid by Mozart.csv,1775,Gmaj-IV/vii,F#G-ACE,salmon,16
153,156.0 to 156.75,3,"[0, 0, 1, 0, 0, 0, 1, 3, 0, 0, 0, 1]",gMajor,Piano Sonata K283 i G major.mid by Mozart.csv,1775,Gmaj-root,G-BD,red,9
154,157.0 to 157.75,3,"[0, 0, 1, 0, 0, 1, 1, 2, 0, 0, 0, 1]",gMajor,Piano Sonata K283 i G major.mid by Mozart.csv,1775,Gmaj-root,G-BD,red,9
155,158.0 to 158.75,1,"[1, 0, 0, 0, 1, 0, 2, 2, 0, 1, 0, 0]",cMajor,Piano Sonata K283 i G major.mid by Mozart.csv,1775,Gmaj-IV/vii,F#G-ACE,salmon,16
156,159.0 to 159.0,3,"[0, 0, 1, 0, 0, 0, 0, 2, 0, 0, 0, 1]",gMajor,Piano Sonata K283 i G major.mid by Mozart.csv,1775,Gmaj-root,G-BD,red,9
157,161.75 to 161.75,16,"[0, 1, 0, 0, 0, 0, 0, 0, 0, 0, 0, 0]",c#Major,Piano Sonata K283 i G major.mid by Mozart.csv,1775,chr,FGAB,mediumpurple,10
158,162.0 to 162.0,0,"[0, 0, 1, 0, 0, 0, 0, 0, 0, 0, 0, 0]",dMajor,Piano Sonata K283 i G major.mid by Mozart.csv,1775,VofG,D-F#A,greenyellow,15
159,163.0 to 163.0,16,"[0, 0, 0, 0, 0, 0, 0, 1, 0, 0, 0, 1]",gMajor,Piano Sonata K283 i G major.mid by Mozart.csv,1775,chr,FGAB,mediumpurple,10
160,164.0 to 164.0,16,"[0, 0, 0, 0, 0, 0, 0, 1, 0, 0, 0, 1]",gMajor,Piano Sonata K283 i G major.mid by Mozart.csv,1775,chr,FGAB,mediumpurple,10
161,165.0 to 165.75,13,"[1, 0, 0, 0, 0, 0, 0, 1, 0, 1, 0, 1]",fMajor,Piano Sonata K283 i G major.mid by Mozart.csv,1775,Cmaj5-1tet,BC-AG,darkviolet,12
162,166.0 to 166.5,9,"[1, 0, 0, 0, 0, 0, 1, 0, 0, 1, 0, 0]",dMajor,Piano Sonata K283 i G major.mid by Mozart.csv,1775,6-1ofC,A-CF,deepskyblue,7
163,167.0 to 167.75,1,"[1, 0, 0, 0, 0, 0, 1, 1, 0, 1, 0, 0]",cMajor,Piano Sonata K283 i G major.mid by Mozart.csv,1775,Gmaj-IV/vii,F#G-ACE,salmon,16
164,168.0 to 168.0,16,"[0, 0, 0, 0, 0, 0, 0, 1, 0, 0, 0, 0]",cMajor,Piano Sonata K283 i G major.mid by Mozart.csv,1775,chr,FGAB,mediumpurple,10
165,169.0 to 169.0,5,"[0, 0, 1, 0, 0, 0, 0, 0, 0, 0, 0, 1]",gMajor,Piano Sonata K283 i G major.mid by Mozart.csv,1775,Gmaj3rd5th,BD-G,gold,17
166,170.0 to 170.0,5,"[0, 0, 1, 0, 0, 0, 0, 0, 0, 0, 0, 1]",gMajor,Piano Sonata K283 i G major.mid by Mozart.csv,1775,Gmaj3rd5th,BD-G,gold,17
167,171.0 to 171.0,16,"[0, 0, 0, 0, 0, 0, 0, 0, 0, 1, 0, 0]",dMajor,Piano Sonata K283 i G major.mid by Mozart.csv,1775,chr,FGAB,mediumpurple,10
168,172.0 to 172.75,12,"[2, 0, 0, 0, 1, 0, 0, 0, 0, 1, 0, 1]",cMinor,Piano Sonata K283 i G major.mid by Mozart.csv,1775,AminTriad,ACE,steelblue,14
169,173.0 to 173.75,7,"[1, 0, 2, 0, 0, 0, 1, 0, 0, 1, 0, 1]",dMajor,Piano Sonata K283 i G major.mid by Mozart.csv,1775,V7ofG,DF#AC,lime,18
170,174.0 to 174.75,0,"[0, 1, 1, 0, 0, 0, 0, 0, 0, 0, 0, 0]",c#Major,Piano Sonata K283 i G major.mid by Mozart.csv,1775,VofG,D-F#A,greenyellow,15
171,175.0 to 175.5,5,"[0, 0, 1, 0, 1, 0, 0, 1, 0, 0, 0, 1]",gMajor,Piano Sonata K283 i G major.mid by Mozart.csv,1775,Gmaj3rd5th,BD-G,gold,17
172,176.0 to 176.0,16,"[0, 0, 0, 0, 0, 0, 0, 1, 0, 0, 0, 1]",gMajor,Piano Sonata K283 i G major.mid by Mozart.csv,1775,chr,FGAB,mediumpurple,10
173,177.0 to 177.75,13,"[1, 0, 1, 0, 0, 0, 0, 0, 0, 1, 0, 1]",gMajor,Piano Sonata K283 i G major.mid by Mozart.csv,1775,Cmaj5-1tet,BC-AG,darkviolet,12
174,178.0 to 178.375,9,"[1, 0, 0, 0, 0, 0, 0, 1, 0, 1, 0, 0]",cMajor,Piano Sonata K283 i G major.mid by Mozart.csv,1775,6-1ofC,A-CF,deepskyblue,7
175,179.0 to 179.0,9,"[1, 0, 0, 0, 0, 0, 1, 0, 0, 1, 0, 0]",dMajor,Piano Sonata K283 i G major.mid by Mozart.csv,1775,6-1ofC,A-CF,deepskyblue,7
176,180.0 to 180.75,1,"[0, 0, 0, 0, 0, 0, 1, 1, 0, 0, 0, 0]",cMajor,Piano Sonata K283 i G major.mid by Mozart.csv,1775,Gmaj-IV/vii,F#G-ACE,salmon,16
177,181.0 to 181.5,5,"[0, 0, 1, 0, 0, 0, 0, 1, 0, 1, 0, 1]",gMajor,Piano Sonata K283 i G major.mid by Mozart.csv,1775,Gmaj3rd5th,BD-G,gold,17
178,182.0 to 182.75,5,"[0, 0, 1, 0, 0, 0, 0, 1, 0, 0, 0, 1]",gMajor,Piano Sonata K283 i G major.mid by Mozart.csv,1775,Gmaj3rd5th,BD-G,gold,17
179,183.0 to 183.0,16,"[0, 0, 0, 0, 0, 0, 0, 0, 0, 1, 0, 0]",dMajor,Piano Sonata K283 i G major.mid by Mozart.csv,1775,chr,FGAB,mediumpurple,10
180,184.0 to 184.75,12,"[1, 0, 0, 0, 1, 0, 0, 0, 1, 1, 0, 1]",cMinor,Piano Sonata K283 i G major.mid by Mozart.csv,1775,AminTriad,ACE,steelblue,14
181,185.0 to 185.75,7,"[1, 0, 2, 0, 0, 0, 1, 0, 0, 1, 0, 1]",dMajor,Piano Sonata K283 i G major.mid by Mozart.csv,1775,V7ofG,DF#AC,lime,18
182,186.0 to 186.5,3,"[0, 0, 0, 0, 0, 0, 0, 3, 0, 0, 0, 0]",cMajor,Piano Sonata K283 i G major.mid by Mozart.csv,1775,Gmaj-root,G-BD,red,9
183,187.0 to 187.875,1,"[0, 0, 0, 0, 0, 0, 1, 2, 0, 1, 0, 0]",dMajor,Piano Sonata K283 i G major.mid by Mozart.csv,1775,Gmaj-IV/vii,F#G-ACE,salmon,16
184,188.0 to 188.5,3,"[0, 0, 0, 0, 0, 0, 0, 2, 0, 0, 0, 0]",cMajor,Piano Sonata K283 i G major.mid by Mozart.csv,1775,Gmaj-root,G-BD,red,9
185,189.0 to 189.5,18,"[1, 0, 1, 0, 1, 0, 0, 1, 0, 0, 0, 1]",cMajor,Piano Sonata K283 i G major.mid by Mozart.csv,1775,V-IofC,D-GBC,crimson,11
186,190.0 to 190.5,3,"[1, 0, 0, 0, 0, 0, 0, 2, 0, 1, 0, 1]",gMajor,Piano Sonata K283 i G major.mid by Mozart.csv,1775,Gmaj-root,G-BD,red,9
187,191.0 to 191.5,10,"[0, 0, 0, 0, 1, 1, 0, 2, 0, 1, 0, 0]",cMajor,Piano Sonata K283 i G major.mid by Mozart.csv,1775,Cmaj2-5tet,DEFG,violet,6
188,192.0 to 192.75,3,"[0, 0, 1, 0, 0, 1, 0, 2, 0, 0, 0, 0]",gMajor,Piano Sonata K283 i G major.mid by Mozart.csv,1775,Gmaj-root,G-BD,red,9
189,193.0 to 193.875,10,"[0, 0, 0, 0, 1, 1, 0, 2, 0, 0, 0, 0]",gMinor,Piano Sonata K283 i G major.mid by Mozart.csv,1775,Cmaj2-5tet,DEFG,violet,6
190,194.0 to 194.5,16,"[0, 0, 0, 0, 0, 1, 0, 1, 0, 0, 0, 0]",cMajor,Piano Sonata K283 i G major.mid by Mozart.csv,1775,chr,FGAB,mediumpurple,10
191,195.0 to 195.5,13,"[1, 0, 1, 0, 0, 0, 0, 1, 0, 1, 0, 1]",gMajor,Piano Sonata K283 i G major.mid by Mozart.csv,1775,Cmaj5-1tet,BC-AG,darkviolet,12
192,196.0 to 196.5,3,"[0, 0, 0, 0, 0, 1, 0, 2, 0, 1, 0, 1]",gMajor,Piano Sonata K283 i G major.mid by Mozart.csv,1775,Gmaj-root,G-BD,red,9
193,197.0 to 197.5,10,"[0, 0, 1, 0, 1, 1, 0, 2, 0, 0, 0, 0]",cMajor,Piano Sonata K283 i G major.mid by Mozart.csv,1775,Cmaj2-5tet,DEFG,violet,6
194,198.0 to 198.75,4,"[1, 0, 0, 0, 1, 0, 0, 2, 0, 0, 0, 0]",cMajor,Piano Sonata K283 i G major.mid by Mozart.csv,1775,Cmaj3rd5th,EG-C,mediumvioletred,8
195,199.0 to 199.875,10,"[0, 0, 1, 0, 1, 1, 0, 1, 0, 0, 0, 0]",cMajor,Piano Sonata K283 i G major.mid by Mozart.csv,1775,Cmaj2-5tet,DEFG,violet,6
196,200.0 to 200.5,4,"[0, 0, 0, 0, 1, 0, 0, 1, 0, 0, 0, 0]",cMajor,Piano Sonata K283 i G major.mid by Mozart.csv,1775,Cmaj3rd5th,EG-C,mediumvioletred,8
197,201.0 to 201.5,18,"[1, 0, 1, 0, 1, 0, 0, 1, 0, 0, 0, 1]",cMajor,Piano Sonata K283 i G major.mid by Mozart.csv,1775,V-IofC,D-GBC,crimson,11
198,202.0 to 202.5,10,"[0, 0, 0, 0, 1, 1, 0, 2, 0, 1, 0, 0]",cMajor,Piano Sonata K283 i G major.mid by Mozart.csv,1775,Cmaj2-5tet,DEFG,violet,6
199,203.0 to 203.5,10,"[1, 0, 1, 0, 1, 1, 0, 1, 0, 0, 0, 0]",cMajor,Piano Sonata K283 i G major.mid by Mozart.csv,1775,Cmaj2-5tet,DEFG,violet,6
200,204.0 to 204.0,5,"[0, 0, 1, 0, 0, 0, 0, 1, 0, 0, 0, 1]",gMajor,Piano Sonata K283 i G major.mid by Mozart.csv,1775,Gmaj3rd5th,BD-G,gold,17
201,205.5 to 205.75,3,"[0, 0, 0, 0, 0, 0, 0, 2, 0, 2, 0, 0]",cMajor,Piano Sonata K283 i G major.mid by Mozart.csv,1775,Gmaj-root,G-BD,red,9
202,206.0 to 206.5,13,"[2, 0, 0, 0, 0, 0, 0, 0, 0, 0, 0, 2]",gMajor,Piano Sonata K283 i G major.mid by Mozart.csv,1775,Cmaj5-1tet,BC-AG,darkviolet,12
203,207.0 to 207.0,0,"[0, 0, 2, 0, 0, 0, 0, 0, 0, 0, 0, 0]",dMajor,Piano Sonata K283 i G major.mid by Mozart.csv,1775,VofG,D-F#A,greenyellow,15
204,208.5 to 208.75,13,"[2, 0, 0, 0, 0, 0, 0, 0, 0, 0, 0, 2]",gMajor,Piano Sonata K283 i G major.mid by Mozart.csv,1775,Cmaj5-1tet,BC-AG,darkviolet,12
205,209.0 to 209.5,14,"[0, 0, 2, 0, 2, 0, 0, 0, 0, 0, 0, 0]",cMajor,Piano Sonata K283 i G major.mid by Mozart.csv,1775,VofAmin,E-BCD,indigo,19
206,210.0 to 210.0,19,"[0, 0, 0, 0, 0, 2, 0, 0, 0, 0, 0, 0]",c#Major,Piano Sonata K283 i G major.mid by Mozart.csv,1775,4ofC,F-AC,cyan,1
207,211.5 to 211.75,14,"[0, 0, 0, 0, 1, 1, 0, 0, 0, 0, 0, 0]",cMajor,Piano Sonata K283 i G major.mid by Mozart.csv,1775,VofAmin,E-BCD,indigo,19
208,212.0 to 212.75,0,"[1, 0, 1, 0, 0, 0, 0, 0, 0, 0, 0, 0]",cMajor,Piano Sonata K283 i G major.mid by Mozart.csv,1775,VofG,D-F#A,greenyellow,15
209,213.0 to 213.75,16,"[0, 0, 0, 0, 0, 0, 0, 0, 0, 1, 0, 1]",dMajor,Piano Sonata K283 i G major.mid by Mozart.csv,1775,chr,FGAB,mediumpurple,10
210,214.0 to 214.75,1,"[0, 0, 0, 0, 0, 0, 1, 1, 0, 0, 0, 0]",cMajor,Piano Sonata K283 i G major.mid by Mozart.csv,1775,Gmaj-IV/vii,F#G-ACE,salmon,16
211,215.0 to 215.75,4,"[0, 0, 0, 0, 1, 0, 0, 1, 0, 0, 0, 0]",cMajor,Piano Sonata K283 i G major.mid by Mozart.csv,1775,Cmaj3rd5th,EG-C,mediumvioletred,8
212,216.0 to 216.75,4,"[1, 0, 0, 0, 1, 0, 0, 1, 0, 0, 0, 0]",cMajor,Piano Sonata K283 i G major.mid by Mozart.csv,1775,Cmaj3rd5th,EG-C,mediumvioletred,8
213,217.0 to 217.5,4,"[0, 0, 0, 0, 1, 0, 0, 1, 0, 0, 0, 0]",cMajor,Piano Sonata K283 i G major.mid by Mozart.csv,1775,Cmaj3rd5th,EG-C,mediumvioletred,8
214,218.0 to 218.5,4,"[1, 0, 0, 0, 1, 0, 0, 1, 0, 0, 0, 0]",cMajor,Piano Sonata K283 i G major.mid by Mozart.csv,1775,Cmaj3rd5th,EG-C,mediumvioletred,8
215,219.0 to 219.5,2,"[0, 0, 1, 0, 0, 1, 0, 0, 0, 0, 0, 1]",gMajor,Piano Sonata K283 i G major.mid by Mozart.csv,1775,2/4ofCmaj,DF,green,4
216,220.0 to 220.5,16,"[0, 0, 0, 0, 0, 1, 0, 1, 0, 0, 0, 0]",cMajor,Piano Sonata K283 i G major.mid by Mozart.csv,1775,chr,FGAB,mediumpurple,10
217,221.0 to 221.75,5,"[0, 0, 1, 0, 0, 1, 0, 1, 0, 0, 0, 1]",gMajor,Piano Sonata K283 i G major.mid by Mozart.csv,1775,Gmaj3rd5th,BD-G,gold,17
218,222.0 to 222.75,5,"[0, 0, 2, 0, 0, 0, 0, 0, 0, 0, 0, 1]",gMajor,Piano Sonata K283 i G major.mid by Mozart.csv,1775,Gmaj3rd5th,BD-G,gold,17
219,223.0 to 223.5,5,"[0, 0, 1, 0, 0, 0, 0, 1, 0, 0, 0, 0]",gMajor,Piano Sonata K283 i G major.mid by Mozart.csv,1775,Gmaj3rd5th,BD-G,gold,17
220,224.0 to 224.75,2,"[0, 0, 1, 0, 0, 1, 0, 1, 0, 0, 0, 0]",gMajor,Piano Sonata K283 i G major.mid by Mozart.csv,1775,2/4ofCmaj,DF,green,4
221,225.0 to 225.5,4,"[1, 0, 0, 0, 2, 0, 0, 1, 0, 0, 0, 0]",cMajor,Piano Sonata K283 i G major.mid by Mozart.csv,1775,Cmaj3rd5th,EG-C,mediumvioletred,8
222,226.0 to 226.5,2,"[0, 1, 1, 0, 1, 1, 0, 0, 0, 0, 0, 0]",c#Major,Piano Sonata K283 i G major.mid by Mozart.csv,1775,2/4ofCmaj,DF,green,4
223,227.0 to 227.75,16,"[0, 0, 0, 0, 0, 1, 0, 0, 0, 1, 0, 0]",fMinor,Piano Sonata K283 i G major.mid by Mozart.csv,1775,chr,FGAB,mediumpurple,10
224,228.0 to 228.75,2,"[0, 0, 1, 0, 0, 1, 0, 0, 0, 1, 0, 0]",fMinor,Piano Sonata K283 i G major.mid by Mozart.csv,1775,2/4ofCmaj,DF,green,4
225,229.0 to 229.5,16,"[0, 0, 0, 0, 0, 1, 0, 0, 0, 1, 0, 0]",fMinor,Piano Sonata K283 i G major.mid by Mozart.csv,1775,chr,FGAB,mediumpurple,10
226,230.0 to 230.875,2,"[0, 0, 1, 0, 0, 1, 0, 0, 0, 1, 0, 0]",fMinor,Piano Sonata K283 i G major.mid by Mozart.csv,1775,2/4ofCmaj,DF,green,4
227,231.0 to 231.5,4,"[0, 1, 0, 0, 1, 0, 0, 1, 0, 0, 0, 0]",cMajor,Piano Sonata K283 i G major.mid by Mozart.csv,1775,Cmaj3rd5th,EG-C,mediumvioletred,8
228,232.0 to 232.5,16,"[0, 0, 0, 0, 0, 0, 0, 1, 0, 1, 0, 0]",cMajor,Piano Sonata K283 i G major.mid by Mozart.csv,1775,chr,FGAB,mediumpurple,10
229,233.0 to 233.875,16,"[0, 1, 0, 0, 1, 0, 0, 1, 0, 1, 0, 0]",aMajor,Piano Sonata K283 i G major.mid by Mozart.csv,1775,chr,FGAB,mediumpurple,10
230,234.0 to 234.75,14,"[0, 1, 0, 0, 2, 0, 0, 0, 0, 0, 0, 0]",aMajor,Piano Sonata K283 i G major.mid by Mozart.csv,1775,VofAmin,E-BCD,indigo,19
231,235.0 to 235.5,14,"[0, 0, 0, 0, 1, 0, 0, 0, 0, 1, 0, 0]",aMajor,Piano Sonata K283 i G major.mid by Mozart.csv,1775,VofAmin,E-BCD,indigo,19
232,236.0 to 236.75,16,"[0, 0, 0, 0, 1, 0, 0, 1, 0, 1, 0, 0]",cMajor,Piano Sonata K283 i G major.mid by Mozart.csv,1775,chr,FGAB,mediumpurple,10
233,237.0 to 237.5,19,"[0, 0, 1, 0, 0, 2, 0, 0, 0, 1, 0, 0]",fMinor,Piano Sonata K283 i G major.mid by Mozart.csv,1775,4ofC,F-AC,cyan,1
234,238.0 to 238.5,10,"[0, 0, 1, 0, 1, 1, 0, 1, 0, 0, 0, 0]",cMajor,Piano Sonata K283 i G major.mid by Mozart.csv,1775,Cmaj2-5tet,DEFG,violet,6
235,239.0 to 239.75,2,"[0, 0, 1, 0, 0, 1, 0, 0, 0, 0, 0, 0]",b-Major,Piano Sonata K283 i G major.mid by Mozart.csv,1775,2/4ofCmaj,DF,green,4
236,240.0 to 240.5,2,"[1, 0, 1, 0, 0, 1, 0, 0, 0, 0, 1, 0]",b-Major,Piano Sonata K283 i G major.mid by Mozart.csv,1775,2/4ofCmaj,DF,green,4
237,241.0 to 241.75,11,"[0, 0, 1, 0, 0, 0, 0, 0, 0, 0, 2, 0]",b-Major,Piano Sonata K283 i G major.mid by Mozart.csv,1775,iv_ofDmin,GBb-C#D,yellow,0
238,242.0 to 242.75,14,"[1, 0, 0, 0, 1, 0, 0, 0, 0, 0, 1, 0]",cMajor,Piano Sonata K283 i G major.mid by Mozart.csv,1775,VofAmin,E-BCD,indigo,19
239,243.0 to 243.75,16,"[1, 0, 0, 0, 0, 1, 0, 0, 1, 0, 0, 0]",g#Minor,Piano Sonata K283 i G major.mid by Mozart.csv,1775,chr,FGAB,mediumpurple,10
240,244.0 to 244.75,9,"[1, 0, 0, 0, 0, 1, 0, 0, 0, 1, 0, 0]",fMajor,Piano Sonata K283 i G major.mid by Mozart.csv,1775,6-1ofC,A-CF,deepskyblue,7
241,245.0 to 245.875,9,"[2, 0, 0, 0, 0, 1, 0, 0, 0, 1, 0, 0]",fMajor,Piano Sonata K283 i G major.mid by Mozart.csv,1775,6-1ofC,A-CF,deepskyblue,7
242,246.0 to 246.75,9,"[0, 0, 0, 0, 0, 1, 0, 0, 0, 2, 0, 0]",fMajor,Piano Sonata K283 i G major.mid by Mozart.csv,1775,6-1ofC,A-CF,deepskyblue,7
243,247.0 to 247.75,13,"[2, 0, 0, 0, 0, 0, 0, 0, 0, 2, 0, 1]",fMajor,Piano Sonata K283 i G major.mid by Mozart.csv,1775,Cmaj5-1tet,BC-AG,darkviolet,12
244,248.0 to 248.875,9,"[1, 0, 1, 0, 0, 1, 0, 0, 0, 2, 0, 1]",fMajor,Piano Sonata K283 i G major.mid by Mozart.csv,1775,6-1ofC,A-CF,deepskyblue,7
245,249.0 to 249.75,1,"[1, 0, 0, 0, 1, 0, 1, 1, 0, 0, 0, 0]",cMajor,Piano Sonata K283 i G major.mid by Mozart.csv,1775,Gmaj-IV/vii,F#G-ACE,salmon,16
246,250.5 to 250.75,8,"[3, 0, 0, 0, 1, 0, 0, 0, 0, 0, 0, 0]",cMajor,Piano Sonata K283 i G major.mid by Mozart.csv,1775,Cmaj-root,C-EG,slateblue,2
247,251.0 to 251.75,10,"[0, 0, 3, 0, 3, 1, 0, 1, 0, 0, 0, 0]",cMajor,Piano Sonata K283 i G major.mid by Mozart.csv,1775,Cmaj2-5tet,DEFG,violet,6
248,252.0 to 252.0,19,"[0, 0, 0, 0, 0, 3, 0, 0, 0, 0, 0, 0]",c#Major,Piano Sonata K283 i G major.mid by Mozart.csv,1775,4ofC,F-AC,cyan,1
249,253.5 to 253.875,2,"[0, 0, 3, 0, 0, 1, 0, 0, 0, 0, 0, 0]",b-Major,Piano Sonata K283 i G major.mid by Mozart.csv,1775,2/4ofCmaj,DF,green,4
250,254.0 to 254.875,19,"[0, 0, 0, 0, 3, 3, 0, 1, 0, 1, 0, 0]",fMinor,Piano Sonata K283 i G major.mid by Mozart.csv,1775,4ofC,F-AC,cyan,1
251,255.0 to 255.0,3,"[0, 0, 0, 0, 0, 0, 0, 3, 0, 0, 0, 0]",cMajor,Piano Sonata K283 i G major.mid by Mozart.csv,1775,Gmaj-root,G-BD,red,9
252,256.5 to 256.75,14,"[0, 0, 0, 0, 3, 0, 0, 1, 0, 0, 0, 0]",cMajor,Piano Sonata K283 i G major.mid by Mozart.csv,1775,VofAmin,E-BCD,indigo,19
253,257.0 to 257.75,19,"[0, 0, 0, 0, 0, 3, 0, 3, 0, 1, 1, 0]",e-Major,Piano Sonata K283 i G major.mid by Mozart.csv,1775,4ofC,F-AC,cyan,1
254,258.0 to 258.75,3,"[0, 0, 0, 0, 0, 0, 0, 3, 0, 3, 1, 0]",e-Major,Piano Sonata K283 i G major.mid by Mozart.csv,1775,Gmaj-root,G-BD,red,9
255,259.0 to 259.75,19,"[0, 0, 0, 0, 0, 3, 0, 3, 0, 1, 1, 0]",e-Major,Piano Sonata K283 i G major.mid by Mozart.csv,1775,4ofC,F-AC,cyan,1
256,260.0 to 260.75,13,"[1, 0, 1, 0, 0, 0, 0, 0, 0, 3, 0, 3]",gMajor,Piano Sonata K283 i G major.mid by Mozart.csv,1775,Cmaj5-1tet,BC-AG,darkviolet,12
257,261.0 to 261.75,18,"[3, 0, 1, 0, 0, 0, 0, 0, 0, 0, 0, 3]",gMajor,Piano Sonata K283 i G major.mid by Mozart.csv,1775,V-IofC,D-GBC,crimson,11
258,262.0 to 262.75,13,"[1, 0, 1, 0, 0, 0, 0, 0, 0, 3, 0, 3]",gMajor,Piano Sonata K283 i G major.mid by Mozart.csv,1775,Cmaj5-1tet,BC-AG,darkviolet,12
259,263.0 to 263.75,15,"[3, 0, 3, 0, 1, 1, 0, 0, 0, 0, 0, 0]",cMajor,Piano Sonata K283 i G major.mid by Mozart.csv,1775,Cmaj1-4tet,C-DEF,blue,3
260,264.0 to 264.75,10,"[0, 0, 3, 0, 3, 1, 0, 0, 0, 0, 0, 0]",b-Major,Piano Sonata K283 i G major.mid by Mozart.csv,1775,Cmaj2-5tet,DEFG,violet,6
261,265.0 to 265.75,15,"[3, 0, 3, 0, 1, 1, 0, 0, 0, 0, 0, 0]",cMajor,Piano Sonata K283 i G major.mid by Mozart.csv,1775,Cmaj1-4tet,C-DEF,blue,3
262,266.0 to 266.75,1,"[0, 0, 0, 0, 3, 0, 3, 1, 0, 1, 0, 0]",cMajor,Piano Sonata K283 i G major.mid by Mozart.csv,1775,Gmaj-IV/vii,F#G-ACE,salmon,16
263,267.0 to 267.875,3,"[0, 0, 0, 0, 0, 0, 1, 3, 0, 0, 0, 0]",e-Major,Piano Sonata K283 i G major.mid by Mozart.csv,1775,Gmaj-root,G-BD,red,9
264,268.0 to 268.0,3,"[0, 0, 0, 0, 0, 0, 0, 3, 0, 0, 0, 0]",cMajor,Piano Sonata K283 i G major.mid by Mozart.csv,1775,Gmaj-root,G-BD,red,9
265,270.0 to 270.5,4,"[0, 0, 0, 0, 1, 0, 0, 2, 0, 0, 0, 0]",cMajor,Piano Sonata K283 i G major.mid by Mozart.csv,1775,Cmaj3rd5th,EG-C,mediumvioletred,8
266,271.0 to 271.5,3,"[0, 0, 1, 0, 0, 1, 0, 2, 0, 0, 0, 0]",gMajor,Piano Sonata K283 i G major.mid by Mozart.csv,1775,Gmaj-root,G-BD,red,9
267,272.0 to 272.5,4,"[1, 0, 0, 0, 1, 1, 0, 1, 0, 0, 0, 0]",cMajor,Piano Sonata K283 i G major.mid by Mozart.csv,1775,Cmaj3rd5th,EG-C,mediumvioletred,8
268,273.0 to 273.5,5,"[0, 0, 1, 0, 1, 0, 0, 1, 0, 0, 0, 1]",gMajor,Piano Sonata K283 i G major.mid by Mozart.csv,1775,Gmaj3rd5th,BD-G,gold,17
269,274.0 to 274.5,9,"[1, 0, 1, 0, 0, 0, 0, 1, 0, 1, 0, 0]",dMajor,Piano Sonata K283 i G major.mid by Mozart.csv,1775,6-1ofC,A-CF,deepskyblue,7
270,275.0 to 275.5,3,"[1, 0, 0, 0, 0, 0, 0, 2, 0, 0, 0, 1]",cMajor,Piano Sonata K283 i G major.mid by Mozart.csv,1775,Gmaj-root,G-BD,red,9
271,276.0 to 276.5,9,"[1, 0, 1, 0, 0, 0, 0, 1, 0, 1, 0, 0]",dMajor,Piano Sonata K283 i G major.mid by Mozart.csv,1775,6-1ofC,A-CF,deepskyblue,7
272,277.0 to 277.5,5,"[0, 0, 1, 0, 1, 0, 0, 1, 0, 0, 0, 1]",gMajor,Piano Sonata K283 i G major.mid by Mozart.csv,1775,Gmaj3rd5th,BD-G,gold,17
273,278.0 to 278.5,4,"[1, 0, 0, 0, 1, 1, 0, 1, 0, 0, 0, 0]",cMajor,Piano Sonata K283 i G major.mid by Mozart.csv,1775,Cmaj3rd5th,EG-C,mediumvioletred,8
274,279.0 to 279.75,3,"[0, 0, 1, 0, 0, 1, 0, 2, 0, 0, 0, 0]",gMajor,Piano Sonata K283 i G major.mid by Mozart.csv,1775,Gmaj-root,G-BD,red,9
275,280.0 to 280.5,5,"[0, 0, 1, 0, 0, 0, 0, 1, 0, 0, 0, 1]",gMajor,Piano Sonata K283 i G major.mid by Mozart.csv,1775,Gmaj3rd5th,BD-G,gold,17
276,281.0 to 281.5,3,"[0, 0, 0, 0, 0, 0, 0, 2, 0, 0, 0, 0]",cMajor,Piano Sonata K283 i G major.mid by Mozart.csv,1775,Gmaj-root,G-BD,red,9
277,282.0 to 282.75,4,"[0, 0, 0, 0, 1, 0, 0, 2, 0, 1, 0, 0]",gMinor,Piano Sonata K283 i G major.mid by Mozart.csv,1775,Cmaj3rd5th,EG-C,mediumvioletred,8
278,283.0 to 283.75,3,"[0, 0, 1, 0, 0, 1, 0, 2, 0, 0, 0, 0]",gMajor,Piano Sonata K283 i G major.mid by Mozart.csv,1775,Gmaj-root,G-BD,red,9
279,284.0 to 284.75,4,"[1, 0, 0, 0, 1, 1, 0, 1, 0, 0, 0, 0]",cMajor,Piano Sonata K283 i G major.mid by Mozart.csv,1775,Cmaj3rd5th,EG-C,mediumvioletred,8
280,285.0 to 285.75,5,"[0, 0, 1, 0, 1, 0, 0, 1, 0, 0, 0, 1]",gMajor,Piano Sonata K283 i G major.mid by Mozart.csv,1775,Gmaj3rd5th,BD-G,gold,17
281,286.0 to 286.75,9,"[1, 0, 1, 0, 0, 0, 0, 1, 0, 1, 0, 0]",dMajor,Piano Sonata K283 i G major.mid by Mozart.csv,1775,6-1ofC,A-CF,deepskyblue,7
282,287.0 to 287.75,3,"[0, 0, 1, 0, 0, 0, 0, 2, 0, 0, 0, 1]",gMajor,Piano Sonata K283 i G major.mid by Mozart.csv,1775,Gmaj-root,G-BD,red,9
283,288.0 to 288.75,12,"[1, 0, 1, 0, 1, 0, 0, 1, 0, 1, 0, 0]",cMajor,Piano Sonata K283 i G major.mid by Mozart.csv,1775,AminTriad,ACE,steelblue,14
284,289.0 to 289.75,10,"[0, 0, 1, 0, 1, 1, 0, 1, 0, 0, 0, 1]",gMinor,Piano Sonata K283 i G major.mid by Mozart.csv,1775,Cmaj2-5tet,DEFG,violet,6
285,290.0 to 290.75,4,"[1, 0, 0, 0, 1, 1, 0, 2, 0, 0, 0, 0]",cMajor,Piano Sonata K283 i G major.mid by Mozart.csv,1775,Cmaj3rd5th,EG-C,mediumvioletred,8
286,291.0 to 291.75,3,"[0, 0, 1, 0, 0, 1, 0, 2, 0, 0, 0, 0]",gMajor,Piano Sonata K283 i G major.mid by Mozart.csv,1775,Gmaj-root,G-BD,red,9
287,292.0 to 292.75,5,"[0, 0, 1, 0, 0, 0, 0, 1, 0, 0, 0, 1]",gMajor,Piano Sonata K283 i G major.mid by Mozart.csv,1775,Gmaj3rd5th,BD-G,gold,17
288,293.0 to 293.75,10,"[0, 0, 1, 0, 1, 1, 0, 1, 0, 0, 0, 1]",gMinor,Piano Sonata K283 i G major.mid by Mozart.csv,1775,Cmaj2-5tet,DEFG,violet,6
289,294.0 to 294.5,8,"[3, 0, 0, 0, 0, 0, 0, 0, 0, 0, 0, 0]",cMajor,Piano Sonata K283 i G major.mid by Mozart.csv,1775,Cmaj-root,C-EG,slateblue,2
290,295.0 to 295.5,13,"[1, 0, 0, 0, 0, 0, 0, 0, 0, 0, 0, 1]",gMajor,Piano Sonata K283 i G major.mid by Mozart.csv,1775,Cmaj5-1tet,BC-AG,darkviolet,12
291,296.0 to 296.5,15,"[2, 0, 1, 0, 1, 1, 0, 0, 0, 0, 0, 1]",cMajor,Piano Sonata K283 i G major.mid by Mozart.csv,1775,Cmaj1-4tet,C-DEF,blue,3
292,297.0 to 297.5,8,"[2, 0, 0, 0, 0, 0, 0, 0, 0, 0, 0, 0]",cMajor,Piano Sonata K283 i G major.mid by Mozart.csv,1775,Cmaj-root,C-EG,slateblue,2
293,298.0 to 298.5,13,"[1, 0, 0, 0, 0, 0, 0, 0, 0, 0, 0, 1]",gMajor,Piano Sonata K283 i G major.mid by Mozart.csv,1775,Cmaj5-1tet,BC-AG,darkviolet,12
294,299.0 to 299.5,13,"[1, 0, 0, 0, 1, 1, 0, 1, 0, 1, 0, 1]",cMajor,Piano Sonata K283 i G major.mid by Mozart.csv,1775,Cmaj5-1tet,BC-AG,darkviolet,12
295,300.0 to 300.5,8,"[2, 0, 0, 0, 0, 0, 0, 0, 0, 0, 0, 0]",cMajor,Piano Sonata K283 i G major.mid by Mozart.csv,1775,Cmaj-root,C-EG,slateblue,2
296,301.0 to 301.5,13,"[1, 0, 0, 0, 0, 0, 0, 0, 0, 0, 0, 1]",gMajor,Piano Sonata K283 i G major.mid by Mozart.csv,1775,Cmaj5-1tet,BC-AG,darkviolet,12
297,302.0 to 302.5,3,"[1, 0, 0, 0, 0, 0, 1, 2, 0, 1, 0, 1]",cMajor,Piano Sonata K283 i G major.mid by Mozart.csv,1775,Gmaj-root,G-BD,red,9
298,303.0 to 303.5,19,"[0, 0, 0, 0, 1, 2, 0, 1, 0, 1, 1, 0]",fMajor,Piano Sonata K283 i G major.mid by Mozart.csv,1775,4ofC,F-AC,cyan,1
299,304.0 to 304.5,18,"[1, 0, 1, 1, 0, 0, 1, 1, 0, 0, 0, 1]",gMajor,Piano Sonata K283 i G major.mid by Mozart.csv,1775,V-IofC,D-GBC,crimson,11
300,305.0 to 305.5,12,"[1, 1, 0, 0, 1, 1, 0, 0, 0, 1, 1, 0]",fMajor,Piano Sonata K283 i G major.mid by Mozart.csv,1775,AminTriad,ACE,steelblue,14
301,306.0 to 306.75,3,"[0, 0, 1, 0, 0, 1, 0, 2, 0, 0, 0, 1]",gMajor,Piano Sonata K283 i G major.mid by Mozart.csv,1775,Gmaj-root,G-BD,red,9
302,307.0 to 307.75,1,"[0, 0, 0, 0, 0, 0, 1, 1, 0, 1, 0, 0]",dMajor,Piano Sonata K283 i G major.mid by Mozart.csv,1775,Gmaj-IV/vii,F#G-ACE,salmon,16
303,308.0 to 308.75,6,"[0, 0, 2, 0, 0, 2, 0, 2, 0, 0, 0, 1]",gMajor,Piano Sonata K283 i G major.mid by Mozart.csv,1775,GmajTriad,GBD,orange,13
304,309.0 to 309.75,17,"[2, 0, 0, 0, 2, 0, 0, 3, 0, 0, 0, 0]",cMajor,Piano Sonata K283 i G major.mid by Mozart.csv,1775,CmajTriad,CEG,blueviolet,5
305,310.0 to 310.75,1,"[0, 0, 0, 0, 0, 0, 1, 1, 0, 1, 0, 0]",dMajor,Piano Sonata K283 i G major.mid by Mozart.csv,1775,Gmaj-IV/vii,F#G-ACE,salmon,16
306,311.0 to 311.75,17,"[2, 0, 0, 0, 2, 0, 0, 3, 0, 0, 0, 0]",cMajor,Piano Sonata K283 i G major.mid by Mozart.csv,1775,CmajTriad,CEG,blueviolet,5
307,312.0 to 312.75,19,"[0, 0, 2, 0, 0, 2, 0, 0, 0, 3, 0, 0]",fMinor,Piano Sonata K283 i G major.mid by Mozart.csv,1775,4ofC,F-AC,cyan,1
308,313.0 to 313.75,17,"[1, 0, 0, 0, 2, 1, 0, 2, 0, 1, 0, 0]",cMajor,Piano Sonata K283 i G major.mid by Mozart.csv,1775,CmajTriad,CEG,blueviolet,5
309,314.0 to 314.75,18,"[1, 0, 2, 0, 1, 1, 0, 1, 0, 0, 0, 1]",gMajor,Piano Sonata K283 i G major.mid by Mozart.csv,1775,V-IofC,D-GBC,crimson,11
310,315.0 to 315.5,8,"[2, 0, 0, 0, 1, 0, 0, 0, 0, 0, 0, 0]",cMajor,Piano Sonata K283 i G major.mid by Mozart.csv,1775,Cmaj-root,C-EG,slateblue,2
311,316.0 to 316.5,13,"[1, 0, 0, 0, 0, 0, 0, 0, 0, 0, 0, 1]",gMajor,Piano Sonata K283 i G major.mid by Mozart.csv,1775,Cmaj5-1tet,BC-AG,darkviolet,12
312,317.0 to 317.5,3,"[1, 0, 0, 0, 0, 0, 1, 2, 0, 1, 0, 1]",cMajor,Piano Sonata K283 i G major.mid by Mozart.csv,1775,Gmaj-root,G-BD,red,9
313,318.0 to 318.5,19,"[0, 0, 0, 0, 1, 2, 0, 1, 0, 1, 1, 0]",fMajor,Piano Sonata K283 i G major.mid by Mozart.csv,1775,4ofC,F-AC,cyan,1
314,319.0 to 319.5,18,"[1, 0, 1, 1, 0, 0, 1, 1, 0, 0, 0, 1]",gMajor,Piano Sonata K283 i G major.mid by Mozart.csv,1775,V-IofC,D-GBC,crimson,11
315,320.0 to 320.5,12,"[1, 1, 0, 0, 1, 1, 0, 0, 0, 1, 1, 0]",fMajor,Piano Sonata K283 i G major.mid by Mozart.csv,1775,AminTriad,ACE,steelblue,14
316,321.0 to 321.75,3,"[0, 0, 1, 0, 0, 1, 0, 2, 0, 0, 0, 1]",gMajor,Piano Sonata K283 i G major.mid by Mozart.csv,1775,Gmaj-root,G-BD,red,9
317,322.0 to 322.75,3,"[0, 0, 1, 0, 0, 0, 1, 2, 0, 1, 0, 1]",gMajor,Piano Sonata K283 i G major.mid by Mozart.csv,1775,Gmaj-root,G-BD,red,9
318,323.0 to 323.75,6,"[0, 0, 2, 0, 0, 2, 0, 2, 0, 0, 0, 1]",gMajor,Piano Sonata K283 i G major.mid by Mozart.csv,1775,GmajTriad,GBD,orange,13
319,324.0 to 324.75,17,"[2, 0, 0, 0, 2, 0, 0, 3, 0, 0, 0, 0]",cMajor,Piano Sonata K283 i G major.mid by Mozart.csv,1775,CmajTriad,CEG,blueviolet,5
320,325.0 to 325.75,1,"[1, 0, 0, 0, 1, 0, 1, 2, 0, 1, 0, 0]",cMajor,Piano Sonata K283 i G major.mid by Mozart.csv,1775,Gmaj-IV/vii,F#G-ACE,salmon,16
321,326.0 to 326.875,17,"[2, 0, 0, 0, 2, 0, 0, 3, 0, 0, 0, 0]",cMajor,Piano Sonata K283 i G major.mid by Mozart.csv,1775,CmajTriad,CEG,blueviolet,5
322,327.0 to 327.75,19,"[1, 0, 1, 0, 0, 2, 0, 0, 0, 3, 0, 0]",fMajor,Piano Sonata K283 i G major.mid by Mozart.csv,1775,4ofC,F-AC,cyan,1
323,328.0 to 328.75,17,"[1, 0, 0, 0, 2, 1, 0, 2, 0, 1, 0, 0]",cMajor,Piano Sonata K283 i G major.mid by Mozart.csv,1775,CmajTriad,CEG,blueviolet,5
324,329.0 to 329.75,18,"[1, 0, 2, 0, 1, 1, 0, 1, 0, 0, 0, 1]",gMajor,Piano Sonata K283 i G major.mid by Mozart.csv,1775,V-IofC,D-GBC,crimson,11
325,330.0 to 330.75,8,"[2, 0, 0, 0, 2, 0, 0, 0, 0, 0, 0, 0]",cMajor,Piano Sonata K283 i G major.mid by Mozart.csv,1775,Cmaj-root,C-EG,slateblue,2
326,331.0 to 331.75,10,"[0, 0, 1, 0, 1, 1, 0, 2, 0, 0, 0, 1]",gMajor,Piano Sonata K283 i G major.mid by Mozart.csv,1775,Cmaj2-5tet,DEFG,violet,6
327,332.0 to 332.875,10,"[1, 0, 1, 0, 1, 1, 0, 1, 0, 1, 0, 1]",gMajor,Piano Sonata K283 i G major.mid by Mozart.csv,1775,Cmaj2-5tet,DEFG,violet,6
328,333.0 to 333.75,14,"[1, 0, 0, 0, 2, 0, 0, 0, 0, 0, 0, 0]",cMajor,Piano Sonata K283 i G major.mid by Mozart.csv,1775,VofAmin,E-BCD,indigo,19
329,334.0 to 334.75,10,"[0, 0, 1, 0, 1, 1, 0, 2, 0, 0, 0, 1]",gMajor,Piano Sonata K283 i G major.mid by Mozart.csv,1775,Cmaj2-5tet,DEFG,violet,6
330,335.0 to 335.875,10,"[1, 0, 1, 0, 1, 1, 0, 1, 0, 1, 0, 1]",gMajor,Piano Sonata K283 i G major.mid by Mozart.csv,1775,Cmaj2-5tet,DEFG,violet,6
331,336.0 to 336.5,12,"[1, 0, 0, 0, 1, 0, 0, 0, 0, 1, 0, 0]",cMinor,Piano Sonata K283 i G major.mid by Mozart.csv,1775,AminTriad,ACE,steelblue,14
332,337.0 to 337.5,5,"[0, 0, 1, 0, 0, 0, 0, 1, 0, 1, 0, 1]",gMajor,Piano Sonata K283 i G major.mid by Mozart.csv,1775,Gmaj3rd5th,BD-G,gold,17
333,338.0 to 338.5,9,"[1, 0, 0, 0, 0, 1, 0, 1, 0, 1, 0, 0]",fMajor,Piano Sonata K283 i G major.mid by Mozart.csv,1775,6-1ofC,A-CF,deepskyblue,7
334,339.0 to 339.5,10,"[0, 0, 0, 0, 1, 1, 0, 1, 0, 0, 0, 1]",gMinor,Piano Sonata K283 i G major.mid by Mozart.csv,1775,Cmaj2-5tet,DEFG,violet,6
335,340.0 to 340.5,2,"[0, 0, 1, 0, 1, 1, 0, 0, 0, 1, 0, 0]",fMinor,Piano Sonata K283 i G major.mid by Mozart.csv,1775,2/4ofCmaj,DF,green,4
336,341.0 to 341.5,4,"[1, 0, 1, 0, 1, 0, 0, 1, 0, 0, 0, 0]",cMajor,Piano Sonata K283 i G major.mid by Mozart.csv,1775,Cmaj3rd5th,EG-C,mediumvioletred,8
337,342.0 to 342.5,2,"[0, 1, 1, 0, 0, 1, 0, 0, 0, 0, 0, 0]",c#Major,Piano Sonata K283 i G major.mid by Mozart.csv,1775,2/4ofCmaj,DF,green,4
338,343.0 to 343.5,2,"[0, 0, 2, 0, 0, 1, 0, 0, 0, 0, 0, 0]",b-Major,Piano Sonata K283 i G major.mid by Mozart.csv,1775,2/4ofCmaj,DF,green,4
339,344.0 to 344.5,18,"[1, 0, 1, 0, 1, 0, 0, 1, 0, 0, 0, 1]",cMajor,Piano Sonata K283 i G major.mid by Mozart.csv,1775,V-IofC,D-GBC,crimson,11
340,345.0 to 345.75,1,"[1, 0, 0, 0, 1, 0, 1, 1, 0, 1, 0, 0]",cMajor,Piano Sonata K283 i G major.mid by Mozart.csv,1775,Gmaj-IV/vii,F#G-ACE,salmon,16
341,346.0 to 346.75,5,"[0, 0, 1, 0, 0, 0, 1, 1, 0, 1, 0, 1]",dMajor,Piano Sonata K283 i G major.mid by Mozart.csv,1775,Gmaj3rd5th,BD-G,gold,17
342,347.0 to 347.75,15,"[1, 0, 1, 0, 1, 1, 0, 0, 0, 1, 0, 0]",cMinor,Piano Sonata K283 i G major.mid by Mozart.csv,1775,Cmaj1-4tet,C-DEF,blue,3
343,348.0 to 348.75,10,"[0, 0, 0, 1, 1, 1, 0, 1, 0, 0, 0, 1]",gMinor,Piano Sonata K283 i G major.mid by Mozart.csv,1775,Cmaj2-5tet,DEFG,violet,6
344,349.0 to 349.75,2,"[0, 1, 1, 0, 0, 1, 0, 0, 0, 1, 0, 1]",fMinor,Piano Sonata K283 i G major.mid by Mozart.csv,1775,2/4ofCmaj,DF,green,4
345,350.0 to 350.75,18,"[1, 0, 1, 0, 1, 0, 0, 1, 0, 0, 0, 1]",cMajor,Piano Sonata K283 i G major.mid by Mozart.csv,1775,V-IofC,D-GBC,crimson,11
346,351.0 to 351.75,19,"[1, 0, 0, 0, 0, 2, 0, 0, 0, 1, 0, 0]",fMajor,Piano Sonata K283 i G major.mid by Mozart.csv,1775,4ofC,F-AC,cyan,1
347,352.0 to 352.75,4,"[1, 0, 0, 0, 1, 0, 0, 2, 0, 0, 0, 0]",cMajor,Piano Sonata K283 i G major.mid by Mozart.csv,1775,Cmaj3rd5th,EG-C,mediumvioletred,8
348,353.0 to 353.75,5,"[0, 0, 1, 0, 0, 1, 0, 1, 0, 0, 0, 1]",gMajor,Piano Sonata K283 i G major.mid by Mozart.csv,1775,Gmaj3rd5th,BD-G,gold,17
349,354.0 to 354.75,8,"[3, 0, 0, 0, 0, 0, 0, 0, 0, 0, 0, 1]",cMajor,Piano Sonata K283 i G major.mid by Mozart.csv,1775,Cmaj-root,C-EG,slateblue,2
350,355.0 to 355.75,8,"[2, 0, 0, 0, 1, 0, 0, 1, 0, 0, 1, 1]",cMajor,Piano Sonata K283 i G major.mid by Mozart.csv,1775,Cmaj-root,C-EG,slateblue,2
351,356.0 to 356.75,13,"[3, 0, 1, 0, 0, 1, 0, 0, 0, 1, 0, 2]",fMajor,Piano Sonata K283 i G major.mid by Mozart.csv,1775,Cmaj5-1tet,BC-AG,darkviolet,12
352,357.0 to 357.75,8,"[3, 0, 0, 0, 1, 0, 0, 0, 0, 0, 0, 1]",cMajor,Piano Sonata K283 i G major.mid by Mozart.csv,1775,Cmaj-root,C-EG,slateblue,2
353,358.0 to 358.75,8,"[2, 0, 0, 0, 1, 0, 0, 1, 0, 0, 1, 1]",cMajor,Piano Sonata K283 i G major.mid by Mozart.csv,1775,Cmaj-root,C-EG,slateblue,2
354,359.0 to 359.75,13,"[2, 0, 1, 0, 0, 1, 0, 0, 0, 1, 0, 2]",fMajor,Piano Sonata K283 i G major.mid by Mozart.csv,1775,Cmaj5-1tet,BC-AG,darkviolet,12
355,360.0 to 360.0,8,"[2, 0, 0, 0, 1, 0, 0, 1, 0, 0, 0, 0]",cMajor,Piano Sonata K283 i G major.mid by Mozart.csv,1775,Cmaj-root,C-EG,slateblue,2
