index,offsetRange,oldCentroidIndex,"[C,C#,D,E-,E,F,F#,G,G#,A,B-,B]",triadLabel,filename,year,chordName,pc-labels,color,newCentroidIndex,PS
0,3.0 to 3.75,16,"[0, 0, 0, 0, 1, 1, 0, 1, 0, 1, 0, 0]",cMajor,Piano Sonata K333 i Bb major.mid by Mozart.csv,1783,chr,FGAB,mediumpurple,10,1
1,4.0 to 4.5,8,"[2, 0, 1, 0, 0, 0, 0, 0, 0, 0, 0, 0]",cMajor,Piano Sonata K333 i Bb major.mid by Mozart.csv,1783,Cmaj-root,C-EG,slateblue,2,1
2,5.0 to 5.5,4,"[1, 0, 0, 0, 1, 0, 0, 1, 0, 0, 0, 0]",cMajor,Piano Sonata K333 i Bb major.mid by Mozart.csv,1783,Cmaj3rd5th,EG-C,mediumvioletred,8,1
3,6.0 to 6.5,8,"[2, 0, 0, 0, 2, 0, 0, 0, 0, 0, 0, 0]",cMajor,Piano Sonata K333 i Bb major.mid by Mozart.csv,1783,Cmaj-root,C-EG,slateblue,2,1
4,7.0 to 7.5,12,"[0, 0, 0, 0, 2, 0, 0, 0, 0, 2, 0, 0]",aMajor,Piano Sonata K333 i Bb major.mid by Mozart.csv,1783,AminTriad,ACE,steelblue,14,1
5,8.0 to 8.5,5,"[0, 0, 1, 0, 0, 0, 0, 1, 0, 0, 0, 0]",gMajor,Piano Sonata K333 i Bb major.mid by Mozart.csv,1783,Gmaj3rd5th,BD-G,gold,17,1
6,9.0 to 9.5,19,"[0, 0, 0, 0, 0, 2, 0, 0, 0, 1, 0, 0]",fMajor,Piano Sonata K333 i Bb major.mid by Mozart.csv,1783,4ofC,F-AC,cyan,1,1
7,10.0 to 10.75,19,"[0, 0, 1, 0, 0, 2, 0, 1, 0, 1, 0, 0]",fMinor,Piano Sonata K333 i Bb major.mid by Mozart.csv,1783,4ofC,F-AC,cyan,1,1
8,11.0 to 11.75,19,"[0, 0, 1, 0, 1, 2, 0, 1, 0, 1, 0, 0]",fMinor,Piano Sonata K333 i Bb major.mid by Mozart.csv,1783,4ofC,F-AC,cyan,1,1
9,12.0 to 12.5,4,"[1, 0, 0, 0, 0, 0, 0, 1, 0, 0, 0, 0]",cMajor,Piano Sonata K333 i Bb major.mid by Mozart.csv,1783,Cmaj3rd5th,EG-C,mediumvioletred,8,1
10,13.0 to 13.5,2,"[0, 0, 1, 0, 0, 1, 0, 0, 0, 0, 0, 1]",gMajor,Piano Sonata K333 i Bb major.mid by Mozart.csv,1783,2/4ofCmaj,DF,green,4,1
11,14.0 to 14.5,5,"[0, 0, 1, 0, 0, 0, 0, 1, 0, 0, 0, 1]",gMajor,Piano Sonata K333 i Bb major.mid by Mozart.csv,1783,Gmaj3rd5th,BD-G,gold,17,1
12,15.0 to 15.5,2,"[1, 0, 2, 0, 0, 1, 0, 0, 0, 0, 0, 0]",b-Major,Piano Sonata K333 i Bb major.mid by Mozart.csv,1783,2/4ofCmaj,DF,green,4,1
13,16.0 to 16.5,18,"[1, 0, 1, 0, 0, 0, 0, 0, 0, 0, 0, 1]",gMajor,Piano Sonata K333 i Bb major.mid by Mozart.csv,1783,V-IofC,D-GBC,crimson,11,1
14,17.0 to 17.5,4,"[1, 0, 0, 0, 2, 0, 0, 1, 0, 0, 0, 0]",cMajor,Piano Sonata K333 i Bb major.mid by Mozart.csv,1783,Cmaj3rd5th,EG-C,mediumvioletred,8,1
15,18.0 to 18.75,1,"[1, 0, 0, 0, 1, 0, 1, 1, 0, 0, 0, 0]",cMajor,Piano Sonata K333 i Bb major.mid by Mozart.csv,1783,Gmaj-IV/vii,F#G-ACE,salmon,16,1
16,19.0 to 19.75,10,"[0, 0, 0, 0, 2, 1, 0, 2, 0, 1, 0, 0]",cMajor,Piano Sonata K333 i Bb major.mid by Mozart.csv,1783,Cmaj2-5tet,DEFG,violet,6,1
17,20.0 to 20.5,2,"[0, 0, 1, 0, 1, 1, 0, 0, 0, 1, 0, 0]",fMinor,Piano Sonata K333 i Bb major.mid by Mozart.csv,1783,2/4ofCmaj,DF,green,4,1
18,21.0 to 21.5,4,"[1, 0, 1, 0, 1, 0, 0, 1, 0, 0, 0, 0]",cMajor,Piano Sonata K333 i Bb major.mid by Mozart.csv,1783,Cmaj3rd5th,EG-C,mediumvioletred,8,1
19,22.0 to 22.5,2,"[0, 0, 1, 0, 1, 1, 0, 0, 0, 1, 0, 0]",fMinor,Piano Sonata K333 i Bb major.mid by Mozart.csv,1783,2/4ofCmaj,DF,green,4,1
20,23.0 to 23.5,2,"[0, 0, 2, 0, 0, 1, 0, 0, 0, 0, 0, 1]",b-Major,Piano Sonata K333 i Bb major.mid by Mozart.csv,1783,2/4ofCmaj,DF,green,4,1
21,24.0 to 24.75,18,"[1, 0, 1, 0, 1, 0, 0, 1, 0, 0, 0, 1]",cMajor,Piano Sonata K333 i Bb major.mid by Mozart.csv,1783,V-IofC,D-GBC,crimson,11,1
22,25.0 to 25.75,15,"[1, 0, 1, 0, 1, 1, 0, 0, 0, 0, 0, 0]",cMajor,Piano Sonata K333 i Bb major.mid by Mozart.csv,1783,Cmaj1-4tet,C-DEF,blue,3,1
23,26.0 to 26.75,1,"[0, 0, 0, 0, 0, 0, 1, 1, 0, 0, 0, 0]",cMajor,Piano Sonata K333 i Bb major.mid by Mozart.csv,1783,Gmaj-IV/vii,F#G-ACE,salmon,16,1
24,27.0 to 27.75,16,"[0, 0, 0, 0, 1, 1, 0, 1, 0, 1, 0, 0]",cMajor,Piano Sonata K333 i Bb major.mid by Mozart.csv,1783,chr,FGAB,mediumpurple,10,1
25,28.0 to 28.5,2,"[0, 0, 1, 0, 1, 1, 0, 0, 0, 1, 0, 0]",fMinor,Piano Sonata K333 i Bb major.mid by Mozart.csv,1783,2/4ofCmaj,DF,green,4,1
26,29.0 to 29.5,4,"[1, 0, 1, 0, 1, 0, 0, 1, 0, 0, 0, 0]",cMajor,Piano Sonata K333 i Bb major.mid by Mozart.csv,1783,Cmaj3rd5th,EG-C,mediumvioletred,8,1
27,30.0 to 30.5,2,"[0, 0, 1, 0, 1, 1, 0, 0, 0, 1, 0, 0]",fMinor,Piano Sonata K333 i Bb major.mid by Mozart.csv,1783,2/4ofCmaj,DF,green,4,1
28,31.0 to 31.5,2,"[0, 0, 2, 0, 0, 1, 0, 0, 0, 0, 0, 1]",b-Major,Piano Sonata K333 i Bb major.mid by Mozart.csv,1783,2/4ofCmaj,DF,green,4,1
29,32.0 to 32.75,4,"[1, 0, 1, 0, 2, 0, 0, 1, 0, 0, 0, 0]",cMajor,Piano Sonata K333 i Bb major.mid by Mozart.csv,1783,Cmaj3rd5th,EG-C,mediumvioletred,8,1
30,33.0 to 33.75,16,"[0, 0, 0, 0, 0, 1, 0, 1, 0, 1, 0, 1]",fMajor,Piano Sonata K333 i Bb major.mid by Mozart.csv,1783,chr,FGAB,mediumpurple,10,1
31,34.0 to 34.75,15,"[1, 0, 1, 0, 1, 1, 0, 0, 0, 0, 0, 0]",cMajor,Piano Sonata K333 i Bb major.mid by Mozart.csv,1783,Cmaj1-4tet,C-DEF,blue,3,1
32,35.0 to 35.5,16,"[0, 0, 0, 0, 0, 0, 0, 1, 0, 0, 0, 0]",cMajor,Piano Sonata K333 i Bb major.mid by Mozart.csv,1783,chr,FGAB,mediumpurple,10,1
33,36.0 to 36.5,3,"[0, 0, 0, 0, 0, 1, 0, 2, 0, 0, 0, 1]",gMajor,Piano Sonata K333 i Bb major.mid by Mozart.csv,1783,Gmaj-root,G-BD,red,9,1
34,37.0 to 37.5,4,"[1, 0, 0, 0, 1, 1, 0, 1, 0, 0, 0, 0]",cMajor,Piano Sonata K333 i Bb major.mid by Mozart.csv,1783,Cmaj3rd5th,EG-C,mediumvioletred,8,1
35,38.0 to 38.5,10,"[0, 0, 1, 0, 1, 2, 0, 1, 0, 0, 0, 0]",b-Major,Piano Sonata K333 i Bb major.mid by Mozart.csv,1783,Cmaj2-5tet,DEFG,violet,6,1
36,39.0 to 39.5,18,"[1, 0, 1, 0, 1, 0, 0, 1, 0, 0, 0, 1]",cMajor,Piano Sonata K333 i Bb major.mid by Mozart.csv,1783,V-IofC,D-GBC,crimson,11,1
37,40.0 to 40.5,8,"[2, 0, 0, 0, 1, 0, 0, 0, 0, 0, 0, 0]",cMajor,Piano Sonata K333 i Bb major.mid by Mozart.csv,1783,Cmaj-root,C-EG,slateblue,2,1
38,41.0 to 41.5,4,"[1, 0, 0, 0, 1, 0, 0, 1, 0, 0, 0, 0]",cMajor,Piano Sonata K333 i Bb major.mid by Mozart.csv,1783,Cmaj3rd5th,EG-C,mediumvioletred,8,1
39,42.0 to 42.0,16,"[1, 0, 0, 0, 0, 0, 0, 0, 0, 0, 0, 0]",cMajor,Piano Sonata K333 i Bb major.mid by Mozart.csv,1783,chr,FGAB,mediumpurple,10,1
40,43.0 to 43.75,16,"[0, 0, 0, 0, 1, 1, 0, 1, 0, 1, 0, 0]",cMajor,Piano Sonata K333 i Bb major.mid by Mozart.csv,1783,chr,FGAB,mediumpurple,10,1
41,44.0 to 44.5,8,"[2, 0, 1, 0, 0, 0, 0, 0, 0, 0, 0, 0]",cMajor,Piano Sonata K333 i Bb major.mid by Mozart.csv,1783,Cmaj-root,C-EG,slateblue,2,1
42,45.0 to 45.5,4,"[1, 0, 0, 0, 1, 0, 0, 1, 0, 0, 0, 0]",cMajor,Piano Sonata K333 i Bb major.mid by Mozart.csv,1783,Cmaj3rd5th,EG-C,mediumvioletred,8,1
43,46.0 to 46.5,8,"[3, 0, 0, 0, 1, 0, 0, 0, 0, 0, 0, 0]",cMajor,Piano Sonata K333 i Bb major.mid by Mozart.csv,1783,Cmaj-root,C-EG,slateblue,2,1
44,47.0 to 47.5,12,"[0, 0, 0, 0, 1, 0, 0, 0, 0, 2, 0, 1]",aMajor,Piano Sonata K333 i Bb major.mid by Mozart.csv,1783,AminTriad,ACE,steelblue,14,1
45,48.0 to 48.5,5,"[0, 0, 1, 0, 0, 0, 0, 1, 0, 0, 0, 0]",gMajor,Piano Sonata K333 i Bb major.mid by Mozart.csv,1783,Gmaj3rd5th,BD-G,gold,17,1
46,49.0 to 49.5,9,"[1, 0, 0, 0, 0, 0, 1, 0, 0, 1, 0, 0]",dMajor,Piano Sonata K333 i Bb major.mid by Mozart.csv,1783,6-1ofC,A-CF,deepskyblue,7,1
47,50.0 to 50.75,7,"[0, 0, 1, 0, 0, 0, 1, 1, 0, 2, 0, 1]",dMajor,Piano Sonata K333 i Bb major.mid by Mozart.csv,1783,V7ofG,DF#AC,lime,18,1
48,51.0 to 51.75,13,"[2, 0, 1, 0, 0, 0, 0, 0, 0, 2, 0, 1]",fMajor,Piano Sonata K333 i Bb major.mid by Mozart.csv,1783,Cmaj5-1tet,BC-AG,darkviolet,12,1
49,52.0 to 52.75,7,"[1, 0, 1, 0, 0, 0, 2, 0, 0, 1, 0, 0]",dMajor,Piano Sonata K333 i Bb major.mid by Mozart.csv,1783,V7ofG,DF#AC,lime,18,1
50,53.0 to 53.75,7,"[1, 0, 1, 0, 0, 0, 1, 0, 0, 2, 0, 1]",dMajor,Piano Sonata K333 i Bb major.mid by Mozart.csv,1783,V7ofG,DF#AC,lime,18,1
51,54.0 to 54.75,9,"[1, 0, 0, 0, 0, 0, 1, 1, 0, 2, 0, 1]",dMajor,Piano Sonata K333 i Bb major.mid by Mozart.csv,1783,6-1ofC,A-CF,deepskyblue,7,1
52,55.0 to 55.75,7,"[1, 0, 2, 0, 1, 0, 1, 0, 0, 1, 0, 0]",dMajor,Piano Sonata K333 i Bb major.mid by Mozart.csv,1783,V7ofG,DF#AC,lime,18,1
53,56.0 to 56.75,18,"[1, 0, 1, 0, 1, 0, 0, 1, 0, 0, 0, 1]",cMajor,Piano Sonata K333 i Bb major.mid by Mozart.csv,1783,V-IofC,D-GBC,crimson,11,1
54,57.0 to 57.5,5,"[0, 0, 2, 0, 0, 0, 0, 0, 0, 0, 0, 1]",gMajor,Piano Sonata K333 i Bb major.mid by Mozart.csv,1783,Gmaj3rd5th,BD-G,gold,17,1
55,58.0 to 58.5,16,"[0, 0, 0, 0, 0, 0, 0, 1, 0, 0, 0, 1]",gMajor,Piano Sonata K333 i Bb major.mid by Mozart.csv,1783,chr,FGAB,mediumpurple,10,1
56,59.0 to 59.75,18,"[1, 0, 2, 0, 1, 0, 0, 0, 0, 0, 0, 2]",gMajor,Piano Sonata K333 i Bb major.mid by Mozart.csv,1783,V-IofC,D-GBC,crimson,11,1
57,60.0 to 60.5,9,"[1, 0, 1, 0, 0, 0, 0, 0, 0, 1, 0, 0]",dMajor,Piano Sonata K333 i Bb major.mid by Mozart.csv,1783,6-1ofC,A-CF,deepskyblue,7,1
58,61.0 to 61.5,7,"[1, 0, 1, 0, 0, 0, 1, 0, 0, 1, 0, 0]",dMajor,Piano Sonata K333 i Bb major.mid by Mozart.csv,1783,V7ofG,DF#AC,lime,18,1
59,62.0 to 62.75,5,"[0, 1, 2, 0, 0, 0, 0, 1, 0, 0, 0, 1]",gMajor,Piano Sonata K333 i Bb major.mid by Mozart.csv,1783,Gmaj3rd5th,BD-G,gold,17,1
60,63.0 to 63.75,18,"[1, 0, 2, 0, 1, 0, 0, 0, 0, 0, 0, 2]",gMajor,Piano Sonata K333 i Bb major.mid by Mozart.csv,1783,V-IofC,D-GBC,crimson,11,1
61,64.0 to 64.5,9,"[1, 0, 1, 0, 0, 0, 0, 0, 0, 1, 0, 0]",dMajor,Piano Sonata K333 i Bb major.mid by Mozart.csv,1783,6-1ofC,A-CF,deepskyblue,7,1
62,65.0 to 65.5,7,"[1, 0, 1, 0, 0, 0, 1, 0, 0, 1, 0, 0]",dMajor,Piano Sonata K333 i Bb major.mid by Mozart.csv,1783,V7ofG,DF#AC,lime,18,1
63,66.0 to 66.75,5,"[0, 1, 2, 0, 0, 0, 0, 1, 0, 0, 0, 1]",gMajor,Piano Sonata K333 i Bb major.mid by Mozart.csv,1783,Gmaj3rd5th,BD-G,gold,17,1
64,67.0 to 67.75,18,"[1, 0, 2, 0, 1, 0, 0, 0, 0, 0, 0, 2]",gMajor,Piano Sonata K333 i Bb major.mid by Mozart.csv,1783,V-IofC,D-GBC,crimson,11,1
65,68.0 to 68.5,12,"[1, 0, 0, 0, 1, 0, 0, 0, 0, 1, 0, 1]",cMinor,Piano Sonata K333 i Bb major.mid by Mozart.csv,1783,AminTriad,ACE,steelblue,14,1
66,69.0 to 69.5,12,"[1, 0, 0, 0, 1, 0, 0, 0, 0, 1, 0, 0]",cMinor,Piano Sonata K333 i Bb major.mid by Mozart.csv,1783,AminTriad,ACE,steelblue,14,1
67,70.0 to 70.5,16,"[0, 1, 0, 0, 1, 0, 0, 1, 0, 1, 0, 0]",aMajor,Piano Sonata K333 i Bb major.mid by Mozart.csv,1783,chr,FGAB,mediumpurple,10,1
68,71.0 to 71.5,4,"[0, 1, 0, 0, 1, 0, 0, 1, 0, 0, 0, 0]",cMajor,Piano Sonata K333 i Bb major.mid by Mozart.csv,1783,Cmaj3rd5th,EG-C,mediumvioletred,8,1
69,72.0 to 72.75,0,"[0, 0, 2, 0, 0, 0, 1, 1, 0, 0, 0, 0]",dMajor,Piano Sonata K333 i Bb major.mid by Mozart.csv,1783,VofG,D-F#A,greenyellow,15,1
70,73.0 to 73.75,10,"[0, 0, 1, 0, 1, 0, 0, 1, 0, 1, 0, 0]",dMajor,Piano Sonata K333 i Bb major.mid by Mozart.csv,1783,Cmaj2-5tet,DEFG,violet,6,1
71,74.0 to 74.75,7,"[0, 0, 1, 0, 0, 0, 1, 0, 0, 1, 0, 1]",dMajor,Piano Sonata K333 i Bb major.mid by Mozart.csv,1783,V7ofG,DF#AC,lime,18,1
72,75.0 to 75.75,18,"[1, 0, 1, 0, 0, 0, 0, 1, 0, 0, 0, 1]",gMajor,Piano Sonata K333 i Bb major.mid by Mozart.csv,1783,V-IofC,D-GBC,crimson,11,1
73,76.0 to 76.5,9,"[1, 0, 1, 0, 0, 0, 0, 0, 0, 1, 0, 0]",dMajor,Piano Sonata K333 i Bb major.mid by Mozart.csv,1783,6-1ofC,A-CF,deepskyblue,7,1
74,77.0 to 77.5,0,"[0, 0, 1, 0, 0, 0, 1, 0, 0, 1, 0, 0]",dMajor,Piano Sonata K333 i Bb major.mid by Mozart.csv,1783,VofG,D-F#A,greenyellow,15,1
75,78.0 to 78.5,18,"[1, 0, 1, 0, 0, 0, 0, 1, 0, 0, 0, 1]",gMajor,Piano Sonata K333 i Bb major.mid by Mozart.csv,1783,V-IofC,D-GBC,crimson,11,1
76,79.0 to 79.5,10,"[0, 0, 1, 0, 1, 0, 0, 1, 0, 1, 0, 0]",dMajor,Piano Sonata K333 i Bb major.mid by Mozart.csv,1783,Cmaj2-5tet,DEFG,violet,6,1
77,80.0 to 80.75,0,"[0, 1, 3, 0, 0, 0, 1, 0, 0, 0, 0, 0]",dMajor,Piano Sonata K333 i Bb major.mid by Mozart.csv,1783,VofG,D-F#A,greenyellow,15,1
78,81.0 to 81.75,0,"[0, 1, 2, 0, 1, 0, 0, 1, 0, 0, 0, 0]",gMajor,Piano Sonata K333 i Bb major.mid by Mozart.csv,1783,VofG,D-F#A,greenyellow,15,1
79,82.0 to 82.75,0,"[0, 1, 2, 0, 0, 0, 1, 0, 0, 1, 0, 0]",dMajor,Piano Sonata K333 i Bb major.mid by Mozart.csv,1783,VofG,D-F#A,greenyellow,15,1
80,83.0 to 83.75,5,"[0, 1, 2, 0, 0, 0, 0, 1, 0, 0, 0, 1]",gMajor,Piano Sonata K333 i Bb major.mid by Mozart.csv,1783,Gmaj3rd5th,BD-G,gold,17,1
81,84.0 to 84.75,9,"[1, 1, 1, 0, 0, 0, 0, 0, 0, 1, 0, 0]",dMajor,Piano Sonata K333 i Bb major.mid by Mozart.csv,1783,6-1ofC,A-CF,deepskyblue,7,1
82,85.0 to 85.875,7,"[0, 1, 1, 0, 0, 0, 1, 0, 0, 1, 0, 1]",dMajor,Piano Sonata K333 i Bb major.mid by Mozart.csv,1783,V7ofG,DF#AC,lime,18,1
83,86.0 to 86.75,18,"[1, 1, 1, 0, 0, 0, 0, 1, 0, 0, 0, 1]",gMajor,Piano Sonata K333 i Bb major.mid by Mozart.csv,1783,V-IofC,D-GBC,crimson,11,1
84,87.0 to 87.75,16,"[0, 1, 0, 0, 1, 0, 0, 1, 0, 1, 0, 1]",aMajor,Piano Sonata K333 i Bb major.mid by Mozart.csv,1783,chr,FGAB,mediumpurple,10,1
85,88.0 to 88.75,0,"[0, 0, 3, 0, 0, 0, 1, 0, 0, 1, 0, 0]",dMajor,Piano Sonata K333 i Bb major.mid by Mozart.csv,1783,VofG,D-F#A,greenyellow,15,1
86,89.0 to 89.75,0,"[0, 0, 2, 0, 0, 0, 1, 0, 0, 1, 0, 0]",dMajor,Piano Sonata K333 i Bb major.mid by Mozart.csv,1783,VofG,D-F#A,greenyellow,15,1
87,90.0 to 90.0,0,"[0, 0, 2, 0, 0, 0, 0, 0, 0, 0, 0, 0]",dMajor,Piano Sonata K333 i Bb major.mid by Mozart.csv,1783,VofG,D-F#A,greenyellow,15,1
88,92.0 to 92.0,6,"[0, 0, 2, 0, 0, 0, 0, 3, 0, 0, 0, 1]",gMajor,Piano Sonata K333 i Bb major.mid by Mozart.csv,1783,GmajTriad,GBD,orange,13,1
89,93.5 to 93.75,3,"[0, 0, 1, 0, 1, 0, 0, 2, 0, 0, 0, 0]",gMajor,Piano Sonata K333 i Bb major.mid by Mozart.csv,1783,Gmaj-root,G-BD,red,9,1
90,94.0 to 94.5,13,"[1, 0, 0, 0, 0, 0, 0, 0, 0, 0, 0, 1]",gMajor,Piano Sonata K333 i Bb major.mid by Mozart.csv,1783,Cmaj5-1tet,BC-AG,darkviolet,12,1
91,95.0 to 95.5,16,"[0, 0, 0, 0, 0, 0, 0, 1, 0, 1, 0, 0]",cMajor,Piano Sonata K333 i Bb major.mid by Mozart.csv,1783,chr,FGAB,mediumpurple,10,1
92,96.0 to 96.5,4,"[0, 0, 0, 0, 1, 0, 0, 1, 0, 0, 0, 0]",cMajor,Piano Sonata K333 i Bb major.mid by Mozart.csv,1783,Cmaj3rd5th,EG-C,mediumvioletred,8,2
93,97.0 to 97.0,8,"[2, 0, 0, 0, 1, 0, 0, 1, 0, 0, 0, 0]",cMajor,Piano Sonata K333 i Bb major.mid by Mozart.csv,1783,Cmaj-root,C-EG,slateblue,2,2
94,98.5 to 98.5,8,"[2, 0, 1, 0, 0, 0, 0, 0, 0, 0, 0, 0]",cMajor,Piano Sonata K333 i Bb major.mid by Mozart.csv,1783,Cmaj-root,C-EG,slateblue,2,2
95,99.0 to 99.5,1,"[0, 0, 0, 0, 0, 0, 1, 1, 0, 0, 0, 1]",gMajor,Piano Sonata K333 i Bb major.mid by Mozart.csv,1783,Gmaj-IV/vii,F#G-ACE,salmon,16,2
96,100.0 to 100.5,16,"[0, 1, 0, 0, 1, 0, 0, 1, 0, 1, 0, 0]",aMajor,Piano Sonata K333 i Bb major.mid by Mozart.csv,1783,chr,FGAB,mediumpurple,10,2
97,101.0 to 101.5,5,"[0, 0, 1, 0, 0, 0, 0, 0, 0, 1, 0, 1]",dMajor,Piano Sonata K333 i Bb major.mid by Mozart.csv,1783,Gmaj3rd5th,BD-G,gold,17,2
98,102.0 to 102.5,16,"[0, 1, 0, 0, 1, 0, 0, 1, 0, 1, 0, 0]",aMajor,Piano Sonata K333 i Bb major.mid by Mozart.csv,1783,chr,FGAB,mediumpurple,10,2
99,103.0 to 103.5,5,"[0, 0, 1, 0, 0, 0, 0, 0, 0, 1, 0, 1]",dMajor,Piano Sonata K333 i Bb major.mid by Mozart.csv,1783,Gmaj3rd5th,BD-G,gold,17,2
100,104.0 to 104.0,14,"[0, 0, 1, 0, 1, 0, 0, 0, 0, 0, 0, 0]",cMajor,Piano Sonata K333 i Bb major.mid by Mozart.csv,1783,VofAmin,E-BCD,indigo,19,2
101,105.0 to 105.875,18,"[1, 0, 1, 0, 0, 0, 1, 0, 0, 0, 0, 1]",dMinor,Piano Sonata K333 i Bb major.mid by Mozart.csv,1783,V-IofC,D-GBC,crimson,11,2
102,106.0 to 106.5,16,"[0, 0, 0, 0, 0, 0, 0, 1, 0, 0, 0, 1]",gMajor,Piano Sonata K333 i Bb major.mid by Mozart.csv,1783,chr,FGAB,mediumpurple,10,2
103,107.0 to 107.5,0,"[1, 0, 1, 0, 0, 0, 0, 0, 0, 0, 0, 0]",cMajor,Piano Sonata K333 i Bb major.mid by Mozart.csv,1783,VofG,D-F#A,greenyellow,15,2
104,108.0 to 108.5,14,"[1, 0, 0, 1, 1, 0, 0, 0, 0, 0, 0, 0]",cMajor,Piano Sonata K333 i Bb major.mid by Mozart.csv,1783,VofAmin,E-BCD,indigo,19,2
105,109.0 to 109.75,12,"[1, 0, 1, 0, 2, 0, 0, 0, 0, 1, 0, 0]",cMinor,Piano Sonata K333 i Bb major.mid by Mozart.csv,1783,AminTriad,ACE,steelblue,14,2
106,110.0 to 110.5,13,"[1, 0, 0, 0, 0, 0, 0, 0, 0, 1, 0, 1]",fMajor,Piano Sonata K333 i Bb major.mid by Mozart.csv,1783,Cmaj5-1tet,BC-AG,darkviolet,12,2
107,111.0 to 111.5,13,"[1, 0, 0, 0, 0, 0, 0, 0, 0, 0, 0, 1]",gMajor,Piano Sonata K333 i Bb major.mid by Mozart.csv,1783,Cmaj5-1tet,BC-AG,darkviolet,12,2
108,112.0 to 112.5,14,"[0, 0, 1, 0, 1, 0, 0, 0, 0, 0, 0, 1]",eMajor,Piano Sonata K333 i Bb major.mid by Mozart.csv,1783,VofAmin,E-BCD,indigo,19,2
109,113.0 to 113.75,18,"[1, 0, 2, 0, 0, 0, 0, 1, 0, 0, 0, 1]",gMajor,Piano Sonata K333 i Bb major.mid by Mozart.csv,1783,V-IofC,D-GBC,crimson,11,2
110,114.0 to 114.5,16,"[0, 0, 0, 0, 0, 0, 0, 1, 0, 1, 0, 1]",gMajor,Piano Sonata K333 i Bb major.mid by Mozart.csv,1783,chr,FGAB,mediumpurple,10,2
111,115.0 to 115.5,16,"[0, 0, 0, 0, 0, 0, 0, 0, 0, 1, 0, 1]",dMajor,Piano Sonata K333 i Bb major.mid by Mozart.csv,1783,chr,FGAB,mediumpurple,10,2
112,116.0 to 116.5,9,"[1, 0, 1, 0, 0, 0, 0, 0, 0, 1, 0, 0]",dMajor,Piano Sonata K333 i Bb major.mid by Mozart.csv,1783,6-1ofC,A-CF,deepskyblue,7,2
113,117.0 to 117.5,9,"[1, 0, 0, 0, 0, 0, 1, 0, 0, 1, 0, 0]",dMajor,Piano Sonata K333 i Bb major.mid by Mozart.csv,1783,6-1ofC,A-CF,deepskyblue,7,2
114,118.0 to 118.5,13,"[1, 0, 0, 0, 0, 0, 0, 1, 0, 0, 0, 1]",cMajor,Piano Sonata K333 i Bb major.mid by Mozart.csv,1783,Cmaj5-1tet,BC-AG,darkviolet,12,2
115,119.0 to 119.5,4,"[0, 0, 0, 0, 1, 0, 0, 1, 0, 0, 0, 1]",gMinor,Piano Sonata K333 i Bb major.mid by Mozart.csv,1783,Cmaj3rd5th,EG-C,mediumvioletred,8,2
116,120.0 to 120.75,5,"[0, 0, 1, 0, 0, 0, 1, 1, 0, 1, 0, 1]",dMajor,Piano Sonata K333 i Bb major.mid by Mozart.csv,1783,Gmaj3rd5th,BD-G,gold,17,2
117,121.0 to 121.75,0,"[0, 1, 1, 0, 0, 0, 0, 0, 0, 0, 0, 0]",c#Major,Piano Sonata K333 i Bb major.mid by Mozart.csv,1783,VofG,D-F#A,greenyellow,15,2
118,122.0 to 122.75,0,"[1, 0, 2, 0, 1, 0, 0, 0, 0, 0, 0, 0]",cMajor,Piano Sonata K333 i Bb major.mid by Mozart.csv,1783,VofG,D-F#A,greenyellow,15,2
119,123.0 to 123.75,13,"[1, 0, 0, 0, 0, 0, 0, 0, 0, 1, 0, 1]",fMajor,Piano Sonata K333 i Bb major.mid by Mozart.csv,1783,Cmaj5-1tet,BC-AG,darkviolet,12,2
120,124.0 to 124.0,5,"[0, 0, 1, 0, 0, 0, 0, 1, 0, 0, 0, 1]",gMajor,Piano Sonata K333 i Bb major.mid by Mozart.csv,1783,Gmaj3rd5th,BD-G,gold,17,2
121,125.0 to 125.75,5,"[0, 0, 1, 0, 1, 0, 0, 1, 0, 0, 0, 1]",gMajor,Piano Sonata K333 i Bb major.mid by Mozart.csv,1783,Gmaj3rd5th,BD-G,gold,17,2
122,126.0 to 126.5,13,"[1, 0, 0, 0, 0, 0, 0, 0, 0, 0, 0, 1]",gMajor,Piano Sonata K333 i Bb major.mid by Mozart.csv,1783,Cmaj5-1tet,BC-AG,darkviolet,12,2
123,127.0 to 127.5,16,"[0, 0, 0, 0, 0, 0, 0, 1, 0, 1, 0, 0]",cMajor,Piano Sonata K333 i Bb major.mid by Mozart.csv,1783,chr,FGAB,mediumpurple,10,2
124,128.0 to 128.5,4,"[0, 0, 0, 0, 1, 0, 0, 1, 0, 0, 0, 0]",cMajor,Piano Sonata K333 i Bb major.mid by Mozart.csv,1783,Cmaj3rd5th,EG-C,mediumvioletred,8,2
125,129.0 to 129.0,8,"[2, 0, 0, 0, 1, 0, 0, 1, 0, 0, 0, 0]",cMajor,Piano Sonata K333 i Bb major.mid by Mozart.csv,1783,Cmaj-root,C-EG,slateblue,2,2
126,130.5 to 130.5,8,"[2, 0, 1, 0, 0, 0, 0, 0, 0, 0, 0, 0]",cMajor,Piano Sonata K333 i Bb major.mid by Mozart.csv,1783,Cmaj-root,C-EG,slateblue,2,2
127,131.0 to 131.5,1,"[0, 0, 0, 0, 0, 0, 1, 1, 0, 0, 0, 1]",gMajor,Piano Sonata K333 i Bb major.mid by Mozart.csv,1783,Gmaj-IV/vii,F#G-ACE,salmon,16,2
128,132.0 to 132.5,16,"[0, 1, 0, 0, 1, 0, 0, 1, 0, 1, 0, 0]",aMajor,Piano Sonata K333 i Bb major.mid by Mozart.csv,1783,chr,FGAB,mediumpurple,10,2
129,133.0 to 133.5,5,"[0, 0, 1, 0, 0, 0, 0, 1, 0, 0, 0, 1]",gMajor,Piano Sonata K333 i Bb major.mid by Mozart.csv,1783,Gmaj3rd5th,BD-G,gold,17,2
130,134.0 to 134.5,16,"[0, 1, 0, 0, 1, 0, 0, 1, 0, 1, 0, 0]",aMajor,Piano Sonata K333 i Bb major.mid by Mozart.csv,1783,chr,FGAB,mediumpurple,10,2
131,135.0 to 135.5,5,"[0, 0, 1, 0, 0, 0, 0, 1, 0, 0, 0, 1]",gMajor,Piano Sonata K333 i Bb major.mid by Mozart.csv,1783,Gmaj3rd5th,BD-G,gold,17,2
132,136.0 to 136.0,10,"[0, 0, 1, 0, 1, 0, 0, 1, 0, 0, 0, 0]",cMajor,Piano Sonata K333 i Bb major.mid by Mozart.csv,1783,Cmaj2-5tet,DEFG,violet,6,2
133,137.0 to 137.5,9,"[1, 1, 0, 0, 0, 0, 1, 0, 0, 1, 0, 0]",aMinor,Piano Sonata K333 i Bb major.mid by Mozart.csv,1783,6-1ofC,A-CF,deepskyblue,7,2
134,138.0 to 138.5,16,"[0, 0, 0, 0, 0, 0, 0, 1, 0, 0, 0, 1]",gMajor,Piano Sonata K333 i Bb major.mid by Mozart.csv,1783,chr,FGAB,mediumpurple,10,2
135,139.0 to 139.5,0,"[1, 0, 1, 0, 0, 0, 0, 0, 0, 0, 0, 0]",cMajor,Piano Sonata K333 i Bb major.mid by Mozart.csv,1783,VofG,D-F#A,greenyellow,15,2
136,140.0 to 140.5,14,"[0, 0, 0, 1, 2, 0, 0, 0, 0, 0, 0, 0]",cMajor,Piano Sonata K333 i Bb major.mid by Mozart.csv,1783,VofAmin,E-BCD,indigo,19,2
137,141.0 to 141.75,14,"[0, 0, 1, 0, 2, 0, 1, 0, 1, 0, 0, 0]",eMinor,Piano Sonata K333 i Bb major.mid by Mozart.csv,1783,VofAmin,E-BCD,indigo,19,2
138,142.0 to 142.75,8,"[3, 0, 0, 0, 0, 0, 0, 0, 0, 1, 0, 1]",fMajor,Piano Sonata K333 i Bb major.mid by Mozart.csv,1783,Cmaj-root,C-EG,slateblue,2,2
139,143.0 to 143.75,13,"[1, 0, 0, 0, 0, 0, 0, 1, 0, 1, 0, 2]",gMajor,Piano Sonata K333 i Bb major.mid by Mozart.csv,1783,Cmaj5-1tet,BC-AG,darkviolet,12,2
140,144.0 to 144.75,1,"[0, 0, 0, 0, 1, 0, 1, 2, 0, 1, 0, 0]",cMajor,Piano Sonata K333 i Bb major.mid by Mozart.csv,1783,Gmaj-IV/vii,F#G-ACE,salmon,16,2
141,145.0 to 145.75,0,"[1, 0, 2, 0, 1, 0, 1, 0, 0, 0, 0, 0]",dMajor,Piano Sonata K333 i Bb major.mid by Mozart.csv,1783,VofG,D-F#A,greenyellow,15,2
142,146.0 to 146.75,18,"[1, 0, 1, 0, 1, 0, 0, 1, 0, 0, 0, 1]",cMajor,Piano Sonata K333 i Bb major.mid by Mozart.csv,1783,V-IofC,D-GBC,crimson,11,2
143,147.0 to 147.75,1,"[0, 0, 0, 0, 0, 0, 1, 1, 0, 0, 0, 1]",gMajor,Piano Sonata K333 i Bb major.mid by Mozart.csv,1783,Gmaj-IV/vii,F#G-ACE,salmon,16,2
144,148.0 to 148.75,1,"[1, 0, 0, 0, 1, 0, 1, 1, 0, 1, 0, 0]",cMajor,Piano Sonata K333 i Bb major.mid by Mozart.csv,1783,Gmaj-IV/vii,F#G-ACE,salmon,16,2
145,149.0 to 149.75,8,"[2, 0, 1, 0, 1, 0, 1, 0, 0, 0, 0, 0]",cMajor,Piano Sonata K333 i Bb major.mid by Mozart.csv,1783,Cmaj-root,C-EG,slateblue,2,2
146,150.0 to 150.0,5,"[0, 0, 1, 0, 0, 0, 0, 0, 0, 0, 0, 1]",gMajor,Piano Sonata K333 i Bb major.mid by Mozart.csv,1783,Gmaj3rd5th,BD-G,gold,17,2
147,151.0 to 151.875,5,"[0, 0, 1, 0, 0, 0, 1, 1, 0, 1, 0, 1]",dMajor,Piano Sonata K333 i Bb major.mid by Mozart.csv,1783,Gmaj3rd5th,BD-G,gold,17,2
148,152.0 to 152.75,3,"[0, 1, 1, 0, 0, 0, 0, 2, 0, 0, 0, 0]",gMajor,Piano Sonata K333 i Bb major.mid by Mozart.csv,1783,Gmaj-root,G-BD,red,9,2
149,153.0 to 153.75,14,"[0, 1, 1, 0, 1, 0, 0, 0, 0, 0, 0, 0]",aMajor,Piano Sonata K333 i Bb major.mid by Mozart.csv,1783,VofAmin,E-BCD,indigo,19,2
150,154.0 to 154.75,18,"[1, 0, 1, 0, 0, 0, 0, 0, 0, 0, 0, 1]",gMajor,Piano Sonata K333 i Bb major.mid by Mozart.csv,1783,V-IofC,D-GBC,crimson,11,2
151,155.0 to 155.75,16,"[0, 0, 1, 0, 0, 0, 0, 1, 0, 1, 0, 0]",dMajor,Piano Sonata K333 i Bb major.mid by Mozart.csv,1783,chr,FGAB,mediumpurple,10,2
152,156.0 to 156.75,7,"[1, 0, 1, 0, 0, 0, 1, 0, 0, 2, 0, 0]",dMajor,Piano Sonata K333 i Bb major.mid by Mozart.csv,1783,V7ofG,DF#AC,lime,18,2
153,157.0 to 157.75,0,"[1, 0, 1, 0, 0, 0, 1, 0, 0, 0, 0, 0]",dMajor,Piano Sonata K333 i Bb major.mid by Mozart.csv,1783,VofG,D-F#A,greenyellow,15,2
154,158.0 to 158.75,7,"[1, 0, 1, 0, 0, 0, 1, 0, 0, 2, 0, 0]",dMajor,Piano Sonata K333 i Bb major.mid by Mozart.csv,1783,V7ofG,DF#AC,lime,18,2
155,159.0 to 159.75,0,"[1, 0, 1, 0, 0, 0, 1, 0, 0, 0, 0, 0]",dMajor,Piano Sonata K333 i Bb major.mid by Mozart.csv,1783,VofG,D-F#A,greenyellow,15,2
156,160.0 to 160.75,5,"[0, 0, 1, 0, 0, 0, 1, 1, 0, 1, 0, 1]",dMajor,Piano Sonata K333 i Bb major.mid by Mozart.csv,1783,Gmaj3rd5th,BD-G,gold,17,2
157,161.0 to 161.75,13,"[1, 0, 1, 0, 0, 0, 0, 1, 0, 1, 0, 1]",gMajor,Piano Sonata K333 i Bb major.mid by Mozart.csv,1783,Cmaj5-1tet,BC-AG,darkviolet,12,2
158,162.0 to 162.75,5,"[0, 1, 2, 0, 0, 0, 0, 0, 0, 0, 1, 1]",gMajor,Piano Sonata K333 i Bb major.mid by Mozart.csv,1783,Gmaj3rd5th,BD-G,gold,17,2
159,163.0 to 163.75,5,"[0, 1, 2, 0, 0, 0, 0, 0, 0, 0, 1, 1]",gMajor,Piano Sonata K333 i Bb major.mid by Mozart.csv,1783,Gmaj3rd5th,BD-G,gold,17,2
160,164.0 to 164.75,7,"[1, 0, 1, 0, 0, 0, 1, 0, 0, 2, 0, 0]",dMajor,Piano Sonata K333 i Bb major.mid by Mozart.csv,1783,V7ofG,DF#AC,lime,18,2
161,165.0 to 165.75,0,"[1, 0, 1, 0, 0, 0, 1, 0, 0, 0, 0, 0]",dMajor,Piano Sonata K333 i Bb major.mid by Mozart.csv,1783,VofG,D-F#A,greenyellow,15,2
162,166.0 to 166.75,7,"[1, 0, 1, 0, 0, 0, 1, 0, 0, 2, 0, 0]",dMajor,Piano Sonata K333 i Bb major.mid by Mozart.csv,1783,V7ofG,DF#AC,lime,18,2
163,167.0 to 167.75,0,"[1, 0, 1, 0, 0, 0, 1, 0, 0, 0, 0, 0]",dMajor,Piano Sonata K333 i Bb major.mid by Mozart.csv,1783,VofG,D-F#A,greenyellow,15,2
164,168.0 to 168.75,5,"[0, 0, 1, 0, 0, 0, 1, 1, 0, 1, 0, 1]",dMajor,Piano Sonata K333 i Bb major.mid by Mozart.csv,1783,Gmaj3rd5th,BD-G,gold,17,2
165,169.0 to 169.75,13,"[1, 0, 1, 0, 0, 0, 0, 1, 0, 1, 0, 1]",gMajor,Piano Sonata K333 i Bb major.mid by Mozart.csv,1783,Cmaj5-1tet,BC-AG,darkviolet,12,2
166,170.0 to 170.75,5,"[0, 1, 2, 0, 0, 0, 0, 0, 0, 0, 1, 1]",gMajor,Piano Sonata K333 i Bb major.mid by Mozart.csv,1783,Gmaj3rd5th,BD-G,gold,17,2
167,171.0 to 171.75,5,"[0, 1, 2, 0, 0, 0, 0, 0, 0, 0, 1, 1]",gMajor,Piano Sonata K333 i Bb major.mid by Mozart.csv,1783,Gmaj3rd5th,BD-G,gold,17,2
168,172.0 to 172.5,14,"[1, 0, 0, 0, 2, 0, 0, 0, 0, 0, 0, 0]",cMajor,Piano Sonata K333 i Bb major.mid by Mozart.csv,1783,VofAmin,E-BCD,indigo,19,2
169,173.0 to 173.5,14,"[1, 0, 0, 0, 2, 0, 0, 0, 0, 0, 0, 1]",cMajor,Piano Sonata K333 i Bb major.mid by Mozart.csv,1783,VofAmin,E-BCD,indigo,19,2
170,174.0 to 174.5,0,"[0, 0, 1, 0, 0, 0, 2, 0, 0, 0, 0, 0]",dMajor,Piano Sonata K333 i Bb major.mid by Mozart.csv,1783,VofG,D-F#A,greenyellow,15,2
171,175.0 to 175.5,0,"[0, 1, 1, 0, 0, 0, 2, 0, 0, 0, 0, 0]",f#Major,Piano Sonata K333 i Bb major.mid by Mozart.csv,1783,VofG,D-F#A,greenyellow,15,2
172,176.0 to 176.5,8,"[2, 0, 0, 1, 0, 0, 0, 0, 0, 0, 0, 0]",g#Major,Piano Sonata K333 i Bb major.mid by Mozart.csv,1783,Cmaj-root,C-EG,slateblue,2,2
173,177.0 to 177.5,8,"[2, 1, 0, 1, 0, 0, 0, 0, 0, 0, 0, 0]",g#Major,Piano Sonata K333 i Bb major.mid by Mozart.csv,1783,Cmaj-root,C-EG,slateblue,2,2
174,178.0 to 178.5,14,"[0, 0, 0, 0, 1, 0, 0, 0, 0, 0, 0, 2]",eMajor,Piano Sonata K333 i Bb major.mid by Mozart.csv,1783,VofAmin,E-BCD,indigo,19,2
175,179.0 to 179.5,14,"[0, 0, 0, 1, 1, 0, 0, 0, 0, 0, 0, 2]",eMajor,Piano Sonata K333 i Bb major.mid by Mozart.csv,1783,VofAmin,E-BCD,indigo,19,2
176,180.0 to 180.75,13,"[1, 0, 0, 0, 0, 0, 0, 0, 0, 1, 0, 1]",fMajor,Piano Sonata K333 i Bb major.mid by Mozart.csv,1783,Cmaj5-1tet,BC-AG,darkviolet,12,2
177,181.0 to 181.75,13,"[2, 0, 1, 0, 0, 0, 0, 0, 0, 2, 0, 1]",fMajor,Piano Sonata K333 i Bb major.mid by Mozart.csv,1783,Cmaj5-1tet,BC-AG,darkviolet,12,2
178,182.0 to 182.0,5,"[0, 0, 1, 0, 0, 0, 0, 1, 0, 0, 0, 1]",gMajor,Piano Sonata K333 i Bb major.mid by Mozart.csv,1783,Gmaj3rd5th,BD-G,gold,17,2
179,183.0 to 183.0,0,"[1, 0, 1, 0, 0, 0, 1, 0, 0, 0, 0, 0]",dMajor,Piano Sonata K333 i Bb major.mid by Mozart.csv,1783,VofG,D-F#A,greenyellow,15,2
180,184.0 to 184.5,3,"[0, 0, 0, 0, 0, 0, 0, 2, 0, 0, 0, 1]",gMajor,Piano Sonata K333 i Bb major.mid by Mozart.csv,1783,Gmaj-root,G-BD,red,9,2
181,185.0 to 185.5,3,"[0, 0, 0, 0, 0, 0, 1, 2, 0, 0, 0, 1]",gMajor,Piano Sonata K333 i Bb major.mid by Mozart.csv,1783,Gmaj-root,G-BD,red,9,2
182,186.0 to 186.5,16,"[0, 0, 0, 0, 0, 1, 0, 1, 0, 0, 0, 1]",gMajor,Piano Sonata K333 i Bb major.mid by Mozart.csv,1783,chr,FGAB,mediumpurple,10,2
183,187.0 to 187.5,10,"[0, 0, 0, 0, 1, 1, 0, 1, 0, 0, 0, 1]",gMinor,Piano Sonata K333 i Bb major.mid by Mozart.csv,1783,Cmaj2-5tet,DEFG,violet,6,2
184,188.0 to 188.5,14,"[0, 0, 1, 0, 1, 0, 0, 0, 1, 0, 0, 1]",eMajor,Piano Sonata K333 i Bb major.mid by Mozart.csv,1783,VofAmin,E-BCD,indigo,19,2
185,189.0 to 189.5,14,"[0, 0, 1, 0, 1, 0, 0, 0, 1, 0, 0, 1]",eMajor,Piano Sonata K333 i Bb major.mid by Mozart.csv,1783,VofAmin,E-BCD,indigo,19,2
186,190.0 to 190.5,12,"[1, 0, 0, 0, 1, 0, 0, 0, 0, 1, 0, 0]",cMinor,Piano Sonata K333 i Bb major.mid by Mozart.csv,1783,AminTriad,ACE,steelblue,14,2
187,191.0 to 191.5,12,"[1, 0, 0, 0, 1, 0, 0, 0, 0, 1, 0, 0]",cMinor,Piano Sonata K333 i Bb major.mid by Mozart.csv,1783,AminTriad,ACE,steelblue,14,2
188,192.0 to 192.5,7,"[1, 0, 1, 0, 0, 0, 1, 0, 0, 1, 0, 0]",dMajor,Piano Sonata K333 i Bb major.mid by Mozart.csv,1783,V7ofG,DF#AC,lime,18,2
189,193.0 to 193.5,7,"[1, 0, 1, 0, 0, 0, 1, 0, 0, 1, 0, 0]",dMajor,Piano Sonata K333 i Bb major.mid by Mozart.csv,1783,V7ofG,DF#AC,lime,18,2
190,194.0 to 194.5,5,"[0, 0, 1, 0, 0, 0, 0, 1, 0, 0, 0, 1]",gMajor,Piano Sonata K333 i Bb major.mid by Mozart.csv,1783,Gmaj3rd5th,BD-G,gold,17,2
191,195.0 to 195.5,5,"[0, 0, 1, 0, 0, 0, 0, 1, 0, 0, 0, 1]",gMajor,Piano Sonata K333 i Bb major.mid by Mozart.csv,1783,Gmaj3rd5th,BD-G,gold,17,2
192,196.0 to 196.5,14,"[0, 0, 0, 1, 1, 0, 0, 0, 0, 0, 0, 0]",cMajor,Piano Sonata K333 i Bb major.mid by Mozart.csv,1783,VofAmin,E-BCD,indigo,19,2
193,197.0 to 197.5,1,"[0, 1, 0, 0, 0, 0, 1, 1, 0, 1, 0, 0]",aMinor,Piano Sonata K333 i Bb major.mid by Mozart.csv,1783,Gmaj-IV/vii,F#G-ACE,salmon,16,2
194,198.0 to 198.0,5,"[0, 0, 1, 0, 0, 0, 0, 1, 0, 0, 0, 1]",gMajor,Piano Sonata K333 i Bb major.mid by Mozart.csv,1783,Gmaj3rd5th,BD-G,gold,17,2
195,199.0 to 199.5,7,"[1, 0, 1, 0, 0, 0, 1, 0, 0, 1, 0, 1]",dMajor,Piano Sonata K333 i Bb major.mid by Mozart.csv,1783,V7ofG,DF#AC,lime,18,2
196,200.0 to 200.75,5,"[0, 0, 1, 0, 0, 0, 0, 1, 0, 0, 0, 2]",gMajor,Piano Sonata K333 i Bb major.mid by Mozart.csv,1783,Gmaj3rd5th,BD-G,gold,17,2
197,201.0 to 201.75,7,"[1, 0, 1, 0, 0, 1, 1, 0, 0, 1, 0, 1]",dMajor,Piano Sonata K333 i Bb major.mid by Mozart.csv,1783,V7ofG,DF#AC,lime,18,2
198,202.0 to 202.75,4,"[1, 0, 0, 0, 1, 0, 0, 2, 0, 0, 0, 1]",gMinor,Piano Sonata K333 i Bb major.mid by Mozart.csv,1783,Cmaj3rd5th,EG-C,mediumvioletred,8,2
199,203.0 to 203.75,7,"[1, 0, 1, 0, 0, 1, 1, 0, 0, 1, 0, 1]",dMajor,Piano Sonata K333 i Bb major.mid by Mozart.csv,1783,V7ofG,DF#AC,lime,18,2
200,204.0 to 204.75,4,"[1, 0, 0, 0, 1, 0, 0, 2, 0, 0, 0, 1]",gMinor,Piano Sonata K333 i Bb major.mid by Mozart.csv,1783,Cmaj3rd5th,EG-C,mediumvioletred,8,2
201,205.0 to 205.75,7,"[1, 0, 1, 0, 0, 1, 1, 0, 0, 1, 0, 1]",dMajor,Piano Sonata K333 i Bb major.mid by Mozart.csv,1783,V7ofG,DF#AC,lime,18,2
202,206.0 to 206.75,15,"[1, 0, 1, 0, 2, 1, 0, 0, 0, 0, 0, 1]",cMajor,Piano Sonata K333 i Bb major.mid by Mozart.csv,1783,Cmaj1-4tet,C-DEF,blue,3,2
203,207.0 to 207.75,9,"[1, 0, 0, 0, 1, 0, 1, 1, 0, 2, 0, 0]",cMinor,Piano Sonata K333 i Bb major.mid by Mozart.csv,1783,6-1ofC,A-CF,deepskyblue,7,2
204,208.0 to 208.75,13,"[0, 0, 0, 0, 0, 0, 0, 1, 0, 1, 0, 2]",gMajor,Piano Sonata K333 i Bb major.mid by Mozart.csv,1783,Cmaj5-1tet,BC-AG,darkviolet,12,2
205,209.0 to 209.75,10,"[0, 0, 0, 1, 1, 1, 0, 1, 0, 0, 0, 0]",cMajor,Piano Sonata K333 i Bb major.mid by Mozart.csv,1783,Cmaj2-5tet,DEFG,violet,6,2
206,210.0 to 210.75,18,"[2, 0, 1, 0, 1, 0, 0, 0, 0, 0, 0, 1]",cMajor,Piano Sonata K333 i Bb major.mid by Mozart.csv,1783,V-IofC,D-GBC,crimson,11,2
207,211.0 to 211.75,1,"[0, 0, 0, 0, 1, 0, 1, 1, 0, 1, 0, 0]",cMajor,Piano Sonata K333 i Bb major.mid by Mozart.csv,1783,Gmaj-IV/vii,F#G-ACE,salmon,16,2
208,212.0 to 212.75,6,"[0, 0, 3, 0, 0, 0, 0, 2, 0, 0, 0, 1]",gMajor,Piano Sonata K333 i Bb major.mid by Mozart.csv,1783,GmajTriad,GBD,orange,13,2
209,213.0 to 213.5,3,"[0, 0, 0, 0, 0, 0, 0, 3, 0, 0, 0, 2]",gMajor,Piano Sonata K333 i Bb major.mid by Mozart.csv,1783,Gmaj-root,G-BD,red,9,2
210,214.0 to 214.5,7,"[1, 0, 2, 0, 0, 0, 0, 0, 0, 2, 0, 1]",dMajor,Piano Sonata K333 i Bb major.mid by Mozart.csv,1783,V7ofG,DF#AC,lime,18,2
211,215.0 to 215.5,9,"[1, 0, 0, 0, 0, 0, 1, 1, 0, 2, 0, 1]",dMajor,Piano Sonata K333 i Bb major.mid by Mozart.csv,1783,6-1ofC,A-CF,deepskyblue,7,2
212,216.0 to 216.75,3,"[0, 0, 0, 0, 0, 0, 0, 3, 0, 0, 0, 2]",gMajor,Piano Sonata K333 i Bb major.mid by Mozart.csv,1783,Gmaj-root,G-BD,red,9,2
213,217.0 to 217.75,7,"[1, 0, 1, 0, 0, 1, 1, 0, 0, 1, 0, 1]",dMajor,Piano Sonata K333 i Bb major.mid by Mozart.csv,1783,V7ofG,DF#AC,lime,18,2
214,218.0 to 218.75,3,"[1, 0, 0, 0, 1, 0, 0, 3, 0, 0, 0, 1]",cMajor,Piano Sonata K333 i Bb major.mid by Mozart.csv,1783,Gmaj-root,G-BD,red,9,2
215,219.0 to 219.75,7,"[1, 0, 1, 0, 0, 1, 1, 0, 0, 1, 0, 1]",dMajor,Piano Sonata K333 i Bb major.mid by Mozart.csv,1783,V7ofG,DF#AC,lime,18,2
216,220.0 to 220.75,3,"[1, 0, 0, 0, 1, 0, 0, 3, 0, 0, 0, 1]",cMajor,Piano Sonata K333 i Bb major.mid by Mozart.csv,1783,Gmaj-root,G-BD,red,9,2
217,221.0 to 221.75,7,"[1, 0, 1, 0, 0, 1, 1, 0, 0, 1, 0, 1]",dMajor,Piano Sonata K333 i Bb major.mid by Mozart.csv,1783,V7ofG,DF#AC,lime,18,2
218,222.0 to 222.75,18,"[1, 0, 1, 0, 1, 0, 0, 1, 0, 0, 0, 1]",cMajor,Piano Sonata K333 i Bb major.mid by Mozart.csv,1783,V-IofC,D-GBC,crimson,11,2
219,223.0 to 223.75,1,"[1, 0, 0, 0, 1, 0, 1, 1, 0, 1, 0, 0]",cMajor,Piano Sonata K333 i Bb major.mid by Mozart.csv,1783,Gmaj-IV/vii,F#G-ACE,salmon,16,2
220,224.0 to 224.75,5,"[0, 0, 1, 0, 1, 0, 1, 1, 0, 0, 0, 2]",gMajor,Piano Sonata K333 i Bb major.mid by Mozart.csv,1783,Gmaj3rd5th,BD-G,gold,17,2
221,225.0 to 225.75,13,"[1, 0, 0, 0, 0, 0, 0, 1, 0, 1, 0, 1]",fMajor,Piano Sonata K333 i Bb major.mid by Mozart.csv,1783,Cmaj5-1tet,BC-AG,darkviolet,12,2
222,226.0 to 226.75,8,"[3, 0, 1, 0, 1, 0, 0, 0, 0, 0, 0, 1]",cMajor,Piano Sonata K333 i Bb major.mid by Mozart.csv,1783,Cmaj-root,C-EG,slateblue,2,2
223,227.0 to 227.75,1,"[0, 0, 0, 0, 1, 0, 1, 1, 0, 1, 0, 0]",cMajor,Piano Sonata K333 i Bb major.mid by Mozart.csv,1783,Gmaj-IV/vii,F#G-ACE,salmon,16,2
224,228.0 to 228.75,6,"[0, 0, 3, 0, 0, 0, 0, 1, 0, 0, 0, 1]",gMajor,Piano Sonata K333 i Bb major.mid by Mozart.csv,1783,GmajTriad,GBD,orange,13,2
225,229.0 to 229.75,5,"[0, 0, 2, 0, 0, 0, 0, 1, 0, 0, 0, 1]",gMajor,Piano Sonata K333 i Bb major.mid by Mozart.csv,1783,Gmaj3rd5th,BD-G,gold,17,2
226,230.0 to 230.75,6,"[0, 0, 3, 0, 0, 0, 0, 2, 0, 0, 0, 2]",gMajor,Piano Sonata K333 i Bb major.mid by Mozart.csv,1783,GmajTriad,GBD,orange,13,2
227,231.0 to 231.75,6,"[0, 0, 2, 0, 0, 0, 0, 3, 0, 0, 0, 2]",gMajor,Piano Sonata K333 i Bb major.mid by Mozart.csv,1783,GmajTriad,GBD,orange,13,2
228,232.0 to 232.875,7,"[1, 0, 1, 0, 0, 0, 1, 0, 0, 1, 0, 1]",dMajor,Piano Sonata K333 i Bb major.mid by Mozart.csv,1783,V7ofG,DF#AC,lime,18,2
229,233.0 to 233.875,7,"[1, 0, 1, 0, 0, 0, 1, 0, 0, 1, 0, 1]",dMajor,Piano Sonata K333 i Bb major.mid by Mozart.csv,1783,V7ofG,DF#AC,lime,18,2
230,234.0 to 234.875,7,"[1, 0, 1, 0, 0, 0, 1, 0, 0, 1, 0, 1]",dMajor,Piano Sonata K333 i Bb major.mid by Mozart.csv,1783,V7ofG,DF#AC,lime,18,2
231,235.0 to 235.875,7,"[1, 0, 1, 0, 0, 0, 1, 1, 0, 1, 0, 1]",dMajor,Piano Sonata K333 i Bb major.mid by Mozart.csv,1783,V7ofG,DF#AC,lime,18,2
232,236.0 to 236.5,3,"[0, 0, 0, 0, 0, 0, 0, 3, 0, 0, 0, 0]",cMajor,Piano Sonata K333 i Bb major.mid by Mozart.csv,1783,Gmaj-root,G-BD,red,9,2
233,237.0 to 237.5,1,"[0, 0, 0, 0, 0, 0, 1, 2, 0, 0, 0, 0]",cMajor,Piano Sonata K333 i Bb major.mid by Mozart.csv,1783,Gmaj-IV/vii,F#G-ACE,salmon,16,2
234,238.0 to 238.5,1,"[0, 0, 0, 0, 0, 0, 1, 2, 0, 1, 0, 0]",dMajor,Piano Sonata K333 i Bb major.mid by Mozart.csv,1783,Gmaj-IV/vii,F#G-ACE,salmon,16,2
235,239.0 to 239.5,16,"[0, 0, 0, 0, 0, 1, 1, 0, 0, 1, 0, 1]",bMajor,Piano Sonata K333 i Bb major.mid by Mozart.csv,1783,chr,FGAB,mediumpurple,10,2
236,240.0 to 240.75,4,"[1, 0, 1, 0, 2, 0, 0, 1, 0, 0, 0, 0]",cMajor,Piano Sonata K333 i Bb major.mid by Mozart.csv,1783,Cmaj3rd5th,EG-C,mediumvioletred,8,2
237,241.0 to 241.75,11,"[1, 0, 0, 1, 0, 0, 0, 2, 0, 1, 1, 0]",e-Major,Piano Sonata K333 i Bb major.mid by Mozart.csv,1783,iv_ofDmin,GBb-C#D,yellow,0,2
238,242.0 to 242.75,3,"[0, 0, 1, 0, 0, 0, 1, 2, 0, 1, 0, 0]",dMajor,Piano Sonata K333 i Bb major.mid by Mozart.csv,1783,Gmaj-root,G-BD,red,9,2
239,243.0 to 243.75,1,"[1, 0, 1, 0, 1, 0, 2, 1, 0, 0, 0, 0]",cMajor,Piano Sonata K333 i Bb major.mid by Mozart.csv,1783,Gmaj-IV/vii,F#G-ACE,salmon,16,2
240,244.0 to 244.5,3,"[0, 0, 0, 0, 0, 0, 0, 2, 0, 0, 0, 1]",gMajor,Piano Sonata K333 i Bb major.mid by Mozart.csv,1783,Gmaj-root,G-BD,red,9,2
241,245.0 to 245.5,1,"[0, 0, 0, 0, 0, 0, 1, 2, 0, 0, 0, 0]",cMajor,Piano Sonata K333 i Bb major.mid by Mozart.csv,1783,Gmaj-IV/vii,F#G-ACE,salmon,16,2
242,246.0 to 246.5,1,"[0, 0, 0, 0, 0, 0, 1, 2, 0, 1, 0, 0]",dMajor,Piano Sonata K333 i Bb major.mid by Mozart.csv,1783,Gmaj-IV/vii,F#G-ACE,salmon,16,2
243,247.0 to 247.5,16,"[0, 0, 0, 0, 0, 1, 1, 0, 0, 1, 0, 1]",bMajor,Piano Sonata K333 i Bb major.mid by Mozart.csv,1783,chr,FGAB,mediumpurple,10,2
244,248.0 to 248.875,18,"[1, 0, 1, 0, 1, 0, 0, 0, 0, 0, 0, 1]",eMajor,Piano Sonata K333 i Bb major.mid by Mozart.csv,1783,V-IofC,D-GBC,crimson,11,2
245,249.0 to 249.5,14,"[1, 0, 1, 0, 1, 0, 0, 0, 0, 0, 0, 0]",cMajor,Piano Sonata K333 i Bb major.mid by Mozart.csv,1783,VofAmin,E-BCD,indigo,19,2
246,250.0 to 250.5,18,"[1, 0, 2, 0, 1, 0, 0, 0, 0, 0, 0, 1]",gMajor,Piano Sonata K333 i Bb major.mid by Mozart.csv,1783,V-IofC,D-GBC,crimson,11,2
247,251.0 to 251.5,0,"[1, 0, 1, 0, 0, 0, 1, 0, 0, 0, 0, 0]",dMajor,Piano Sonata K333 i Bb major.mid by Mozart.csv,1783,VofG,D-F#A,greenyellow,15,2
248,252.0 to 252.0,9,"[1, 0, 0, 0, 0, 0, 0, 1, 0, 1, 0, 0]",cMajor,Piano Sonata K333 i Bb major.mid by Mozart.csv,1783,6-1ofC,A-CF,deepskyblue,7,2
249,253.0 to 253.0,9,"[1, 0, 1, 0, 0, 0, 0, 0, 0, 1, 0, 0]",dMajor,Piano Sonata K333 i Bb major.mid by Mozart.csv,1783,6-1ofC,A-CF,deepskyblue,7,2
250,254.0 to 254.0,3,"[0, 0, 0, 0, 0, 0, 0, 2, 0, 0, 0, 1]",gMajor,Piano Sonata K333 i Bb major.mid by Mozart.csv,1783,Gmaj-root,G-BD,red,9,2
251,255.0 to 255.75,18,"[1, 0, 1, 0, 1, 0, 0, 0, 0, 0, 0, 1]",eMajor,Piano Sonata K333 i Bb major.mid by Mozart.csv,1783,V-IofC,D-GBC,crimson,11,2
252,256.0 to 256.5,3,"[0, 0, 0, 0, 0, 0, 0, 2, 0, 1, 0, 0]",cMajor,Piano Sonata K333 i Bb major.mid by Mozart.csv,1783,Gmaj-root,G-BD,red,9,2
253,257.0 to 257.5,5,"[0, 0, 1, 0, 0, 0, 0, 1, 0, 0, 0, 1]",gMajor,Piano Sonata K333 i Bb major.mid by Mozart.csv,1783,Gmaj3rd5th,BD-G,gold,17,2
254,258.0 to 258.5,3,"[0, 0, 0, 0, 0, 0, 0, 3, 0, 0, 0, 1]",gMajor,Piano Sonata K333 i Bb major.mid by Mozart.csv,1783,Gmaj-root,G-BD,red,9,2
255,259.0 to 259.5,5,"[0, 0, 1, 0, 0, 0, 0, 0, 0, 1, 0, 2]",gMajor,Piano Sonata K333 i Bb major.mid by Mozart.csv,1783,Gmaj3rd5th,BD-G,gold,17,3
256,260.0 to 260.75,9,"[1, 0, 0, 0, 0, 0, 1, 0, 0, 2, 0, 0]",dMajor,Piano Sonata K333 i Bb major.mid by Mozart.csv,1783,6-1ofC,A-CF,deepskyblue,7,3
257,261.0 to 261.5,1,"[1, 0, 0, 0, 0, 0, 2, 0, 0, 0, 0, 0]",dMajor,Piano Sonata K333 i Bb major.mid by Mozart.csv,1783,Gmaj-IV/vii,F#G-ACE,salmon,16,3
258,262.0 to 262.5,9,"[1, 0, 0, 0, 0, 0, 0, 0, 0, 1, 0, 0]",fMajor,Piano Sonata K333 i Bb major.mid by Mozart.csv,1783,6-1ofC,A-CF,deepskyblue,7,3
259,263.0 to 263.75,7,"[2, 0, 1, 0, 0, 0, 1, 0, 0, 1, 0, 1]",dMajor,Piano Sonata K333 i Bb major.mid by Mozart.csv,1783,V7ofG,DF#AC,lime,18,3
260,264.0 to 264.5,1,"[0, 0, 0, 0, 0, 0, 1, 1, 0, 1, 0, 0]",dMajor,Piano Sonata K333 i Bb major.mid by Mozart.csv,1783,Gmaj-IV/vii,F#G-ACE,salmon,16,3
261,265.0 to 265.5,1,"[1, 0, 0, 0, 0, 0, 2, 0, 0, 0, 0, 0]",dMajor,Piano Sonata K333 i Bb major.mid by Mozart.csv,1783,Gmaj-IV/vii,F#G-ACE,salmon,16,3
262,266.0 to 266.5,9,"[1, 0, 0, 0, 0, 0, 1, 0, 0, 2, 0, 0]",dMajor,Piano Sonata K333 i Bb major.mid by Mozart.csv,1783,6-1ofC,A-CF,deepskyblue,7,3
263,267.0 to 267.5,8,"[2, 0, 0, 0, 0, 0, 1, 0, 0, 0, 0, 1]",bMajor,Piano Sonata K333 i Bb major.mid by Mozart.csv,1783,Cmaj-root,C-EG,slateblue,2,3
264,268.0 to 268.75,5,"[0, 0, 1, 0, 0, 0, 0, 0, 1, 0, 0, 2]",gMajor,Piano Sonata K333 i Bb major.mid by Mozart.csv,1783,Gmaj3rd5th,BD-G,gold,17,3
265,269.0 to 269.5,2,"[0, 0, 1, 0, 0, 1, 0, 0, 1, 0, 0, 0]",c#Major,Piano Sonata K333 i Bb major.mid by Mozart.csv,1783,2/4ofCmaj,DF,green,4,3
266,270.0 to 270.5,5,"[0, 0, 1, 0, 0, 0, 0, 0, 0, 0, 0, 2]",gMajor,Piano Sonata K333 i Bb major.mid by Mozart.csv,1783,Gmaj3rd5th,BD-G,gold,17,3
267,271.0 to 271.5,2,"[1, 0, 2, 0, 0, 1, 0, 0, 0, 0, 0, 0]",b-Major,Piano Sonata K333 i Bb major.mid by Mozart.csv,1783,2/4ofCmaj,DF,green,4,3
268,272.0 to 272.75,12,"[2, 0, 0, 0, 1, 0, 0, 0, 0, 1, 0, 0]",cMinor,Piano Sonata K333 i Bb major.mid by Mozart.csv,1783,AminTriad,ACE,steelblue,14,3
269,273.0 to 273.5,9,"[0, 0, 0, 0, 1, 0, 0, 0, 0, 2, 0, 0]",aMajor,Piano Sonata K333 i Bb major.mid by Mozart.csv,1783,6-1ofC,A-CF,deepskyblue,7,3
270,274.0 to 274.75,7,"[1, 0, 1, 0, 0, 0, 1, 0, 0, 1, 0, 0]",dMajor,Piano Sonata K333 i Bb major.mid by Mozart.csv,1783,V7ofG,DF#AC,lime,18,3
271,275.0 to 275.5,9,"[1, 0, 0, 0, 0, 0, 1, 0, 0, 1, 0, 0]",dMajor,Piano Sonata K333 i Bb major.mid by Mozart.csv,1783,6-1ofC,A-CF,deepskyblue,7,3
272,276.0 to 276.75,14,"[0, 1, 0, 0, 2, 0, 0, 1, 0, 0, 0, 0]",aMajor,Piano Sonata K333 i Bb major.mid by Mozart.csv,1783,VofAmin,E-BCD,indigo,19,3
273,277.0 to 277.5,11,"[0, 1, 0, 0, 0, 0, 0, 1, 0, 0, 1, 0]",e-Major,Piano Sonata K333 i Bb major.mid by Mozart.csv,1783,iv_ofDmin,GBb-C#D,yellow,0,3
274,278.0 to 278.5,4,"[0, 1, 0, 0, 1, 0, 0, 1, 0, 0, 0, 0]",cMajor,Piano Sonata K333 i Bb major.mid by Mozart.csv,1783,Cmaj3rd5th,EG-C,mediumvioletred,8,3
275,279.0 to 279.5,11,"[0, 1, 0, 0, 0, 0, 0, 1, 0, 0, 1, 0]",e-Major,Piano Sonata K333 i Bb major.mid by Mozart.csv,1783,iv_ofDmin,GBb-C#D,yellow,0,3
276,280.0 to 280.75,6,"[0, 0, 2, 0, 0, 0, 0, 1, 0, 0, 0, 2]",gMajor,Piano Sonata K333 i Bb major.mid by Mozart.csv,1783,GmajTriad,GBD,orange,13,3
277,281.0 to 281.75,6,"[0, 0, 2, 0, 0, 0, 0, 1, 0, 0, 0, 2]",gMajor,Piano Sonata K333 i Bb major.mid by Mozart.csv,1783,GmajTriad,GBD,orange,13,3
278,282.0 to 282.5,18,"[1, 0, 2, 0, 0, 0, 0, 0, 0, 1, 0, 1]",dMajor,Piano Sonata K333 i Bb major.mid by Mozart.csv,1783,V-IofC,D-GBC,crimson,11,3
279,283.0 to 283.5,5,"[0, 0, 1, 0, 0, 0, 1, 1, 0, 1, 0, 1]",dMajor,Piano Sonata K333 i Bb major.mid by Mozart.csv,1783,Gmaj3rd5th,BD-G,gold,17,3
280,284.0 to 284.75,11,"[0, 0, 1, 0, 0, 0, 0, 2, 0, 0, 1, 0]",b-Minor,Piano Sonata K333 i Bb major.mid by Mozart.csv,1783,iv_ofDmin,GBb-C#D,yellow,0,3
281,285.0 to 285.75,11,"[0, 0, 1, 0, 0, 0, 0, 1, 0, 0, 1, 0]",b-Minor,Piano Sonata K333 i Bb major.mid by Mozart.csv,1783,iv_ofDmin,GBb-C#D,yellow,0,3
282,286.0 to 286.75,11,"[0, 0, 1, 0, 0, 0, 0, 2, 0, 1, 2, 0]",b-Minor,Piano Sonata K333 i Bb major.mid by Mozart.csv,1783,iv_ofDmin,GBb-C#D,yellow,0,3
283,287.0 to 287.75,0,"[1, 0, 2, 0, 1, 0, 1, 1, 0, 0, 1, 0]",b-Minor,Piano Sonata K333 i Bb major.mid by Mozart.csv,1783,VofG,D-F#A,greenyellow,15,3
284,288.0 to 288.75,11,"[0, 0, 2, 0, 0, 0, 0, 2, 0, 1, 2, 0]",b-Minor,Piano Sonata K333 i Bb major.mid by Mozart.csv,1783,iv_ofDmin,GBb-C#D,yellow,0,3
285,289.0 to 289.75,11,"[0, 0, 2, 0, 0, 0, 0, 2, 0, 1, 2, 0]",b-Minor,Piano Sonata K333 i Bb major.mid by Mozart.csv,1783,iv_ofDmin,GBb-C#D,yellow,0,3
286,290.0 to 290.75,11,"[0, 0, 1, 0, 0, 1, 0, 2, 0, 1, 1, 0]",b-Minor,Piano Sonata K333 i Bb major.mid by Mozart.csv,1783,iv_ofDmin,GBb-C#D,yellow,0,3
287,291.0 to 291.75,10,"[0, 0, 2, 0, 1, 1, 0, 1, 0, 0, 1, 0]",b-Major,Piano Sonata K333 i Bb major.mid by Mozart.csv,1783,Cmaj2-5tet,DEFG,violet,6,3
288,292.0 to 292.75,4,"[0, 1, 0, 0, 1, 0, 0, 2, 0, 1, 0, 0]",cMajor,Piano Sonata K333 i Bb major.mid by Mozart.csv,1783,Cmaj3rd5th,EG-C,mediumvioletred,8,3
289,293.0 to 293.75,10,"[0, 0, 0, 0, 1, 1, 0, 2, 0, 1, 0, 0]",cMajor,Piano Sonata K333 i Bb major.mid by Mozart.csv,1783,Cmaj2-5tet,DEFG,violet,6,3
290,294.0 to 294.75,10,"[0, 0, 0, 0, 2, 1, 0, 1, 0, 1, 0, 0]",cMajor,Piano Sonata K333 i Bb major.mid by Mozart.csv,1783,Cmaj2-5tet,DEFG,violet,6,3
291,295.0 to 295.75,14,"[0, 0, 1, 0, 2, 0, 0, 1, 0, 1, 0, 0]",cMajor,Piano Sonata K333 i Bb major.mid by Mozart.csv,1783,VofAmin,E-BCD,indigo,19,3
292,296.0 to 296.75,10,"[0, 1, 1, 0, 1, 0, 0, 1, 0, 1, 0, 0]",aMajor,Piano Sonata K333 i Bb major.mid by Mozart.csv,1783,Cmaj2-5tet,DEFG,violet,6,3
293,297.0 to 297.75,11,"[0, 1, 0, 0, 1, 0, 0, 1, 0, 1, 1, 0]",aMajor,Piano Sonata K333 i Bb major.mid by Mozart.csv,1783,iv_ofDmin,GBb-C#D,yellow,0,3
294,298.0 to 298.75,9,"[0, 1, 0, 0, 1, 0, 0, 0, 0, 2, 1, 0]",aMajor,Piano Sonata K333 i Bb major.mid by Mozart.csv,1783,6-1ofC,A-CF,deepskyblue,7,3
295,299.0 to 299.75,9,"[0, 1, 0, 0, 1, 0, 0, 1, 0, 2, 0, 0]",aMajor,Piano Sonata K333 i Bb major.mid by Mozart.csv,1783,6-1ofC,A-CF,deepskyblue,7,3
296,300.0 to 300.75,1,"[0, 0, 1, 0, 0, 0, 2, 1, 0, 1, 0, 0]",dMajor,Piano Sonata K333 i Bb major.mid by Mozart.csv,1783,Gmaj-IV/vii,F#G-ACE,salmon,16,3
297,301.0 to 301.75,19,"[0, 0, 1, 0, 0, 2, 0, 0, 0, 1, 0, 0]",fMinor,Piano Sonata K333 i Bb major.mid by Mozart.csv,1783,4ofC,F-AC,cyan,1,3
298,302.0 to 302.75,19,"[0, 0, 1, 0, 1, 2, 0, 0, 0, 1, 0, 0]",fMinor,Piano Sonata K333 i Bb major.mid by Mozart.csv,1783,4ofC,F-AC,cyan,1,3
299,303.0 to 303.75,19,"[0, 0, 1, 0, 1, 2, 0, 1, 0, 1, 0, 0]",fMinor,Piano Sonata K333 i Bb major.mid by Mozart.csv,1783,4ofC,F-AC,cyan,1,3
300,304.0 to 304.75,19,"[1, 0, 0, 0, 0, 2, 0, 0, 2, 0, 0, 0]",g#Minor,Piano Sonata K333 i Bb major.mid by Mozart.csv,1783,4ofC,F-AC,cyan,1,3
301,305.0 to 305.875,19,"[1, 0, 0, 0, 1, 2, 0, 1, 1, 0, 0, 0]",g#Minor,Piano Sonata K333 i Bb major.mid by Mozart.csv,1783,4ofC,F-AC,cyan,1,3
302,306.0 to 306.75,15,"[2, 0, 0, 0, 0, 2, 0, 0, 1, 0, 0, 0]",g#Minor,Piano Sonata K333 i Bb major.mid by Mozart.csv,1783,Cmaj1-4tet,C-DEF,blue,3,3
303,307.0 to 307.875,19,"[1, 0, 0, 0, 1, 2, 0, 1, 1, 0, 0, 0]",g#Minor,Piano Sonata K333 i Bb major.mid by Mozart.csv,1783,4ofC,F-AC,cyan,1,3
304,308.0 to 308.75,5,"[0, 0, 2, 0, 0, 1, 0, 1, 0, 0, 0, 1]",gMajor,Piano Sonata K333 i Bb major.mid by Mozart.csv,1783,Gmaj3rd5th,BD-G,gold,17,3
305,309.0 to 309.75,2,"[0, 0, 1, 0, 0, 2, 0, 1, 0, 0, 0, 0]",b-Major,Piano Sonata K333 i Bb major.mid by Mozart.csv,1783,2/4ofCmaj,DF,green,4,3
306,310.0 to 310.75,10,"[0, 0, 1, 0, 1, 2, 0, 2, 0, 0, 0, 0]",cMajor,Piano Sonata K333 i Bb major.mid by Mozart.csv,1783,Cmaj2-5tet,DEFG,violet,6,3
307,311.0 to 311.75,10,"[1, 0, 2, 0, 1, 1, 0, 1, 0, 0, 0, 0]",cMajor,Piano Sonata K333 i Bb major.mid by Mozart.csv,1783,Cmaj2-5tet,DEFG,violet,6,3
308,312.0 to 312.75,18,"[1, 0, 2, 0, 0, 1, 0, 1, 0, 0, 0, 1]",gMajor,Piano Sonata K333 i Bb major.mid by Mozart.csv,1783,V-IofC,D-GBC,crimson,11,3
309,313.0 to 313.75,18,"[1, 0, 2, 0, 1, 1, 0, 1, 0, 0, 0, 1]",gMajor,Piano Sonata K333 i Bb major.mid by Mozart.csv,1783,V-IofC,D-GBC,crimson,11,3
310,314.0 to 314.75,18,"[1, 0, 2, 0, 1, 1, 0, 1, 0, 0, 0, 1]",gMajor,Piano Sonata K333 i Bb major.mid by Mozart.csv,1783,V-IofC,D-GBC,crimson,11,3
311,315.0 to 315.75,6,"[0, 0, 1, 0, 0, 1, 0, 2, 0, 1, 0, 2]",gMajor,Piano Sonata K333 i Bb major.mid by Mozart.csv,1783,GmajTriad,GBD,orange,13,3
312,316.0 to 316.75,10,"[0, 0, 1, 0, 1, 1, 0, 1, 1, 0, 0, 1]",eMajor,Piano Sonata K333 i Bb major.mid by Mozart.csv,1783,Cmaj2-5tet,DEFG,violet,6,3
313,317.0 to 317.75,14,"[0, 0, 1, 0, 1, 0, 0, 0, 1, 0, 0, 1]",eMajor,Piano Sonata K333 i Bb major.mid by Mozart.csv,1783,VofAmin,E-BCD,indigo,19,3
314,318.0 to 318.75,14,"[0, 0, 1, 0, 1, 0, 0, 0, 1, 0, 0, 1]",eMajor,Piano Sonata K333 i Bb major.mid by Mozart.csv,1783,VofAmin,E-BCD,indigo,19,3
315,319.0 to 319.75,14,"[0, 0, 1, 0, 2, 0, 0, 0, 1, 0, 0, 1]",eMajor,Piano Sonata K333 i Bb major.mid by Mozart.csv,1783,VofAmin,E-BCD,indigo,19,3
316,320.0 to 320.75,12,"[2, 0, 1, 0, 1, 0, 0, 0, 0, 1, 0, 0]",cMinor,Piano Sonata K333 i Bb major.mid by Mozart.csv,1783,AminTriad,ACE,steelblue,14,3
317,321.0 to 321.75,13,"[1, 0, 0, 0, 1, 0, 0, 1, 0, 0, 0, 2]",gMinor,Piano Sonata K333 i Bb major.mid by Mozart.csv,1783,Cmaj5-1tet,BC-AG,darkviolet,12,3
318,322.0 to 322.75,12,"[1, 0, 0, 0, 1, 0, 1, 0, 0, 2, 0, 1]",cMinor,Piano Sonata K333 i Bb major.mid by Mozart.csv,1783,AminTriad,ACE,steelblue,14,3
319,323.0 to 323.75,9,"[1, 0, 1, 1, 0, 1, 0, 0, 0, 2, 0, 1]",fMajor,Piano Sonata K333 i Bb major.mid by Mozart.csv,1783,6-1ofC,A-CF,deepskyblue,7,3
320,324.0 to 324.75,14,"[0, 0, 0, 1, 4, 0, 0, 0, 1, 0, 0, 0]",eMajor,Piano Sonata K333 i Bb major.mid by Mozart.csv,1783,VofAmin,E-BCD,indigo,19,3
321,325.0 to 325.75,14,"[0, 0, 0, 1, 1, 0, 0, 0, 0, 0, 0, 0]",cMajor,Piano Sonata K333 i Bb major.mid by Mozart.csv,1783,VofAmin,E-BCD,indigo,19,3
322,326.0 to 326.75,2,"[0, 0, 1, 0, 1, 1, 0, 0, 0, 0, 0, 0]",b-Major,Piano Sonata K333 i Bb major.mid by Mozart.csv,1783,2/4ofCmaj,DF,green,4,3
323,327.0 to 327.75,18,"[1, 0, 1, 0, 0, 1, 0, 0, 1, 0, 0, 1]",g#Minor,Piano Sonata K333 i Bb major.mid by Mozart.csv,1783,V-IofC,D-GBC,crimson,11,3
324,328.0 to 328.75,9,"[0, 0, 0, 0, 0, 1, 0, 1, 0, 2, 0, 1]",fMajor,Piano Sonata K333 i Bb major.mid by Mozart.csv,1783,6-1ofC,A-CF,deepskyblue,7,3
325,329.0 to 329.75,10,"[0, 0, 0, 0, 1, 1, 0, 1, 0, 0, 0, 0]",cMajor,Piano Sonata K333 i Bb major.mid by Mozart.csv,1783,Cmaj2-5tet,DEFG,violet,6,3
326,330.0 to 330.5,16,"[1, 0, 0, 1, 0, 0, 0, 0, 0, 0, 0, 0]",g#Major,Piano Sonata K333 i Bb major.mid by Mozart.csv,1783,chr,FGAB,mediumpurple,10,3
327,331.0 to 331.5,16,"[0, 0, 0, 1, 0, 1, 0, 0, 0, 1, 0, 1]",bMajor,Piano Sonata K333 i Bb major.mid by Mozart.csv,1783,chr,FGAB,mediumpurple,10,3
328,332.0 to 332.75,14,"[0, 0, 0, 1, 3, 0, 0, 0, 1, 0, 0, 0]",eMajor,Piano Sonata K333 i Bb major.mid by Mozart.csv,1783,VofAmin,E-BCD,indigo,19,3
329,333.0 to 333.75,14,"[0, 0, 0, 1, 1, 0, 0, 0, 0, 0, 0, 0]",cMajor,Piano Sonata K333 i Bb major.mid by Mozart.csv,1783,VofAmin,E-BCD,indigo,19,3
330,334.0 to 334.75,2,"[0, 0, 1, 0, 1, 1, 0, 0, 0, 0, 0, 0]",b-Major,Piano Sonata K333 i Bb major.mid by Mozart.csv,1783,2/4ofCmaj,DF,green,4,3
331,335.0 to 335.75,18,"[1, 0, 2, 0, 1, 0, 0, 0, 0, 0, 0, 1]",gMajor,Piano Sonata K333 i Bb major.mid by Mozart.csv,1783,V-IofC,D-GBC,crimson,11,3
332,336.0 to 336.75,13,"[1, 0, 0, 0, 0, 1, 0, 1, 0, 1, 0, 1]",fMajor,Piano Sonata K333 i Bb major.mid by Mozart.csv,1783,Cmaj5-1tet,BC-AG,darkviolet,12,3
333,337.0 to 337.75,10,"[0, 0, 0, 0, 1, 1, 0, 1, 0, 0, 0, 0]",cMajor,Piano Sonata K333 i Bb major.mid by Mozart.csv,1783,Cmaj2-5tet,DEFG,violet,6,3
334,338.0 to 338.5,16,"[0, 0, 0, 1, 0, 0, 0, 0, 0, 1, 0, 0]",dMajor,Piano Sonata K333 i Bb major.mid by Mozart.csv,1783,chr,FGAB,mediumpurple,10,3
335,339.0 to 339.5,9,"[1, 0, 0, 1, 0, 1, 0, 0, 0, 1, 0, 0]",fMajor,Piano Sonata K333 i Bb major.mid by Mozart.csv,1783,6-1ofC,A-CF,deepskyblue,7,3
336,340.0 to 340.5,14,"[0, 0, 0, 0, 3, 0, 0, 0, 1, 0, 0, 0]",eMinor,Piano Sonata K333 i Bb major.mid by Mozart.csv,1783,VofAmin,E-BCD,indigo,19,3
337,341.0 to 341.5,12,"[1, 0, 0, 0, 2, 0, 0, 0, 0, 1, 0, 0]",cMinor,Piano Sonata K333 i Bb major.mid by Mozart.csv,1783,AminTriad,ACE,steelblue,14,3
338,342.0 to 342.5,14,"[0, 0, 0, 0, 2, 0, 0, 0, 1, 0, 0, 1]",eMajor,Piano Sonata K333 i Bb major.mid by Mozart.csv,1783,VofAmin,E-BCD,indigo,19,3
339,343.0 to 343.5,12,"[1, 0, 0, 0, 2, 0, 0, 0, 0, 1, 0, 0]",cMinor,Piano Sonata K333 i Bb major.mid by Mozart.csv,1783,AminTriad,ACE,steelblue,14,3
340,344.0 to 344.5,14,"[0, 0, 0, 0, 2, 0, 0, 0, 1, 0, 0, 1]",eMajor,Piano Sonata K333 i Bb major.mid by Mozart.csv,1783,VofAmin,E-BCD,indigo,19,3
341,345.0 to 345.5,14,"[0, 0, 0, 1, 1, 0, 0, 0, 0, 0, 0, 0]",cMajor,Piano Sonata K333 i Bb major.mid by Mozart.csv,1783,VofAmin,E-BCD,indigo,19,3
342,346.0 to 346.5,14,"[0, 0, 0, 1, 1, 0, 0, 0, 0, 0, 0, 0]",cMajor,Piano Sonata K333 i Bb major.mid by Mozart.csv,1783,VofAmin,E-BCD,indigo,19,3
343,347.0 to 347.5,14,"[0, 0, 0, 1, 1, 0, 0, 0, 0, 0, 0, 0]",cMajor,Piano Sonata K333 i Bb major.mid by Mozart.csv,1783,VofAmin,E-BCD,indigo,19,3
344,348.0 to 348.5,3,"[0, 0, 1, 0, 0, 0, 0, 2, 0, 0, 0, 1]",gMajor,Piano Sonata K333 i Bb major.mid by Mozart.csv,1783,Gmaj-root,G-BD,red,9,3
345,349.0 to 349.5,5,"[0, 0, 1, 0, 0, 1, 0, 1, 0, 0, 0, 1]",gMajor,Piano Sonata K333 i Bb major.mid by Mozart.csv,1783,Gmaj3rd5th,BD-G,gold,17,3
346,350.0 to 350.75,10,"[0, 0, 1, 0, 1, 1, 0, 1, 0, 0, 0, 1]",gMinor,Piano Sonata K333 i Bb major.mid by Mozart.csv,1783,Cmaj2-5tet,DEFG,violet,6,3
347,351.0 to 351.75,10,"[0, 0, 0, 0, 1, 1, 0, 1, 0, 0, 0, 0]",cMajor,Piano Sonata K333 i Bb major.mid by Mozart.csv,1783,Cmaj2-5tet,DEFG,violet,6,3
348,352.0 to 352.5,2,"[1, 0, 1, 0, 0, 1, 0, 1, 0, 0, 0, 0]",cMajor,Piano Sonata K333 i Bb major.mid by Mozart.csv,1783,2/4ofCmaj,DF,green,4,3
349,353.0 to 353.5,5,"[0, 0, 1, 0, 0, 1, 0, 1, 0, 0, 0, 1]",gMajor,Piano Sonata K333 i Bb major.mid by Mozart.csv,1783,Gmaj3rd5th,BD-G,gold,17,3
350,354.0 to 354.75,5,"[0, 0, 1, 0, 0, 1, 0, 1, 0, 1, 0, 1]",fMinor,Piano Sonata K333 i Bb major.mid by Mozart.csv,1783,Gmaj3rd5th,BD-G,gold,17,3
351,355.0 to 355.75,13,"[1, 0, 0, 0, 0, 0, 0, 0, 0, 1, 0, 1]",fMajor,Piano Sonata K333 i Bb major.mid by Mozart.csv,1783,Cmaj5-1tet,BC-AG,darkviolet,12,3
352,356.0 to 356.5,3,"[0, 0, 0, 0, 0, 0, 0, 2, 0, 0, 0, 0]",cMajor,Piano Sonata K333 i Bb major.mid by Mozart.csv,1783,Gmaj-root,G-BD,red,9,3
353,357.0 to 357.5,2,"[0, 0, 1, 0, 0, 2, 0, 0, 0, 0, 0, 0]",b-Major,Piano Sonata K333 i Bb major.mid by Mozart.csv,1783,2/4ofCmaj,DF,green,4,3
354,358.0 to 358.75,14,"[0, 0, 0, 0, 1, 1, 0, 0, 1, 0, 0, 0]",c#Major,Piano Sonata K333 i Bb major.mid by Mozart.csv,1783,VofAmin,E-BCD,indigo,19,3
355,359.0 to 359.75,2,"[0, 0, 1, 1, 0, 1, 0, 1, 1, 0, 0, 0]",c#Major,Piano Sonata K333 i Bb major.mid by Mozart.csv,1783,2/4ofCmaj,DF,green,4,3
356,360.0 to 360.5,4,"[1, 0, 0, 0, 0, 0, 0, 1, 0, 0, 0, 0]",cMajor,Piano Sonata K333 i Bb major.mid by Mozart.csv,1783,Cmaj3rd5th,EG-C,mediumvioletred,8,3
357,361.0 to 361.5,2,"[0, 0, 1, 0, 0, 1, 0, 0, 0, 0, 0, 1]",gMajor,Piano Sonata K333 i Bb major.mid by Mozart.csv,1783,2/4ofCmaj,DF,green,4,3
358,362.0 to 362.75,14,"[0, 0, 0, 0, 1, 1, 0, 0, 1, 0, 0, 0]",c#Major,Piano Sonata K333 i Bb major.mid by Mozart.csv,1783,VofAmin,E-BCD,indigo,19,3
359,363.0 to 363.75,2,"[0, 0, 1, 1, 0, 1, 0, 1, 1, 0, 0, 0]",c#Major,Piano Sonata K333 i Bb major.mid by Mozart.csv,1783,2/4ofCmaj,DF,green,4,3
360,364.0 to 364.75,4,"[1, 0, 0, 0, 1, 1, 0, 1, 0, 0, 0, 1]",cMajor,Piano Sonata K333 i Bb major.mid by Mozart.csv,1783,Cmaj3rd5th,EG-C,mediumvioletred,8,3
361,365.0 to 365.75,2,"[0, 0, 2, 1, 0, 2, 0, 1, 1, 0, 0, 0]",b-Major,Piano Sonata K333 i Bb major.mid by Mozart.csv,1783,2/4ofCmaj,DF,green,4,3
362,366.0 to 366.75,10,"[1, 0, 1, 0, 1, 2, 0, 1, 0, 0, 0, 1]",cMajor,Piano Sonata K333 i Bb major.mid by Mozart.csv,1783,Cmaj2-5tet,DEFG,violet,6,3
363,367.0 to 367.75,2,"[0, 0, 2, 1, 0, 2, 0, 1, 1, 0, 0, 0]",b-Major,Piano Sonata K333 i Bb major.mid by Mozart.csv,1783,2/4ofCmaj,DF,green,4,3
364,368.0 to 368.75,18,"[1, 1, 2, 0, 0, 1, 0, 1, 0, 0, 0, 1]",gMajor,Piano Sonata K333 i Bb major.mid by Mozart.csv,1783,V-IofC,D-GBC,crimson,11,3
365,369.0 to 369.75,18,"[1, 0, 1, 0, 1, 0, 0, 0, 0, 0, 0, 1]",eMajor,Piano Sonata K333 i Bb major.mid by Mozart.csv,1783,V-IofC,D-GBC,crimson,11,3
366,370.0 to 370.75,16,"[0, 0, 0, 0, 0, 0, 0, 1, 1, 1, 0, 0]",cMajor,Piano Sonata K333 i Bb major.mid by Mozart.csv,1783,chr,FGAB,mediumpurple,10,3
367,371.0 to 371.75,16,"[0, 0, 0, 0, 0, 1, 0, 1, 0, 1, 0, 1]",fMajor,Piano Sonata K333 i Bb major.mid by Mozart.csv,1783,chr,FGAB,mediumpurple,10,3
368,372.0 to 372.5,14,"[0, 0, 1, 0, 1, 0, 0, 0, 0, 0, 0, 0]",cMajor,Piano Sonata K333 i Bb major.mid by Mozart.csv,1783,VofAmin,E-BCD,indigo,19,3
369,373.0 to 373.5,14,"[0, 0, 0, 0, 1, 1, 0, 0, 0, 0, 0, 0]",cMajor,Piano Sonata K333 i Bb major.mid by Mozart.csv,1783,VofAmin,E-BCD,indigo,19,3
370,374.0 to 374.5,1,"[0, 0, 0, 0, 0, 0, 1, 1, 0, 0, 0, 0]",cMajor,Piano Sonata K333 i Bb major.mid by Mozart.csv,1783,Gmaj-IV/vii,F#G-ACE,salmon,16,3
371,375.0 to 375.75,16,"[0, 0, 0, 0, 1, 1, 0, 1, 0, 1, 0, 0]",cMajor,Piano Sonata K333 i Bb major.mid by Mozart.csv,1783,chr,FGAB,mediumpurple,10,3
372,376.0 to 376.5,8,"[2, 0, 1, 0, 0, 0, 0, 0, 0, 0, 0, 0]",cMajor,Piano Sonata K333 i Bb major.mid by Mozart.csv,1783,Cmaj-root,C-EG,slateblue,2,3
373,377.0 to 377.5,4,"[1, 0, 0, 0, 1, 0, 0, 1, 0, 0, 0, 0]",cMajor,Piano Sonata K333 i Bb major.mid by Mozart.csv,1783,Cmaj3rd5th,EG-C,mediumvioletred,8,3
374,378.0 to 378.5,8,"[2, 0, 0, 0, 2, 0, 0, 0, 0, 0, 0, 0]",cMajor,Piano Sonata K333 i Bb major.mid by Mozart.csv,1783,Cmaj-root,C-EG,slateblue,2,3
375,379.0 to 379.5,12,"[0, 0, 0, 0, 2, 0, 0, 0, 0, 2, 0, 0]",aMajor,Piano Sonata K333 i Bb major.mid by Mozart.csv,1783,AminTriad,ACE,steelblue,14,3
376,380.0 to 380.5,5,"[0, 0, 1, 0, 0, 0, 0, 1, 0, 0, 0, 0]",gMajor,Piano Sonata K333 i Bb major.mid by Mozart.csv,1783,Gmaj3rd5th,BD-G,gold,17,3
377,381.0 to 381.5,19,"[0, 0, 0, 0, 0, 2, 0, 0, 0, 1, 0, 0]",fMajor,Piano Sonata K333 i Bb major.mid by Mozart.csv,1783,4ofC,F-AC,cyan,1,3
378,382.0 to 382.75,19,"[0, 0, 1, 0, 0, 2, 0, 1, 0, 1, 0, 0]",fMinor,Piano Sonata K333 i Bb major.mid by Mozart.csv,1783,4ofC,F-AC,cyan,1,3
379,383.0 to 383.75,19,"[0, 0, 1, 0, 1, 2, 0, 1, 0, 1, 0, 0]",fMinor,Piano Sonata K333 i Bb major.mid by Mozart.csv,1783,4ofC,F-AC,cyan,1,3
380,384.0 to 384.5,4,"[1, 0, 0, 0, 0, 0, 0, 1, 0, 0, 0, 0]",cMajor,Piano Sonata K333 i Bb major.mid by Mozart.csv,1783,Cmaj3rd5th,EG-C,mediumvioletred,8,3
381,385.0 to 385.5,2,"[0, 0, 1, 0, 0, 1, 0, 0, 0, 0, 0, 1]",gMajor,Piano Sonata K333 i Bb major.mid by Mozart.csv,1783,2/4ofCmaj,DF,green,4,3
382,386.0 to 386.5,5,"[0, 0, 1, 0, 0, 0, 0, 1, 0, 0, 0, 1]",gMajor,Piano Sonata K333 i Bb major.mid by Mozart.csv,1783,Gmaj3rd5th,BD-G,gold,17,3
383,387.0 to 387.5,2,"[1, 0, 2, 0, 0, 1, 0, 0, 0, 0, 0, 0]",b-Major,Piano Sonata K333 i Bb major.mid by Mozart.csv,1783,2/4ofCmaj,DF,green,4,3
384,388.0 to 388.5,18,"[1, 0, 1, 0, 0, 0, 0, 0, 0, 0, 0, 1]",gMajor,Piano Sonata K333 i Bb major.mid by Mozart.csv,1783,V-IofC,D-GBC,crimson,11,3
385,389.0 to 389.5,4,"[1, 0, 0, 0, 2, 0, 0, 1, 0, 0, 0, 0]",cMajor,Piano Sonata K333 i Bb major.mid by Mozart.csv,1783,Cmaj3rd5th,EG-C,mediumvioletred,8,3
386,390.0 to 390.75,1,"[1, 0, 0, 0, 1, 0, 1, 1, 0, 0, 0, 0]",cMajor,Piano Sonata K333 i Bb major.mid by Mozart.csv,1783,Gmaj-IV/vii,F#G-ACE,salmon,16,3
387,391.0 to 391.75,10,"[0, 0, 0, 0, 2, 1, 0, 2, 0, 1, 0, 0]",cMajor,Piano Sonata K333 i Bb major.mid by Mozart.csv,1783,Cmaj2-5tet,DEFG,violet,6,3
388,392.0 to 392.5,2,"[0, 0, 1, 0, 1, 1, 0, 0, 0, 1, 0, 0]",fMinor,Piano Sonata K333 i Bb major.mid by Mozart.csv,1783,2/4ofCmaj,DF,green,4,3
389,393.0 to 393.5,4,"[1, 0, 1, 0, 1, 0, 0, 1, 0, 0, 0, 0]",cMajor,Piano Sonata K333 i Bb major.mid by Mozart.csv,1783,Cmaj3rd5th,EG-C,mediumvioletred,8,3
390,394.0 to 394.5,2,"[0, 0, 1, 0, 1, 1, 0, 0, 0, 1, 0, 0]",fMinor,Piano Sonata K333 i Bb major.mid by Mozart.csv,1783,2/4ofCmaj,DF,green,4,3
391,395.0 to 395.5,2,"[0, 0, 2, 0, 0, 1, 0, 0, 0, 0, 0, 1]",b-Major,Piano Sonata K333 i Bb major.mid by Mozart.csv,1783,2/4ofCmaj,DF,green,4,3
392,396.0 to 396.75,18,"[1, 0, 1, 0, 1, 0, 0, 1, 0, 0, 0, 1]",cMajor,Piano Sonata K333 i Bb major.mid by Mozart.csv,1783,V-IofC,D-GBC,crimson,11,3
393,397.0 to 397.75,15,"[1, 0, 1, 0, 1, 1, 0, 0, 0, 0, 0, 0]",cMajor,Piano Sonata K333 i Bb major.mid by Mozart.csv,1783,Cmaj1-4tet,C-DEF,blue,3,3
394,398.0 to 398.75,1,"[0, 0, 0, 0, 0, 0, 1, 1, 0, 0, 0, 0]",cMajor,Piano Sonata K333 i Bb major.mid by Mozart.csv,1783,Gmaj-IV/vii,F#G-ACE,salmon,16,3
395,399.0 to 399.75,16,"[0, 0, 0, 0, 1, 1, 0, 1, 0, 1, 0, 0]",cMajor,Piano Sonata K333 i Bb major.mid by Mozart.csv,1783,chr,FGAB,mediumpurple,10,3
396,400.0 to 400.5,2,"[0, 0, 1, 0, 1, 1, 0, 0, 0, 1, 0, 0]",fMinor,Piano Sonata K333 i Bb major.mid by Mozart.csv,1783,2/4ofCmaj,DF,green,4,3
397,401.0 to 401.5,4,"[1, 0, 1, 0, 1, 0, 0, 1, 0, 0, 0, 0]",cMajor,Piano Sonata K333 i Bb major.mid by Mozart.csv,1783,Cmaj3rd5th,EG-C,mediumvioletred,8,3
398,402.0 to 402.5,2,"[0, 0, 1, 0, 1, 1, 0, 0, 0, 1, 0, 0]",fMinor,Piano Sonata K333 i Bb major.mid by Mozart.csv,1783,2/4ofCmaj,DF,green,4,3
399,403.0 to 403.5,2,"[0, 0, 2, 0, 0, 1, 0, 0, 0, 0, 0, 1]",b-Major,Piano Sonata K333 i Bb major.mid by Mozart.csv,1783,2/4ofCmaj,DF,green,4,3
400,404.0 to 404.75,4,"[1, 0, 1, 0, 2, 0, 0, 1, 0, 0, 0, 0]",cMajor,Piano Sonata K333 i Bb major.mid by Mozart.csv,1783,Cmaj3rd5th,EG-C,mediumvioletred,8,3
401,405.0 to 405.75,16,"[0, 0, 0, 0, 0, 1, 0, 1, 0, 1, 0, 1]",fMajor,Piano Sonata K333 i Bb major.mid by Mozart.csv,1783,chr,FGAB,mediumpurple,10,3
402,406.0 to 406.75,15,"[1, 0, 1, 0, 1, 1, 0, 0, 0, 0, 0, 0]",cMajor,Piano Sonata K333 i Bb major.mid by Mozart.csv,1783,Cmaj1-4tet,C-DEF,blue,3,3
403,407.0 to 407.5,16,"[0, 0, 0, 0, 0, 0, 0, 1, 0, 0, 0, 0]",cMajor,Piano Sonata K333 i Bb major.mid by Mozart.csv,1783,chr,FGAB,mediumpurple,10,3
404,408.0 to 408.5,3,"[0, 0, 0, 0, 0, 1, 0, 2, 0, 0, 0, 1]",gMajor,Piano Sonata K333 i Bb major.mid by Mozart.csv,1783,Gmaj-root,G-BD,red,9,3
405,409.0 to 409.5,4,"[1, 0, 0, 0, 1, 1, 0, 1, 0, 0, 0, 0]",cMajor,Piano Sonata K333 i Bb major.mid by Mozart.csv,1783,Cmaj3rd5th,EG-C,mediumvioletred,8,3
406,410.0 to 410.5,10,"[0, 0, 1, 0, 1, 2, 0, 1, 0, 0, 0, 0]",b-Major,Piano Sonata K333 i Bb major.mid by Mozart.csv,1783,Cmaj2-5tet,DEFG,violet,6,3
407,411.0 to 411.5,18,"[1, 0, 1, 0, 1, 0, 0, 1, 0, 0, 0, 1]",cMajor,Piano Sonata K333 i Bb major.mid by Mozart.csv,1783,V-IofC,D-GBC,crimson,11,3
408,412.0 to 412.5,8,"[2, 0, 0, 0, 1, 0, 0, 0, 0, 0, 0, 0]",cMajor,Piano Sonata K333 i Bb major.mid by Mozart.csv,1783,Cmaj-root,C-EG,slateblue,2,3
409,413.0 to 413.5,4,"[1, 0, 0, 0, 1, 0, 0, 1, 0, 0, 0, 0]",cMajor,Piano Sonata K333 i Bb major.mid by Mozart.csv,1783,Cmaj3rd5th,EG-C,mediumvioletred,8,3
410,414.0 to 414.0,16,"[1, 0, 0, 0, 0, 0, 0, 0, 0, 0, 0, 0]",cMajor,Piano Sonata K333 i Bb major.mid by Mozart.csv,1783,chr,FGAB,mediumpurple,10,3
411,415.0 to 415.75,16,"[0, 0, 0, 0, 1, 1, 0, 1, 0, 1, 0, 0]",cMajor,Piano Sonata K333 i Bb major.mid by Mozart.csv,1783,chr,FGAB,mediumpurple,10,3
412,416.0 to 416.5,8,"[2, 0, 1, 0, 0, 0, 0, 0, 0, 0, 0, 0]",cMajor,Piano Sonata K333 i Bb major.mid by Mozart.csv,1783,Cmaj-root,C-EG,slateblue,2,3
413,417.0 to 417.5,4,"[1, 0, 0, 0, 1, 0, 0, 1, 0, 0, 0, 0]",cMajor,Piano Sonata K333 i Bb major.mid by Mozart.csv,1783,Cmaj3rd5th,EG-C,mediumvioletred,8,3
414,418.0 to 418.5,8,"[3, 0, 0, 0, 1, 0, 0, 0, 0, 0, 0, 0]",cMajor,Piano Sonata K333 i Bb major.mid by Mozart.csv,1783,Cmaj-root,C-EG,slateblue,2,3
415,419.0 to 419.5,4,"[1, 0, 1, 0, 1, 0, 0, 1, 0, 0, 0, 0]",cMajor,Piano Sonata K333 i Bb major.mid by Mozart.csv,1783,Cmaj3rd5th,EG-C,mediumvioletred,8,4
416,420.0 to 420.5,8,"[2, 0, 0, 0, 0, 0, 0, 0, 0, 0, 0, 1]",cMajor,Piano Sonata K333 i Bb major.mid by Mozart.csv,1783,Cmaj-root,C-EG,slateblue,2,4
417,421.0 to 421.5,11,"[0, 0, 0, 0, 1, 0, 0, 1, 0, 0, 1, 0]",cMajor,Piano Sonata K333 i Bb major.mid by Mozart.csv,1783,iv_ofDmin,GBb-C#D,yellow,0,4
418,422.0 to 422.5,14,"[1, 0, 0, 0, 1, 0, 0, 0, 0, 0, 1, 0]",cMajor,Piano Sonata K333 i Bb major.mid by Mozart.csv,1783,VofAmin,E-BCD,indigo,19,4
419,423.0 to 423.5,11,"[0, 0, 0, 0, 1, 0, 0, 1, 0, 0, 1, 0]",cMajor,Piano Sonata K333 i Bb major.mid by Mozart.csv,1783,iv_ofDmin,GBb-C#D,yellow,0,4
420,424.0 to 424.75,8,"[2, 0, 0, 0, 0, 0, 0, 0, 0, 1, 1, 0]",fMajor,Piano Sonata K333 i Bb major.mid by Mozart.csv,1783,Cmaj-root,C-EG,slateblue,2,4
421,425.0 to 425.75,10,"[0, 0, 0, 0, 1, 1, 0, 2, 0, 1, 0, 0]",cMajor,Piano Sonata K333 i Bb major.mid by Mozart.csv,1783,Cmaj2-5tet,DEFG,violet,6,4
422,426.0 to 426.75,10,"[0, 0, 1, 0, 1, 1, 0, 1, 0, 0, 1, 0]",b-Major,Piano Sonata K333 i Bb major.mid by Mozart.csv,1783,Cmaj2-5tet,DEFG,violet,6,4
423,427.0 to 427.75,8,"[2, 0, 1, 0, 1, 0, 0, 0, 0, 0, 1, 0]",cMajor,Piano Sonata K333 i Bb major.mid by Mozart.csv,1783,Cmaj-root,C-EG,slateblue,2,4
424,428.0 to 428.5,16,"[0, 1, 0, 0, 0, 0, 0, 0, 0, 1, 1, 0]",f#Major,Piano Sonata K333 i Bb major.mid by Mozart.csv,1783,chr,FGAB,mediumpurple,10,4
425,429.0 to 429.5,16,"[0, 0, 0, 0, 1, 0, 0, 1, 0, 1, 0, 0]",cMajor,Piano Sonata K333 i Bb major.mid by Mozart.csv,1783,chr,FGAB,mediumpurple,10,4
426,430.0 to 430.5,9,"[0, 0, 0, 0, 0, 0, 0, 1, 0, 3, 0, 0]",dMajor,Piano Sonata K333 i Bb major.mid by Mozart.csv,1783,6-1ofC,A-CF,deepskyblue,7,4
427,431.0 to 431.5,16,"[0, 1, 0, 0, 1, 0, 0, 1, 0, 1, 0, 0]",aMajor,Piano Sonata K333 i Bb major.mid by Mozart.csv,1783,chr,FGAB,mediumpurple,10,4
428,432.0 to 432.5,1,"[1, 0, 0, 0, 0, 0, 1, 1, 0, 0, 0, 0]",cMajor,Piano Sonata K333 i Bb major.mid by Mozart.csv,1783,Gmaj-IV/vii,F#G-ACE,salmon,16,4
429,433.0 to 433.5,1,"[0, 0, 0, 1, 0, 0, 2, 0, 0, 0, 0, 0]",bMajor,Piano Sonata K333 i Bb major.mid by Mozart.csv,1783,Gmaj-IV/vii,F#G-ACE,salmon,16,4
430,434.0 to 434.5,16,"[0, 0, 0, 1, 0, 0, 1, 0, 0, 1, 0, 0]",dMajor,Piano Sonata K333 i Bb major.mid by Mozart.csv,1783,chr,FGAB,mediumpurple,10,4
431,435.0 to 435.5,16,"[0, 0, 0, 1, 0, 0, 1, 0, 0, 0, 0, 0]",bMajor,Piano Sonata K333 i Bb major.mid by Mozart.csv,1783,chr,FGAB,mediumpurple,10,4
432,436.0 to 436.5,16,"[0, 0, 0, 0, 0, 0, 0, 1, 0, 1, 0, 1]",gMajor,Piano Sonata K333 i Bb major.mid by Mozart.csv,1783,chr,FGAB,mediumpurple,10,4
433,437.0 to 437.5,3,"[0, 0, 1, 0, 0, 0, 0, 2, 0, 0, 0, 0]",gMajor,Piano Sonata K333 i Bb major.mid by Mozart.csv,1783,Gmaj-root,G-BD,red,9,4
434,438.0 to 438.5,16,"[0, 0, 0, 0, 0, 0, 0, 1, 1, 0, 0, 1]",eMajor,Piano Sonata K333 i Bb major.mid by Mozart.csv,1783,chr,FGAB,mediumpurple,10,4
435,439.0 to 439.5,16,"[0, 0, 0, 0, 0, 1, 0, 0, 0, 1, 0, 0]",fMinor,Piano Sonata K333 i Bb major.mid by Mozart.csv,1783,chr,FGAB,mediumpurple,10,4
436,440.0 to 440.5,14,"[1, 0, 0, 1, 1, 0, 0, 0, 0, 0, 0, 0]",cMajor,Piano Sonata K333 i Bb major.mid by Mozart.csv,1783,VofAmin,E-BCD,indigo,19,4
437,441.0 to 441.5,14,"[0, 0, 0, 0, 2, 0, 0, 1, 0, 0, 0, 0]",cMajor,Piano Sonata K333 i Bb major.mid by Mozart.csv,1783,VofAmin,E-BCD,indigo,19,4
438,442.0 to 442.5,4,"[1, 0, 0, 0, 0, 0, 0, 1, 0, 0, 0, 0]",cMajor,Piano Sonata K333 i Bb major.mid by Mozart.csv,1783,Cmaj3rd5th,EG-C,mediumvioletred,8,4
439,443.0 to 443.75,16,"[0, 0, 0, 0, 1, 1, 0, 1, 0, 1, 0, 0]",cMajor,Piano Sonata K333 i Bb major.mid by Mozart.csv,1783,chr,FGAB,mediumpurple,10,4
440,444.0 to 444.5,2,"[0, 0, 1, 0, 0, 1, 0, 1, 0, 0, 0, 0]",gMajor,Piano Sonata K333 i Bb major.mid by Mozart.csv,1783,2/4ofCmaj,DF,green,4,4
441,445.0 to 445.5,5,"[0, 0, 1, 0, 0, 1, 0, 1, 0, 0, 0, 1]",gMajor,Piano Sonata K333 i Bb major.mid by Mozart.csv,1783,Gmaj3rd5th,BD-G,gold,17,4
442,446.0 to 446.75,4,"[1, 0, 0, 0, 1, 0, 1, 2, 0, 0, 0, 0]",cMajor,Piano Sonata K333 i Bb major.mid by Mozart.csv,1783,Cmaj3rd5th,EG-C,mediumvioletred,8,4
443,447.0 to 447.75,10,"[0, 0, 0, 0, 2, 1, 0, 2, 0, 1, 0, 0]",cMajor,Piano Sonata K333 i Bb major.mid by Mozart.csv,1783,Cmaj2-5tet,DEFG,violet,6,4
444,448.0 to 448.5,2,"[0, 0, 1, 0, 0, 1, 0, 1, 0, 0, 0, 0]",gMajor,Piano Sonata K333 i Bb major.mid by Mozart.csv,1783,2/4ofCmaj,DF,green,4,4
445,449.0 to 449.5,5,"[0, 0, 1, 0, 0, 1, 0, 1, 0, 0, 0, 1]",gMajor,Piano Sonata K333 i Bb major.mid by Mozart.csv,1783,Gmaj3rd5th,BD-G,gold,17,4
446,450.0 to 450.75,4,"[1, 0, 0, 0, 1, 0, 1, 2, 0, 0, 0, 0]",cMajor,Piano Sonata K333 i Bb major.mid by Mozart.csv,1783,Cmaj3rd5th,EG-C,mediumvioletred,8,4
447,451.0 to 451.75,10,"[0, 0, 0, 0, 2, 1, 0, 2, 0, 1, 0, 0]",cMajor,Piano Sonata K333 i Bb major.mid by Mozart.csv,1783,Cmaj2-5tet,DEFG,violet,6,4
448,452.0 to 452.5,2,"[0, 0, 1, 0, 1, 1, 0, 0, 0, 1, 0, 0]",fMinor,Piano Sonata K333 i Bb major.mid by Mozart.csv,1783,2/4ofCmaj,DF,green,4,4
449,453.0 to 453.5,2,"[0, 0, 1, 0, 0, 1, 0, 0, 0, 1, 0, 0]",fMinor,Piano Sonata K333 i Bb major.mid by Mozart.csv,1783,2/4ofCmaj,DF,green,4,4
450,454.0 to 454.5,7,"[1, 0, 1, 0, 0, 0, 1, 0, 0, 1, 0, 0]",dMajor,Piano Sonata K333 i Bb major.mid by Mozart.csv,1783,V7ofG,DF#AC,lime,18,4
451,455.0 to 455.5,9,"[1, 0, 0, 0, 0, 0, 1, 0, 0, 1, 0, 0]",dMajor,Piano Sonata K333 i Bb major.mid by Mozart.csv,1783,6-1ofC,A-CF,deepskyblue,7,4
452,456.0 to 456.75,3,"[1, 0, 0, 0, 0, 0, 0, 2, 0, 0, 0, 1]",cMajor,Piano Sonata K333 i Bb major.mid by Mozart.csv,1783,Gmaj-root,G-BD,red,9,4
453,457.0 to 457.75,9,"[1, 0, 1, 0, 0, 0, 0, 1, 0, 1, 0, 0]",dMajor,Piano Sonata K333 i Bb major.mid by Mozart.csv,1783,6-1ofC,A-CF,deepskyblue,7,4
454,458.0 to 458.75,5,"[0, 0, 1, 0, 1, 0, 0, 1, 0, 0, 0, 1]",gMajor,Piano Sonata K333 i Bb major.mid by Mozart.csv,1783,Gmaj3rd5th,BD-G,gold,17,4
455,459.0 to 459.75,4,"[1, 0, 0, 0, 1, 1, 0, 1, 0, 0, 0, 0]",cMajor,Piano Sonata K333 i Bb major.mid by Mozart.csv,1783,Cmaj3rd5th,EG-C,mediumvioletred,8,4
456,460.0 to 460.5,2,"[0, 0, 1, 0, 0, 1, 0, 1, 0, 0, 0, 0]",gMajor,Piano Sonata K333 i Bb major.mid by Mozart.csv,1783,2/4ofCmaj,DF,green,4,4
457,461.0 to 461.5,5,"[0, 0, 1, 0, 0, 0, 0, 1, 0, 0, 0, 1]",gMajor,Piano Sonata K333 i Bb major.mid by Mozart.csv,1783,Gmaj3rd5th,BD-G,gold,17,4
458,462.0 to 462.5,4,"[1, 0, 0, 0, 1, 1, 0, 1, 0, 0, 0, 0]",cMajor,Piano Sonata K333 i Bb major.mid by Mozart.csv,1783,Cmaj3rd5th,EG-C,mediumvioletred,8,4
459,463.0 to 463.5,9,"[1, 0, 1, 0, 0, 0, 0, 1, 0, 1, 0, 0]",dMajor,Piano Sonata K333 i Bb major.mid by Mozart.csv,1783,6-1ofC,A-CF,deepskyblue,7,4
460,464.0 to 464.75,3,"[0, 0, 0, 0, 0, 0, 1, 3, 0, 0, 0, 1]",gMajor,Piano Sonata K333 i Bb major.mid by Mozart.csv,1783,Gmaj-root,G-BD,red,9,4
461,465.0 to 465.75,1,"[1, 0, 0, 0, 0, 0, 1, 2, 0, 1, 0, 0]",e-Minor,Piano Sonata K333 i Bb major.mid by Mozart.csv,1783,Gmaj-IV/vii,F#G-ACE,salmon,16,4
462,466.0 to 466.75,3,"[0, 0, 1, 0, 0, 0, 1, 2, 0, 0, 0, 1]",gMajor,Piano Sonata K333 i Bb major.mid by Mozart.csv,1783,Gmaj-root,G-BD,red,9,4
463,467.0 to 467.75,4,"[1, 0, 0, 0, 1, 0, 1, 2, 0, 0, 0, 0]",cMajor,Piano Sonata K333 i Bb major.mid by Mozart.csv,1783,Cmaj3rd5th,EG-C,mediumvioletred,8,4
464,468.0 to 468.75,2,"[0, 0, 1, 0, 0, 1, 1, 1, 0, 0, 0, 0]",dMajor,Piano Sonata K333 i Bb major.mid by Mozart.csv,1783,2/4ofCmaj,DF,green,4,4
465,469.0 to 469.875,5,"[0, 0, 1, 0, 1, 0, 1, 1, 0, 0, 0, 1]",gMinor,Piano Sonata K333 i Bb major.mid by Mozart.csv,1783,Gmaj3rd5th,BD-G,gold,17,4
466,470.0 to 470.75,1,"[1, 0, 0, 0, 1, 1, 1, 1, 0, 0, 0, 0]",cMajor,Piano Sonata K333 i Bb major.mid by Mozart.csv,1783,Gmaj-IV/vii,F#G-ACE,salmon,16,4
467,471.0 to 471.75,7,"[1, 0, 1, 0, 1, 0, 1, 0, 0, 1, 0, 0]",cMinor,Piano Sonata K333 i Bb major.mid by Mozart.csv,1783,V7ofG,DF#AC,lime,18,4
468,472.0 to 472.75,3,"[0, 0, 1, 0, 0, 0, 0, 3, 0, 0, 0, 1]",gMajor,Piano Sonata K333 i Bb major.mid by Mozart.csv,1783,Gmaj-root,G-BD,red,9,4
469,473.0 to 473.75,3,"[0, 0, 1, 0, 0, 0, 0, 2, 0, 0, 0, 1]",gMajor,Piano Sonata K333 i Bb major.mid by Mozart.csv,1783,Gmaj-root,G-BD,red,9,4
470,474.0 to 474.0,3,"[0, 0, 0, 0, 0, 0, 0, 2, 0, 0, 0, 0]",cMajor,Piano Sonata K333 i Bb major.mid by Mozart.csv,1783,Gmaj-root,G-BD,red,9,4
471,476.0 to 476.0,17,"[3, 0, 0, 0, 1, 0, 0, 2, 0, 0, 0, 0]",cMajor,Piano Sonata K333 i Bb major.mid by Mozart.csv,1783,CmajTriad,CEG,blueviolet,5,4
472,477.5 to 477.75,8,"[2, 0, 0, 0, 0, 0, 0, 1, 0, 1, 0, 0]",cMajor,Piano Sonata K333 i Bb major.mid by Mozart.csv,1783,Cmaj-root,C-EG,slateblue,2,4
473,478.0 to 478.5,14,"[0, 0, 0, 0, 1, 1, 0, 0, 0, 0, 0, 0]",cMajor,Piano Sonata K333 i Bb major.mid by Mozart.csv,1783,VofAmin,E-BCD,indigo,19,4
474,479.0 to 479.5,0,"[1, 0, 1, 0, 0, 0, 0, 0, 0, 0, 0, 0]",cMajor,Piano Sonata K333 i Bb major.mid by Mozart.csv,1783,VofG,D-F#A,greenyellow,15,4
475,480.0 to 480.5,9,"[1, 0, 0, 0, 0, 0, 0, 0, 0, 1, 0, 0]",fMajor,Piano Sonata K333 i Bb major.mid by Mozart.csv,1783,6-1ofC,A-CF,deepskyblue,7,4
476,481.0 to 481.0,19,"[1, 0, 0, 0, 0, 2, 0, 0, 0, 1, 0, 0]",fMajor,Piano Sonata K333 i Bb major.mid by Mozart.csv,1783,4ofC,F-AC,cyan,1,4
477,482.5 to 482.5,19,"[0, 0, 0, 0, 0, 2, 0, 1, 0, 0, 0, 0]",c#Major,Piano Sonata K333 i Bb major.mid by Mozart.csv,1783,4ofC,F-AC,cyan,1,4
478,483.0 to 483.5,14,"[1, 0, 0, 0, 1, 0, 0, 0, 0, 0, 0, 1]",cMajor,Piano Sonata K333 i Bb major.mid by Mozart.csv,1783,VofAmin,E-BCD,indigo,19,4
479,484.0 to 484.5,7,"[1, 0, 1, 0, 0, 0, 1, 0, 0, 1, 0, 0]",dMajor,Piano Sonata K333 i Bb major.mid by Mozart.csv,1783,V7ofG,DF#AC,lime,18,4
480,485.0 to 485.5,10,"[0, 0, 1, 0, 1, 0, 0, 1, 0, 0, 0, 0]",cMajor,Piano Sonata K333 i Bb major.mid by Mozart.csv,1783,Cmaj2-5tet,DEFG,violet,6,4
481,486.0 to 486.5,7,"[1, 0, 1, 0, 0, 0, 1, 0, 0, 1, 0, 0]",dMajor,Piano Sonata K333 i Bb major.mid by Mozart.csv,1783,V7ofG,DF#AC,lime,18,4
482,487.0 to 487.5,10,"[0, 0, 1, 0, 1, 0, 0, 1, 0, 0, 0, 0]",cMajor,Piano Sonata K333 i Bb major.mid by Mozart.csv,1783,Cmaj2-5tet,DEFG,violet,6,4
483,488.0 to 488.0,16,"[0, 0, 0, 0, 0, 0, 0, 1, 0, 1, 0, 0]",cMajor,Piano Sonata K333 i Bb major.mid by Mozart.csv,1783,chr,FGAB,mediumpurple,10,4
484,489.0 to 489.875,10,"[0, 0, 0, 0, 1, 1, 0, 1, 0, 0, 0, 1]",gMinor,Piano Sonata K333 i Bb major.mid by Mozart.csv,1783,Cmaj2-5tet,DEFG,violet,6,4
485,490.0 to 490.5,14,"[1, 0, 0, 0, 1, 0, 0, 0, 0, 0, 0, 0]",cMajor,Piano Sonata K333 i Bb major.mid by Mozart.csv,1783,VofAmin,E-BCD,indigo,19,4
486,491.0 to 491.5,16,"[0, 0, 0, 0, 0, 1, 0, 1, 0, 0, 0, 0]",cMajor,Piano Sonata K333 i Bb major.mid by Mozart.csv,1783,chr,FGAB,mediumpurple,10,4
487,492.0 to 492.5,16,"[0, 0, 0, 0, 0, 1, 0, 0, 1, 1, 0, 0]",c#Major,Piano Sonata K333 i Bb major.mid by Mozart.csv,1783,chr,FGAB,mediumpurple,10,4
488,493.0 to 493.75,9,"[0, 0, 1, 0, 0, 1, 0, 1, 0, 2, 0, 0]",fMinor,Piano Sonata K333 i Bb major.mid by Mozart.csv,1783,6-1ofC,A-CF,deepskyblue,7,4
489,494.0 to 494.5,2,"[0, 0, 1, 0, 1, 1, 0, 0, 0, 0, 0, 0]",b-Major,Piano Sonata K333 i Bb major.mid by Mozart.csv,1783,2/4ofCmaj,DF,green,4,4
490,495.0 to 495.5,14,"[0, 0, 0, 0, 1, 1, 0, 0, 0, 0, 0, 0]",cMajor,Piano Sonata K333 i Bb major.mid by Mozart.csv,1783,VofAmin,E-BCD,indigo,19,4
491,496.0 to 496.5,16,"[0, 0, 0, 0, 1, 0, 0, 1, 0, 1, 0, 0]",cMajor,Piano Sonata K333 i Bb major.mid by Mozart.csv,1783,chr,FGAB,mediumpurple,10,4
492,497.0 to 497.75,4,"[1, 0, 0, 0, 1, 1, 0, 2, 0, 0, 0, 0]",cMajor,Piano Sonata K333 i Bb major.mid by Mozart.csv,1783,Cmaj3rd5th,EG-C,mediumvioletred,8,4
493,498.0 to 498.5,14,"[1, 0, 1, 0, 1, 0, 0, 0, 0, 0, 0, 0]",cMajor,Piano Sonata K333 i Bb major.mid by Mozart.csv,1783,VofAmin,E-BCD,indigo,19,4
494,499.0 to 499.5,14,"[0, 0, 1, 0, 1, 0, 0, 0, 0, 0, 0, 0]",cMajor,Piano Sonata K333 i Bb major.mid by Mozart.csv,1783,VofAmin,E-BCD,indigo,19,4
495,500.0 to 500.5,2,"[0, 0, 1, 0, 0, 1, 0, 1, 0, 0, 0, 0]",gMajor,Piano Sonata K333 i Bb major.mid by Mozart.csv,1783,2/4ofCmaj,DF,green,4,4
496,501.0 to 501.5,2,"[0, 0, 1, 0, 0, 1, 0, 0, 0, 0, 0, 1]",gMajor,Piano Sonata K333 i Bb major.mid by Mozart.csv,1783,2/4ofCmaj,DF,green,4,4
497,502.0 to 502.5,15,"[1, 0, 0, 0, 1, 1, 0, 0, 0, 0, 0, 0]",cMajor,Piano Sonata K333 i Bb major.mid by Mozart.csv,1783,Cmaj1-4tet,C-DEF,blue,3,4
498,503.0 to 503.5,12,"[1, 0, 0, 0, 1, 0, 0, 0, 0, 1, 0, 0]",cMinor,Piano Sonata K333 i Bb major.mid by Mozart.csv,1783,AminTriad,ACE,steelblue,14,4
499,504.0 to 504.75,18,"[1, 1, 1, 0, 0, 0, 0, 1, 0, 0, 0, 1]",gMajor,Piano Sonata K333 i Bb major.mid by Mozart.csv,1783,V-IofC,D-GBC,crimson,11,4
500,505.0 to 505.75,14,"[0, 0, 0, 1, 1, 1, 1, 0, 0, 0, 0, 0]",bMajor,Piano Sonata K333 i Bb major.mid by Mozart.csv,1783,VofAmin,E-BCD,indigo,19,4
501,506.0 to 506.75,3,"[0, 0, 0, 0, 0, 1, 0, 2, 0, 1, 0, 0]",fMajor,Piano Sonata K333 i Bb major.mid by Mozart.csv,1783,Gmaj-root,G-BD,red,9,4
502,507.0 to 507.75,2,"[0, 0, 1, 0, 1, 1, 0, 0, 0, 0, 0, 0]",b-Major,Piano Sonata K333 i Bb major.mid by Mozart.csv,1783,2/4ofCmaj,DF,green,4,4
503,508.0 to 508.0,17,"[2, 0, 0, 0, 1, 0, 0, 2, 0, 0, 0, 0]",cMajor,Piano Sonata K333 i Bb major.mid by Mozart.csv,1783,CmajTriad,CEG,blueviolet,5,4
504,509.0 to 509.75,17,"[2, 0, 0, 0, 1, 0, 0, 2, 0, 1, 0, 0]",cMajor,Piano Sonata K333 i Bb major.mid by Mozart.csv,1783,CmajTriad,CEG,blueviolet,5,4
505,510.0 to 510.5,14,"[0, 0, 0, 0, 1, 1, 0, 0, 0, 0, 0, 0]",cMajor,Piano Sonata K333 i Bb major.mid by Mozart.csv,1783,VofAmin,E-BCD,indigo,19,4
506,511.0 to 511.5,0,"[1, 0, 1, 0, 0, 0, 0, 0, 0, 0, 0, 0]",cMajor,Piano Sonata K333 i Bb major.mid by Mozart.csv,1783,VofG,D-F#A,greenyellow,15,5
507,512.0 to 512.5,9,"[1, 0, 0, 0, 0, 0, 0, 0, 0, 1, 0, 0]",fMajor,Piano Sonata K333 i Bb major.mid by Mozart.csv,1783,6-1ofC,A-CF,deepskyblue,7,5
508,513.0 to 513.0,19,"[1, 0, 0, 0, 0, 2, 0, 0, 0, 1, 0, 0]",fMajor,Piano Sonata K333 i Bb major.mid by Mozart.csv,1783,4ofC,F-AC,cyan,1,5
509,514.5 to 514.5,19,"[0, 0, 0, 0, 0, 2, 0, 1, 0, 0, 0, 0]",c#Major,Piano Sonata K333 i Bb major.mid by Mozart.csv,1783,4ofC,F-AC,cyan,1,5
510,515.0 to 515.5,14,"[1, 0, 0, 0, 1, 0, 0, 0, 0, 0, 0, 1]",cMajor,Piano Sonata K333 i Bb major.mid by Mozart.csv,1783,VofAmin,E-BCD,indigo,19,5
511,516.0 to 516.5,7,"[1, 0, 1, 0, 0, 0, 1, 0, 0, 1, 0, 0]",dMajor,Piano Sonata K333 i Bb major.mid by Mozart.csv,1783,V7ofG,DF#AC,lime,18,5
512,517.0 to 517.5,4,"[1, 0, 0, 0, 1, 0, 0, 1, 0, 0, 0, 0]",cMajor,Piano Sonata K333 i Bb major.mid by Mozart.csv,1783,Cmaj3rd5th,EG-C,mediumvioletred,8,5
513,518.0 to 518.5,7,"[1, 0, 1, 0, 0, 0, 1, 0, 0, 1, 0, 0]",dMajor,Piano Sonata K333 i Bb major.mid by Mozart.csv,1783,V7ofG,DF#AC,lime,18,5
514,519.0 to 519.5,4,"[1, 0, 0, 0, 1, 0, 0, 1, 0, 0, 0, 0]",cMajor,Piano Sonata K333 i Bb major.mid by Mozart.csv,1783,Cmaj3rd5th,EG-C,mediumvioletred,8,5
515,520.0 to 520.0,9,"[1, 0, 0, 0, 0, 0, 0, 1, 0, 1, 0, 0]",cMajor,Piano Sonata K333 i Bb major.mid by Mozart.csv,1783,6-1ofC,A-CF,deepskyblue,7,5
516,521.0 to 521.5,2,"[0, 0, 1, 0, 0, 1, 1, 0, 0, 0, 0, 1]",dMinor,Piano Sonata K333 i Bb major.mid by Mozart.csv,1783,2/4ofCmaj,DF,green,4,5
517,522.0 to 522.5,14,"[1, 0, 0, 0, 1, 0, 0, 0, 0, 0, 0, 0]",cMajor,Piano Sonata K333 i Bb major.mid by Mozart.csv,1783,VofAmin,E-BCD,indigo,19,5
518,523.0 to 523.5,16,"[0, 0, 0, 0, 0, 1, 0, 1, 0, 0, 0, 0]",cMajor,Piano Sonata K333 i Bb major.mid by Mozart.csv,1783,chr,FGAB,mediumpurple,10,5
519,524.0 to 524.5,9,"[0, 0, 0, 0, 0, 0, 0, 0, 0, 2, 0, 0]",dMajor,Piano Sonata K333 i Bb major.mid by Mozart.csv,1783,6-1ofC,A-CF,deepskyblue,7,5
520,525.0 to 525.75,9,"[0, 1, 0, 0, 0, 0, 0, 1, 0, 2, 0, 1]",aMajor,Piano Sonata K333 i Bb major.mid by Mozart.csv,1783,6-1ofC,A-CF,deepskyblue,7,5
521,526.0 to 526.75,19,"[0, 0, 1, 0, 1, 3, 0, 0, 0, 0, 0, 0]",b-Major,Piano Sonata K333 i Bb major.mid by Mozart.csv,1783,4ofC,F-AC,cyan,1,5
522,527.0 to 527.75,15,"[1, 0, 1, 0, 2, 1, 0, 0, 0, 0, 0, 0]",cMajor,Piano Sonata K333 i Bb major.mid by Mozart.csv,1783,Cmaj1-4tet,C-DEF,blue,3,5
523,528.0 to 528.75,13,"[2, 0, 1, 0, 0, 0, 0, 0, 0, 1, 0, 1]",fMajor,Piano Sonata K333 i Bb major.mid by Mozart.csv,1783,Cmaj5-1tet,BC-AG,darkviolet,12,5
524,529.0 to 529.75,3,"[0, 0, 0, 0, 0, 1, 0, 2, 0, 1, 0, 1]",gMajor,Piano Sonata K333 i Bb major.mid by Mozart.csv,1783,Gmaj-root,G-BD,red,9,5
525,530.0 to 530.75,4,"[1, 0, 0, 0, 1, 1, 0, 1, 0, 1, 0, 0]",cMajor,Piano Sonata K333 i Bb major.mid by Mozart.csv,1783,Cmaj3rd5th,EG-C,mediumvioletred,8,5
526,531.0 to 531.75,14,"[1, 0, 0, 0, 1, 0, 0, 0, 0, 0, 0, 1]",cMajor,Piano Sonata K333 i Bb major.mid by Mozart.csv,1783,VofAmin,E-BCD,indigo,19,5
527,532.0 to 532.75,13,"[1, 0, 1, 0, 0, 1, 0, 0, 0, 1, 0, 1]",fMajor,Piano Sonata K333 i Bb major.mid by Mozart.csv,1783,Cmaj5-1tet,BC-AG,darkviolet,12,5
528,533.0 to 533.75,19,"[0, 0, 0, 0, 0, 2, 0, 1, 0, 1, 0, 1]",fMajor,Piano Sonata K333 i Bb major.mid by Mozart.csv,1783,4ofC,F-AC,cyan,1,5
529,534.0 to 534.0,4,"[0, 0, 0, 0, 1, 0, 0, 1, 0, 0, 0, 0]",cMajor,Piano Sonata K333 i Bb major.mid by Mozart.csv,1783,Cmaj3rd5th,EG-C,mediumvioletred,8,5
530,535.0 to 535.875,18,"[1, 0, 1, 0, 1, 0, 0, 1, 0, 0, 0, 1]",cMajor,Piano Sonata K333 i Bb major.mid by Mozart.csv,1783,V-IofC,D-GBC,crimson,11,5
531,536.0 to 536.75,8,"[2, 0, 0, 0, 0, 0, 1, 1, 0, 0, 0, 0]",cMajor,Piano Sonata K333 i Bb major.mid by Mozart.csv,1783,Cmaj-root,C-EG,slateblue,2,5
532,537.0 to 537.75,1,"[0, 0, 0, 0, 0, 0, 1, 1, 0, 1, 0, 0]",dMajor,Piano Sonata K333 i Bb major.mid by Mozart.csv,1783,Gmaj-IV/vii,F#G-ACE,salmon,16,5
533,538.0 to 538.75,10,"[0, 0, 0, 0, 1, 1, 0, 1, 0, 0, 0, 0]",cMajor,Piano Sonata K333 i Bb major.mid by Mozart.csv,1783,Cmaj2-5tet,DEFG,violet,6,5
534,539.0 to 539.75,18,"[1, 0, 1, 0, 0, 0, 0, 1, 0, 0, 0, 0]",cMajor,Piano Sonata K333 i Bb major.mid by Mozart.csv,1783,V-IofC,D-GBC,crimson,11,5
535,540.0 to 540.75,5,"[0, 0, 2, 0, 0, 1, 0, 1, 0, 0, 0, 1]",gMajor,Piano Sonata K333 i Bb major.mid by Mozart.csv,1783,Gmaj3rd5th,BD-G,gold,17,5
536,541.0 to 541.75,16,"[0, 0, 0, 0, 0, 1, 0, 1, 0, 0, 0, 1]",gMajor,Piano Sonata K333 i Bb major.mid by Mozart.csv,1783,chr,FGAB,mediumpurple,10,5
537,542.0 to 542.75,5,"[0, 0, 2, 0, 0, 1, 0, 1, 0, 0, 0, 1]",gMajor,Piano Sonata K333 i Bb major.mid by Mozart.csv,1783,Gmaj3rd5th,BD-G,gold,17,5
538,543.0 to 543.75,16,"[0, 0, 0, 0, 0, 1, 0, 1, 0, 0, 0, 1]",gMajor,Piano Sonata K333 i Bb major.mid by Mozart.csv,1783,chr,FGAB,mediumpurple,10,5
539,544.0 to 544.75,18,"[1, 0, 1, 0, 1, 0, 0, 1, 0, 0, 0, 1]",cMajor,Piano Sonata K333 i Bb major.mid by Mozart.csv,1783,V-IofC,D-GBC,crimson,11,5
540,545.0 to 545.75,10,"[1, 0, 1, 0, 1, 1, 0, 1, 0, 0, 0, 0]",cMajor,Piano Sonata K333 i Bb major.mid by Mozart.csv,1783,Cmaj2-5tet,DEFG,violet,6,5
541,546.0 to 546.75,1,"[0, 0, 0, 1, 1, 0, 1, 2, 0, 0, 0, 0]",cMajor,Piano Sonata K333 i Bb major.mid by Mozart.csv,1783,Gmaj-IV/vii,F#G-ACE,salmon,16,5
542,547.0 to 547.75,1,"[0, 0, 0, 1, 1, 0, 1, 2, 0, 0, 0, 0]",cMajor,Piano Sonata K333 i Bb major.mid by Mozart.csv,1783,Gmaj-IV/vii,F#G-ACE,salmon,16,5
543,548.0 to 548.75,2,"[0, 0, 3, 0, 0, 2, 0, 1, 0, 0, 0, 1]",gMajor,Piano Sonata K333 i Bb major.mid by Mozart.csv,1783,2/4ofCmaj,DF,green,4,5
544,549.0 to 549.75,5,"[0, 0, 0, 0, 0, 1, 0, 1, 0, 0, 0, 2]",gMajor,Piano Sonata K333 i Bb major.mid by Mozart.csv,1783,Gmaj3rd5th,BD-G,gold,17,5
545,550.0 to 550.75,2,"[0, 0, 3, 0, 0, 2, 0, 1, 0, 0, 0, 1]",gMajor,Piano Sonata K333 i Bb major.mid by Mozart.csv,1783,2/4ofCmaj,DF,green,4,5
546,551.0 to 551.75,5,"[0, 0, 0, 0, 0, 1, 0, 1, 0, 0, 0, 2]",gMajor,Piano Sonata K333 i Bb major.mid by Mozart.csv,1783,Gmaj3rd5th,BD-G,gold,17,5
547,552.0 to 552.75,18,"[2, 0, 2, 0, 1, 0, 0, 1, 0, 0, 0, 1]",cMajor,Piano Sonata K333 i Bb major.mid by Mozart.csv,1783,V-IofC,D-GBC,crimson,11,5
548,553.0 to 553.75,10,"[1, 0, 1, 0, 2, 2, 0, 1, 0, 0, 0, 0]",cMajor,Piano Sonata K333 i Bb major.mid by Mozart.csv,1783,Cmaj2-5tet,DEFG,violet,6,5
549,554.0 to 554.75,1,"[0, 0, 0, 1, 1, 0, 2, 3, 0, 0, 0, 0]",e-Major,Piano Sonata K333 i Bb major.mid by Mozart.csv,1783,Gmaj-IV/vii,F#G-ACE,salmon,16,5
550,555.0 to 555.75,1,"[0, 0, 0, 1, 1, 0, 2, 3, 0, 0, 0, 0]",e-Major,Piano Sonata K333 i Bb major.mid by Mozart.csv,1783,Gmaj-IV/vii,F#G-ACE,salmon,16,5
551,556.0 to 556.5,9,"[0, 0, 0, 0, 0, 1, 0, 0, 0, 2, 0, 0]",fMajor,Piano Sonata K333 i Bb major.mid by Mozart.csv,1783,6-1ofC,A-CF,deepskyblue,7,5
552,557.0 to 557.5,9,"[0, 0, 0, 0, 1, 1, 0, 0, 0, 2, 0, 0]",fMajor,Piano Sonata K333 i Bb major.mid by Mozart.csv,1783,6-1ofC,A-CF,deepskyblue,7,5
553,558.0 to 558.5,5,"[0, 0, 0, 0, 0, 0, 0, 1, 0, 0, 0, 2]",gMajor,Piano Sonata K333 i Bb major.mid by Mozart.csv,1783,Gmaj3rd5th,BD-G,gold,17,5
554,559.0 to 559.5,5,"[0, 0, 0, 0, 0, 0, 1, 1, 0, 0, 0, 2]",gMajor,Piano Sonata K333 i Bb major.mid by Mozart.csv,1783,Gmaj3rd5th,BD-G,gold,17,5
555,560.0 to 560.5,19,"[0, 0, 0, 0, 0, 2, 0, 0, 1, 0, 0, 0]",c#Major,Piano Sonata K333 i Bb major.mid by Mozart.csv,1783,4ofC,F-AC,cyan,1,5
556,561.0 to 561.5,19,"[0, 0, 0, 0, 0, 2, 1, 0, 1, 0, 0, 0]",c#Major,Piano Sonata K333 i Bb major.mid by Mozart.csv,1783,4ofC,F-AC,cyan,1,5
557,562.0 to 562.5,14,"[0, 0, 0, 0, 2, 0, 0, 0, 0, 1, 0, 0]",aMajor,Piano Sonata K333 i Bb major.mid by Mozart.csv,1783,VofAmin,E-BCD,indigo,19,5
558,563.0 to 563.5,14,"[0, 0, 0, 0, 2, 0, 0, 0, 1, 1, 0, 0]",eMajor,Piano Sonata K333 i Bb major.mid by Mozart.csv,1783,VofAmin,E-BCD,indigo,19,5
559,564.0 to 564.75,2,"[0, 0, 1, 0, 1, 1, 0, 0, 0, 0, 0, 0]",b-Major,Piano Sonata K333 i Bb major.mid by Mozart.csv,1783,2/4ofCmaj,DF,green,4,5
560,565.0 to 565.75,10,"[0, 0, 2, 0, 1, 2, 0, 1, 0, 0, 0, 0]",b-Major,Piano Sonata K333 i Bb major.mid by Mozart.csv,1783,Cmaj2-5tet,DEFG,violet,6,5
561,566.0 to 566.0,4,"[1, 0, 0, 0, 1, 0, 0, 1, 0, 0, 0, 0]",cMajor,Piano Sonata K333 i Bb major.mid by Mozart.csv,1783,Cmaj3rd5th,EG-C,mediumvioletred,8,5
562,567.0 to 567.0,16,"[0, 0, 0, 0, 0, 1, 0, 1, 0, 0, 0, 1]",gMajor,Piano Sonata K333 i Bb major.mid by Mozart.csv,1783,chr,FGAB,mediumpurple,10,5
563,568.0 to 568.5,4,"[1, 0, 0, 0, 1, 0, 0, 1, 0, 0, 0, 0]",cMajor,Piano Sonata K333 i Bb major.mid by Mozart.csv,1783,Cmaj3rd5th,EG-C,mediumvioletred,8,5
564,569.0 to 569.5,4,"[1, 0, 0, 0, 1, 0, 0, 1, 0, 0, 0, 1]",cMajor,Piano Sonata K333 i Bb major.mid by Mozart.csv,1783,Cmaj3rd5th,EG-C,mediumvioletred,8,5
565,570.0 to 570.5,11,"[0, 0, 0, 0, 1, 0, 0, 1, 0, 0, 1, 0]",cMajor,Piano Sonata K333 i Bb major.mid by Mozart.csv,1783,iv_ofDmin,GBb-C#D,yellow,0,5
566,571.0 to 571.5,11,"[0, 0, 0, 0, 1, 0, 0, 1, 0, 1, 1, 0]",e-Major,Piano Sonata K333 i Bb major.mid by Mozart.csv,1783,iv_ofDmin,GBb-C#D,yellow,0,5
567,572.0 to 572.5,16,"[0, 1, 0, 0, 1, 0, 0, 1, 0, 1, 0, 0]",aMajor,Piano Sonata K333 i Bb major.mid by Mozart.csv,1783,chr,FGAB,mediumpurple,10,5
568,573.0 to 573.5,16,"[0, 1, 0, 0, 1, 0, 0, 1, 1, 1, 0, 0]",aMajor,Piano Sonata K333 i Bb major.mid by Mozart.csv,1783,chr,FGAB,mediumpurple,10,5
569,574.0 to 574.5,2,"[0, 0, 1, 0, 0, 1, 0, 0, 0, 1, 0, 0]",fMinor,Piano Sonata K333 i Bb major.mid by Mozart.csv,1783,2/4ofCmaj,DF,green,4,5
570,575.0 to 575.5,2,"[0, 0, 1, 0, 0, 2, 0, 0, 0, 0, 0, 0]",b-Major,Piano Sonata K333 i Bb major.mid by Mozart.csv,1783,2/4ofCmaj,DF,green,4,5
571,576.0 to 576.5,2,"[0, 0, 1, 0, 0, 2, 0, 0, 0, 0, 0, 1]",b-Major,Piano Sonata K333 i Bb major.mid by Mozart.csv,1783,2/4ofCmaj,DF,green,4,5
572,577.0 to 577.5,5,"[0, 0, 1, 0, 0, 1, 0, 1, 0, 0, 0, 1]",gMajor,Piano Sonata K333 i Bb major.mid by Mozart.csv,1783,Gmaj3rd5th,BD-G,gold,17,5
573,578.0 to 578.5,4,"[1, 0, 0, 0, 1, 0, 0, 1, 0, 0, 0, 0]",cMajor,Piano Sonata K333 i Bb major.mid by Mozart.csv,1783,Cmaj3rd5th,EG-C,mediumvioletred,8,5
574,579.0 to 579.5,14,"[1, 0, 0, 0, 2, 0, 0, 0, 0, 0, 0, 0]",cMajor,Piano Sonata K333 i Bb major.mid by Mozart.csv,1783,VofAmin,E-BCD,indigo,19,5
575,580.0 to 580.5,12,"[1, 0, 0, 0, 2, 0, 0, 0, 0, 1, 0, 0]",cMinor,Piano Sonata K333 i Bb major.mid by Mozart.csv,1783,AminTriad,ACE,steelblue,14,5
576,581.0 to 581.5,12,"[1, 0, 0, 0, 1, 1, 0, 0, 0, 1, 0, 0]",fMajor,Piano Sonata K333 i Bb major.mid by Mozart.csv,1783,AminTriad,ACE,steelblue,14,5
577,582.0 to 582.5,2,"[0, 0, 1, 0, 0, 1, 0, 0, 0, 0, 0, 1]",gMajor,Piano Sonata K333 i Bb major.mid by Mozart.csv,1783,2/4ofCmaj,DF,green,4,5
578,583.0 to 583.5,5,"[0, 0, 2, 0, 0, 0, 0, 0, 0, 0, 0, 1]",gMajor,Piano Sonata K333 i Bb major.mid by Mozart.csv,1783,Gmaj3rd5th,BD-G,gold,17,5
579,584.0 to 584.5,5,"[0, 0, 2, 0, 0, 0, 0, 0, 1, 0, 0, 1]",gMajor,Piano Sonata K333 i Bb major.mid by Mozart.csv,1783,Gmaj3rd5th,BD-G,gold,17,5
580,585.0 to 585.5,14,"[0, 0, 1, 0, 1, 0, 0, 0, 1, 0, 0, 1]",eMajor,Piano Sonata K333 i Bb major.mid by Mozart.csv,1783,VofAmin,E-BCD,indigo,19,5
581,586.0 to 586.5,12,"[1, 0, 0, 0, 1, 0, 0, 0, 0, 1, 0, 0]",cMinor,Piano Sonata K333 i Bb major.mid by Mozart.csv,1783,AminTriad,ACE,steelblue,14,5
582,587.0 to 587.5,8,"[2, 0, 0, 0, 0, 0, 0, 0, 0, 1, 0, 0]",fMajor,Piano Sonata K333 i Bb major.mid by Mozart.csv,1783,Cmaj-root,C-EG,slateblue,2,5
583,588.0 to 588.5,8,"[2, 0, 1, 0, 0, 0, 1, 0, 0, 0, 0, 0]",cMajor,Piano Sonata K333 i Bb major.mid by Mozart.csv,1783,Cmaj-root,C-EG,slateblue,2,5
584,589.0 to 589.5,1,"[1, 0, 0, 0, 0, 0, 1, 0, 0, 0, 0, 0]",cMajor,Piano Sonata K333 i Bb major.mid by Mozart.csv,1783,Gmaj-IV/vii,F#G-ACE,salmon,16,5
585,590.0 to 590.5,8,"[2, 0, 0, 0, 1, 0, 0, 1, 0, 0, 0, 0]",cMajor,Piano Sonata K333 i Bb major.mid by Mozart.csv,1783,Cmaj-root,C-EG,slateblue,2,5
586,591.0 to 591.5,4,"[1, 0, 0, 0, 0, 0, 0, 1, 0, 0, 0, 0]",cMajor,Piano Sonata K333 i Bb major.mid by Mozart.csv,1783,Cmaj3rd5th,EG-C,mediumvioletred,8,5
587,592.0 to 592.5,9,"[2, 0, 0, 0, 0, 1, 0, 0, 0, 1, 0, 0]",fMajor,Piano Sonata K333 i Bb major.mid by Mozart.csv,1783,6-1ofC,A-CF,deepskyblue,7,5
588,593.0 to 593.5,9,"[1, 0, 0, 0, 0, 0, 0, 0, 0, 1, 0, 0]",fMajor,Piano Sonata K333 i Bb major.mid by Mozart.csv,1783,6-1ofC,A-CF,deepskyblue,7,5
589,594.0 to 594.5,8,"[2, 0, 0, 0, 0, 0, 1, 0, 1, 0, 0, 0]",g#Major,Piano Sonata K333 i Bb major.mid by Mozart.csv,1783,Cmaj-root,C-EG,slateblue,2,5
590,595.0 to 595.5,16,"[1, 0, 0, 0, 0, 0, 0, 0, 1, 0, 0, 0]",g#Major,Piano Sonata K333 i Bb major.mid by Mozart.csv,1783,chr,FGAB,mediumpurple,10,5
591,596.0 to 596.5,4,"[2, 0, 0, 0, 0, 0, 0, 2, 0, 0, 0, 0]",cMajor,Piano Sonata K333 i Bb major.mid by Mozart.csv,1783,Cmaj3rd5th,EG-C,mediumvioletred,8,5
592,597.0 to 597.5,8,"[2, 0, 0, 0, 1, 0, 0, 0, 1, 0, 0, 0]",cMajor,Piano Sonata K333 i Bb major.mid by Mozart.csv,1783,Cmaj-root,C-EG,slateblue,2,5
593,598.0 to 598.5,9,"[2, 0, 0, 0, 0, 1, 0, 0, 0, 1, 0, 0]",fMajor,Piano Sonata K333 i Bb major.mid by Mozart.csv,1783,6-1ofC,A-CF,deepskyblue,7,5
594,599.0 to 599.5,5,"[0, 0, 1, 0, 0, 1, 0, 1, 0, 0, 0, 1]",gMajor,Piano Sonata K333 i Bb major.mid by Mozart.csv,1783,Gmaj3rd5th,BD-G,gold,17,5
595,600.0 to 600.5,4,"[1, 0, 0, 0, 1, 1, 0, 2, 0, 0, 0, 0]",cMajor,Piano Sonata K333 i Bb major.mid by Mozart.csv,1783,Cmaj3rd5th,EG-C,mediumvioletred,8,5
596,601.0 to 601.5,4,"[1, 0, 1, 0, 2, 0, 0, 1, 0, 0, 0, 0]",cMajor,Piano Sonata K333 i Bb major.mid by Mozart.csv,1783,Cmaj3rd5th,EG-C,mediumvioletred,8,5
597,602.0 to 602.5,13,"[2, 0, 0, 0, 0, 1, 0, 0, 0, 1, 0, 1]",fMajor,Piano Sonata K333 i Bb major.mid by Mozart.csv,1783,Cmaj5-1tet,BC-AG,darkviolet,12,5
598,603.0 to 603.5,19,"[0, 0, 1, 0, 1, 2, 0, 0, 0, 1, 0, 0]",fMinor,Piano Sonata K333 i Bb major.mid by Mozart.csv,1783,4ofC,F-AC,cyan,1,5
599,604.0 to 604.75,3,"[0, 0, 0, 0, 0, 0, 0, 2, 0, 1, 0, 0]",cMajor,Piano Sonata K333 i Bb major.mid by Mozart.csv,1783,Gmaj-root,G-BD,red,9,5
600,605.0 to 605.75,15,"[2, 0, 1, 0, 2, 1, 0, 0, 0, 0, 0, 0]",cMajor,Piano Sonata K333 i Bb major.mid by Mozart.csv,1783,Cmaj1-4tet,C-DEF,blue,3,5
601,606.0 to 606.875,15,"[1, 0, 1, 0, 1, 1, 0, 0, 0, 0, 0, 0]",cMajor,Piano Sonata K333 i Bb major.mid by Mozart.csv,1783,Cmaj1-4tet,C-DEF,blue,3,5
602,607.0 to 607.875,18,"[1, 0, 1, 0, 1, 0, 0, 1, 0, 0, 0, 1]",cMajor,Piano Sonata K333 i Bb major.mid by Mozart.csv,1783,V-IofC,D-GBC,crimson,11,5
603,608.0 to 608.75,8,"[3, 0, 0, 0, 1, 0, 0, 0, 0, 0, 0, 0]",cMajor,Piano Sonata K333 i Bb major.mid by Mozart.csv,1783,Cmaj-root,C-EG,slateblue,2,5
604,609.0 to 609.75,10,"[0, 0, 1, 0, 1, 1, 0, 1, 0, 0, 1, 1]",gMajor,Piano Sonata K333 i Bb major.mid by Mozart.csv,1783,Cmaj2-5tet,DEFG,violet,6,5
605,610.0 to 610.75,12,"[2, 0, 0, 0, 1, 1, 0, 0, 0, 1, 0, 0]",fMajor,Piano Sonata K333 i Bb major.mid by Mozart.csv,1783,AminTriad,ACE,steelblue,14,5
606,611.0 to 611.75,10,"[0, 0, 1, 0, 1, 1, 0, 1, 0, 0, 1, 1]",gMajor,Piano Sonata K333 i Bb major.mid by Mozart.csv,1783,Cmaj2-5tet,DEFG,violet,6,5
607,612.0 to 612.75,12,"[2, 0, 0, 0, 1, 1, 0, 0, 0, 1, 0, 0]",fMajor,Piano Sonata K333 i Bb major.mid by Mozart.csv,1783,AminTriad,ACE,steelblue,14,5
608,613.0 to 613.75,10,"[0, 0, 1, 0, 1, 1, 0, 1, 0, 0, 1, 1]",gMajor,Piano Sonata K333 i Bb major.mid by Mozart.csv,1783,Cmaj2-5tet,DEFG,violet,6,5
609,614.0 to 614.75,9,"[0, 0, 0, 0, 1, 1, 0, 1, 0, 2, 1, 0]",fMajor,Piano Sonata K333 i Bb major.mid by Mozart.csv,1783,6-1ofC,A-CF,deepskyblue,7,5
610,615.0 to 615.75,2,"[1, 0, 2, 0, 0, 1, 0, 0, 0, 1, 0, 1]",fMinor,Piano Sonata K333 i Bb major.mid by Mozart.csv,1783,2/4ofCmaj,DF,green,4,5
611,616.0 to 616.75,14,"[1, 0, 1, 0, 2, 0, 0, 0, 0, 0, 0, 0]",cMajor,Piano Sonata K333 i Bb major.mid by Mozart.csv,1783,VofAmin,E-BCD,indigo,19,5
612,617.0 to 617.75,9,"[1, 0, 0, 0, 0, 0, 0, 0, 1, 1, 1, 0]",fMajor,Piano Sonata K333 i Bb major.mid by Mozart.csv,1783,6-1ofC,A-CF,deepskyblue,7,5
613,618.0 to 618.75,19,"[0, 0, 1, 0, 1, 2, 0, 0, 0, 1, 0, 0]",fMinor,Piano Sonata K333 i Bb major.mid by Mozart.csv,1783,4ofC,F-AC,cyan,1,5
614,619.0 to 619.75,13,"[1, 0, 1, 0, 0, 0, 0, 0, 0, 1, 0, 1]",gMajor,Piano Sonata K333 i Bb major.mid by Mozart.csv,1783,Cmaj5-1tet,BC-AG,darkviolet,12,5
615,620.0 to 620.75,17,"[2, 0, 0, 0, 1, 0, 0, 3, 0, 0, 0, 0]",cMajor,Piano Sonata K333 i Bb major.mid by Mozart.csv,1783,CmajTriad,CEG,blueviolet,5,5
616,621.0 to 621.5,8,"[3, 0, 0, 0, 2, 0, 0, 0, 0, 0, 0, 0]",cMajor,Piano Sonata K333 i Bb major.mid by Mozart.csv,1783,Cmaj-root,C-EG,slateblue,2,5
617,622.0 to 622.5,10,"[0, 0, 2, 0, 1, 1, 0, 2, 0, 0, 0, 0]",gMajor,Piano Sonata K333 i Bb major.mid by Mozart.csv,1783,Cmaj2-5tet,DEFG,violet,6,5
618,623.0 to 623.5,18,"[1, 0, 2, 0, 1, 1, 0, 0, 0, 0, 0, 1]",gMajor,Piano Sonata K333 i Bb major.mid by Mozart.csv,1783,V-IofC,D-GBC,crimson,11,5
619,624.0 to 624.75,8,"[2, 0, 0, 0, 2, 0, 0, 0, 0, 0, 0, 0]",cMajor,Piano Sonata K333 i Bb major.mid by Mozart.csv,1783,Cmaj-root,C-EG,slateblue,2,5
620,625.0 to 625.75,10,"[0, 0, 1, 0, 1, 1, 0, 1, 0, 0, 1, 1]",gMajor,Piano Sonata K333 i Bb major.mid by Mozart.csv,1783,Cmaj2-5tet,DEFG,violet,6,5
621,626.0 to 626.75,8,"[3, 0, 0, 0, 1, 1, 0, 0, 0, 1, 0, 0]",fMajor,Piano Sonata K333 i Bb major.mid by Mozart.csv,1783,Cmaj-root,C-EG,slateblue,2,5
622,627.0 to 627.75,10,"[0, 0, 1, 0, 1, 1, 0, 1, 0, 0, 1, 1]",gMajor,Piano Sonata K333 i Bb major.mid by Mozart.csv,1783,Cmaj2-5tet,DEFG,violet,6,5
623,628.0 to 628.75,12,"[2, 0, 0, 0, 1, 1, 0, 0, 0, 1, 0, 0]",fMajor,Piano Sonata K333 i Bb major.mid by Mozart.csv,1783,AminTriad,ACE,steelblue,14,5
624,629.0 to 629.75,10,"[0, 0, 1, 0, 1, 1, 0, 1, 0, 0, 1, 1]",gMajor,Piano Sonata K333 i Bb major.mid by Mozart.csv,1783,Cmaj2-5tet,DEFG,violet,6,5
625,630.0 to 630.75,4,"[1, 0, 0, 0, 1, 1, 0, 1, 0, 1, 0, 0]",cMajor,Piano Sonata K333 i Bb major.mid by Mozart.csv,1783,Cmaj3rd5th,EG-C,mediumvioletred,8,5
626,631.0 to 631.75,13,"[1, 0, 1, 0, 0, 1, 0, 0, 0, 1, 0, 1]",fMajor,Piano Sonata K333 i Bb major.mid by Mozart.csv,1783,Cmaj5-1tet,BC-AG,darkviolet,12,5
627,632.0 to 632.75,14,"[1, 0, 1, 0, 3, 0, 0, 0, 0, 0, 0, 0]",cMajor,Piano Sonata K333 i Bb major.mid by Mozart.csv,1783,VofAmin,E-BCD,indigo,19,5
628,633.0 to 633.75,9,"[1, 0, 0, 0, 0, 0, 0, 0, 1, 1, 1, 0]",fMajor,Piano Sonata K333 i Bb major.mid by Mozart.csv,1783,6-1ofC,A-CF,deepskyblue,7,5
629,634.0 to 634.75,19,"[0, 0, 0, 0, 1, 3, 0, 1, 0, 1, 0, 0]",fMajor,Piano Sonata K333 i Bb major.mid by Mozart.csv,1783,4ofC,F-AC,cyan,1,5
630,635.0 to 635.75,13,"[1, 0, 1, 0, 0, 0, 0, 0, 0, 1, 0, 1]",gMajor,Piano Sonata K333 i Bb major.mid by Mozart.csv,1783,Cmaj5-1tet,BC-AG,darkviolet,12,5
631,636.0 to 636.75,17,"[1, 0, 0, 0, 2, 0, 0, 2, 0, 0, 0, 0]",cMajor,Piano Sonata K333 i Bb major.mid by Mozart.csv,1783,CmajTriad,CEG,blueviolet,5,5
632,637.0 to 637.75,4,"[1, 0, 0, 0, 2, 0, 0, 1, 0, 0, 0, 0]",cMajor,Piano Sonata K333 i Bb major.mid by Mozart.csv,1783,Cmaj3rd5th,EG-C,mediumvioletred,8,5
633,638.0 to 638.75,17,"[2, 0, 0, 0, 3, 0, 0, 2, 0, 0, 0, 0]",cMajor,Piano Sonata K333 i Bb major.mid by Mozart.csv,1783,CmajTriad,CEG,blueviolet,5,5
634,639.0 to 639.75,17,"[3, 0, 0, 0, 2, 0, 0, 2, 0, 0, 0, 0]",cMajor,Piano Sonata K333 i Bb major.mid by Mozart.csv,1783,CmajTriad,CEG,blueviolet,5,5
635,640.0 to 640.875,10,"[0, 0, 1, 0, 1, 1, 0, 1, 0, 0, 0, 1]",gMinor,Piano Sonata K333 i Bb major.mid by Mozart.csv,1783,Cmaj2-5tet,DEFG,violet,6,5
636,641.0 to 641.875,10,"[0, 0, 1, 0, 1, 1, 0, 1, 0, 0, 0, 1]",gMinor,Piano Sonata K333 i Bb major.mid by Mozart.csv,1783,Cmaj2-5tet,DEFG,violet,6,5
637,642.0 to 642.875,10,"[0, 0, 1, 0, 1, 1, 0, 1, 0, 0, 0, 1]",gMinor,Piano Sonata K333 i Bb major.mid by Mozart.csv,1783,Cmaj2-5tet,DEFG,violet,6,5
638,643.0 to 643.875,10,"[1, 0, 1, 0, 1, 1, 0, 1, 0, 0, 0, 1]",cMajor,Piano Sonata K333 i Bb major.mid by Mozart.csv,1783,Cmaj2-5tet,DEFG,violet,6,5
639,644.0 to 644.5,8,"[3, 0, 0, 0, 0, 0, 0, 0, 0, 0, 0, 0]",cMajor,Piano Sonata K333 i Bb major.mid by Mozart.csv,1783,Cmaj-root,C-EG,slateblue,2,5
640,645.0 to 645.5,8,"[2, 0, 0, 0, 0, 0, 0, 0, 0, 0, 0, 1]",cMajor,Piano Sonata K333 i Bb major.mid by Mozart.csv,1783,Cmaj-root,C-EG,slateblue,2,5
641,646.0 to 646.5,18,"[2, 0, 1, 0, 0, 0, 0, 0, 0, 0, 0, 1]",gMajor,Piano Sonata K333 i Bb major.mid by Mozart.csv,1783,V-IofC,D-GBC,crimson,11,5
642,647.0 to 647.5,14,"[0, 0, 1, 0, 1, 0, 0, 0, 0, 0, 1, 1]",eMajor,Piano Sonata K333 i Bb major.mid by Mozart.csv,1783,VofAmin,E-BCD,indigo,19,5
643,648.0 to 648.75,12,"[1, 0, 0, 0, 1, 1, 0, 0, 0, 1, 0, 0]",fMajor,Piano Sonata K333 i Bb major.mid by Mozart.csv,1783,AminTriad,ACE,steelblue,14,5
644,649.0 to 649.75,15,"[2, 0, 1, 1, 0, 1, 0, 0, 1, 0, 0, 0]",g#Major,Piano Sonata K333 i Bb major.mid by Mozart.csv,1783,Cmaj1-4tet,C-DEF,blue,3,5
645,650.0 to 650.75,18,"[2, 0, 1, 0, 0, 0, 0, 1, 0, 0, 0, 1]",cMajor,Piano Sonata K333 i Bb major.mid by Mozart.csv,1783,V-IofC,D-GBC,crimson,11,5
646,651.0 to 651.75,13,"[1, 0, 0, 0, 0, 1, 0, 1, 0, 1, 0, 2]",fMajor,Piano Sonata K333 i Bb major.mid by Mozart.csv,1783,Cmaj5-1tet,BC-AG,darkviolet,12,5
647,652.0 to 652.5,8,"[2, 0, 0, 0, 1, 0, 0, 0, 0, 0, 0, 0]",cMajor,Piano Sonata K333 i Bb major.mid by Mozart.csv,1783,Cmaj-root,C-EG,slateblue,2,5
648,653.0 to 653.5,8,"[2, 0, 0, 0, 0, 0, 0, 0, 0, 0, 0, 1]",cMajor,Piano Sonata K333 i Bb major.mid by Mozart.csv,1783,Cmaj-root,C-EG,slateblue,2,5
649,654.0 to 654.5,18,"[2, 0, 1, 0, 0, 0, 0, 0, 0, 0, 0, 1]",gMajor,Piano Sonata K333 i Bb major.mid by Mozart.csv,1783,V-IofC,D-GBC,crimson,11,5
650,655.0 to 655.5,14,"[0, 0, 1, 0, 1, 0, 0, 0, 0, 0, 1, 1]",eMajor,Piano Sonata K333 i Bb major.mid by Mozart.csv,1783,VofAmin,E-BCD,indigo,19,5
651,656.0 to 656.875,16,"[0, 0, 0, 0, 1, 1, 0, 1, 0, 1, 0, 0]",cMajor,Piano Sonata K333 i Bb major.mid by Mozart.csv,1783,chr,FGAB,mediumpurple,10,5
652,657.0 to 657.5,16,"[0, 0, 0, 0, 0, 1, 0, 1, 0, 1, 0, 0]",fMajor,Piano Sonata K333 i Bb major.mid by Mozart.csv,1783,chr,FGAB,mediumpurple,10,5
653,658.0 to 658.5,10,"[0, 0, 0, 0, 1, 1, 0, 2, 0, 1, 0, 0]",cMajor,Piano Sonata K333 i Bb major.mid by Mozart.csv,1783,Cmaj2-5tet,DEFG,violet,6,5
654,659.0 to 659.5,16,"[0, 0, 0, 0, 0, 1, 0, 1, 0, 0, 0, 1]",gMajor,Piano Sonata K333 i Bb major.mid by Mozart.csv,1783,chr,FGAB,mediumpurple,10,5
655,660.0 to 660.0,2,"[1, 0, 1, 0, 0, 1, 0, 0, 0, 0, 0, 0]",fMajor,Piano Sonata K333 i Bb major.mid by Mozart.csv,1783,2/4ofCmaj,DF,green,4,5
656,661.0 to 661.0,2,"[0, 0, 1, 0, 0, 1, 0, 1, 0, 0, 0, 0]",gMajor,Piano Sonata K333 i Bb major.mid by Mozart.csv,1783,2/4ofCmaj,DF,green,4,5
657,662.0 to 662.0,8,"[2, 0, 0, 0, 1, 0, 0, 0, 0, 0, 0, 0]",cMajor,Piano Sonata K333 i Bb major.mid by Mozart.csv,1783,Cmaj-root,C-EG,slateblue,2,5
