index,offsetRange,"[C,C#,D,E-,E,F,F#,G,G#,A,B-,B]",CentroidLabelIndex_individualUnit,triadLabel,filename
0,1.75 to 1.75,"[0, 0, 0, 0, 1, 0, 0, 1, 0, 0, 0, 0]",3,cMajor,Piano Sonata K330 i C major.mid by Mozart.csv
1,2.25 to 2.75,"[1, 0, 0, 0, 1, 0, 0, 1, 0, 0, 0, 0]",3,cMajor,Piano Sonata K330 i C major.mid by Mozart.csv
2,3.0 to 3.875,"[1, 0, 0, 0, 1, 1, 0, 1, 0, 0, 0, 0]",1,cMajor,Piano Sonata K330 i C major.mid by Mozart.csv
3,4.0 to 4.875,"[2, 0, 1, 0, 1, 2, 0, 0, 0, 0, 0, 1]",8,fMajor,Piano Sonata K330 i C major.mid by Mozart.csv
4,5.125 to 5.875,"[2, 0, 1, 0, 1, 0, 0, 0, 0, 0, 0, 0]",7,cMinor,Piano Sonata K330 i C major.mid by Mozart.csv
5,6.0 to 6.666666667,"[2, 0, 1, 0, 2, 0, 0, 1, 0, 0, 0, 0]",5,cMajor,Piano Sonata K330 i C major.mid by Mozart.csv
6,7.041666667 to 7.875,"[1, 0, 0, 0, 1, 0, 0, 1, 0, 0, 0, 0]",3,cMajor,Piano Sonata K330 i C major.mid by Mozart.csv
7,8.0 to 8.75,"[1, 0, 0, 0, 1, 0, 0, 1, 0, 0, 0, 0]",3,cMajor,Piano Sonata K330 i C major.mid by Mozart.csv
8,9.125 to 9.958333332999999,"[1, 0, 0, 0, 1, 0, 0, 1, 0, 0, 0, 0]",3,cMajor,Piano Sonata K330 i C major.mid by Mozart.csv
9,10.0 to 10.75,"[1, 0, 0, 0, 2, 2, 0, 1, 0, 0, 0, 0]",1,cMajor,Piano Sonata K330 i C major.mid by Mozart.csv
10,11.0 to 11.79166667,"[2, 0, 1, 0, 1, 1, 0, 0, 0, 0, 0, 0]",7,cMajor,Piano Sonata K330 i C major.mid by Mozart.csv
11,12.0 to 12.875,"[2, 0, 1, 0, 2, 0, 0, 0, 0, 0, 0, 0]",7,cMajor,Piano Sonata K330 i C major.mid by Mozart.csv
12,13.125 to 13.625,"[1, 0, 0, 0, 1, 0, 0, 1, 0, 0, 0, 0]",3,cMajor,Piano Sonata K330 i C major.mid by Mozart.csv
13,14.0 to 14.875,"[1, 0, 0, 0, 1, 1, 0, 1, 0, 1, 0, 0]",1,cMajor,Piano Sonata K330 i C major.mid by Mozart.csv
14,15.25 to 15.625,"[2, 0, 0, 0, 0, 2, 0, 0, 0, 0, 0, 0]",8,fMajor,Piano Sonata K330 i C major.mid by Mozart.csv
15,16.0 to 16.875,"[2, 0, 0, 0, 0, 1, 0, 0, 0, 1, 0, 0]",8,fMajor,Piano Sonata K330 i C major.mid by Mozart.csv
16,17.25 to 17.66666667,"[1, 0, 0, 0, 0, 1, 0, 0, 0, 0, 0, 0]",8,fMajor,Piano Sonata K330 i C major.mid by Mozart.csv
17,18.125 to 18.875,"[2, 0, 0, 0, 2, 0, 0, 1, 0, 0, 0, 0]",5,cMajor,Piano Sonata K330 i C major.mid by Mozart.csv
18,19.0 to 19.875,"[2, 0, 0, 0, 1, 0, 0, 1, 0, 0, 0, 0]",5,cMajor,Piano Sonata K330 i C major.mid by Mozart.csv
19,20.125 to 20.5,"[1, 0, 0, 0, 1, 0, 0, 0, 0, 0, 0, 0]",4,cMajor,Piano Sonata K330 i C major.mid by Mozart.csv
20,21.0 to 21.83333333,"[1, 0, 0, 0, 1, 0, 0, 3, 0, 0, 0, 0]",3,cMajor,Piano Sonata K330 i C major.mid by Mozart.csv
21,22.125 to 22.875,"[1, 0, 1, 0, 1, 0, 0, 2, 0, 0, 0, 1]",2,cMajor,Piano Sonata K330 i C major.mid by Mozart.csv
22,23.375 to 23.875,"[0, 0, 1, 0, 0, 1, 0, 2, 0, 0, 0, 1]",2,gMajor,Piano Sonata K330 i C major.mid by Mozart.csv
23,24.0 to 24.875,"[2, 0, 0, 1, 1, 1, 0, 1, 0, 0, 0, 1]",5,cMajor,Piano Sonata K330 i C major.mid by Mozart.csv
24,25.25 to 25.75,"[1, 0, 0, 1, 2, 0, 0, 1, 0, 0, 0, 0]",3,cMajor,Piano Sonata K330 i C major.mid by Mozart.csv
25,26.0 to 26.5,"[1, 0, 0, 0, 2, 0, 0, 0, 0, 0, 0, 0]",7,cMajor,Piano Sonata K330 i C major.mid by Mozart.csv
26,27.0 to 27.75,"[0, 0, 0, 0, 1, 1, 0, 1, 0, 1, 0, 0]",1,cMajor,Piano Sonata K330 i C major.mid by Mozart.csv
27,28.08333333 to 28.95833333,"[2, 0, 0, 0, 0, 2, 0, 0, 0, 2, 0, 0]",8,fMajor,Piano Sonata K330 i C major.mid by Mozart.csv
28,29.0 to 29.75,"[2, 0, 0, 0, 0, 2, 0, 0, 0, 0, 0, 0]",8,fMajor,Piano Sonata K330 i C major.mid by Mozart.csv
29,30.25 to 30.66666667,"[1, 0, 0, 0, 0, 1, 0, 0, 0, 0, 0, 0]",8,fMajor,Piano Sonata K330 i C major.mid by Mozart.csv
30,31.0 to 31.875,"[2, 0, 0, 0, 2, 0, 0, 1, 0, 0, 0, 0]",5,cMajor,Piano Sonata K330 i C major.mid by Mozart.csv
31,32.0 to 32.66666667,"[3, 0, 0, 0, 2, 0, 0, 1, 0, 0, 0, 0]",5,cMajor,Piano Sonata K330 i C major.mid by Mozart.csv
32,33.0 to 33.875,"[1, 0, 0, 0, 1, 0, 0, 0, 0, 0, 0, 0]",4,cMajor,Piano Sonata K330 i C major.mid by Mozart.csv
33,34.25 to 34.70833333,"[1, 0, 0, 0, 1, 0, 0, 2, 0, 1, 0, 0]",3,cMajor,Piano Sonata K330 i C major.mid by Mozart.csv
34,35.0 to 35.875,"[1, 0, 1, 0, 2, 2, 0, 1, 0, 0, 0, 0]",1,cMajor,Piano Sonata K330 i C major.mid by Mozart.csv
35,36.25 to 36.91666667,"[1, 0, 2, 0, 0, 1, 0, 1, 0, 0, 0, 0]",6,gMajor,Piano Sonata K330 i C major.mid by Mozart.csv
36,37.0 to 37.91666667,"[2, 0, 1, 0, 1, 0, 0, 2, 0, 1, 0, 1]",5,cMajor,Piano Sonata K330 i C major.mid by Mozart.csv
37,38.125 to 38.875,"[2, 0, 1, 0, 2, 1, 0, 0, 0, 0, 0, 1]",7,cMajor,Piano Sonata K330 i C major.mid by Mozart.csv
38,39.125 to 39.875,"[1, 0, 0, 0, 0, 0, 0, 1, 0, 1, 0, 1]",0,fMajor,Piano Sonata K330 i C major.mid by Mozart.csv
39,40.75 to 40.75,"[0, 0, 0, 0, 1, 0, 0, 1, 0, 0, 0, 0]",3,cMajor,Piano Sonata K330 i C major.mid by Mozart.csv
40,41.0 to 41.875,"[0, 0, 1, 0, 0, 1, 0, 2, 0, 1, 0, 0]",1,fMinor,Piano Sonata K330 i C major.mid by Mozart.csv
41,42.0 to 42.875,"[1, 0, 0, 0, 1, 1, 0, 2, 0, 0, 0, 0]",3,cMajor,Piano Sonata K330 i C major.mid by Mozart.csv
42,43.25 to 43.66666667,"[0, 0, 1, 0, 1, 0, 0, 1, 0, 0, 0, 1]",6,gMajor,Piano Sonata K330 i C major.mid by Mozart.csv
43,44.0 to 44.875,"[2, 0, 0, 0, 0, 0, 0, 1, 0, 1, 0, 1]",0,cMajor,Piano Sonata K330 i C major.mid by Mozart.csv
44,45.0 to 45.91666667,"[0, 0, 1, 0, 1, 1, 0, 1, 0, 1, 0, 0]",1,fMinor,Piano Sonata K330 i C major.mid by Mozart.csv
45,46.125 to 46.58333333,"[1, 0, 0, 0, 0, 0, 0, 1, 0, 0, 0, 1]",0,cMajor,Piano Sonata K330 i C major.mid by Mozart.csv
46,47.0 to 47.75,"[0, 0, 0, 0, 1, 0, 0, 2, 0, 1, 0, 0]",3,gMinor,Piano Sonata K330 i C major.mid by Mozart.csv
47,48.0 to 48.75,"[0, 0, 1, 0, 0, 1, 0, 2, 0, 0, 0, 0]",1,gMajor,Piano Sonata K330 i C major.mid by Mozart.csv
48,49.0 to 49.75,"[1, 0, 0, 0, 1, 1, 0, 1, 0, 0, 0, 1]",1,cMajor,Piano Sonata K330 i C major.mid by Mozart.csv
49,50.0 to 50.95833333,"[2, 0, 1, 0, 1, 0, 0, 0, 0, 0, 0, 0]",7,cMinor,Piano Sonata K330 i C major.mid by Mozart.csv
50,51.125 to 51.625,"[2, 0, 0, 0, 0, 0, 0, 0, 0, 0, 0, 1]",0,cMajor,Piano Sonata K330 i C major.mid by Mozart.csv
51,52.0 to 52.875,"[0, 0, 1, 0, 1, 1, 0, 0, 0, 1, 1, 0]",4,b-Major,Piano Sonata K330 i C major.mid by Mozart.csv
52,53.25 to 53.875,"[0, 0, 0, 0, 0, 2, 0, 2, 0, 1, 0, 0]",1,fMajor,Piano Sonata K330 i C major.mid by Mozart.csv
53,54.0 to 54.875,"[2, 0, 0, 0, 2, 0, 0, 1, 0, 1, 0, 0]",5,cMajor,Piano Sonata K330 i C major.mid by Mozart.csv
54,55.0 to 55.75,"[2, 0, 1, 0, 1, 0, 0, 0, 0, 0, 0, 0]",7,cMinor,Piano Sonata K330 i C major.mid by Mozart.csv
55,56.0 to 56.75,"[3, 0, 0, 0, 0, 0, 0, 1, 0, 1, 0, 1]",8,cMajor,Piano Sonata K330 i C major.mid by Mozart.csv
56,57.0 to 57.5,"[0, 0, 0, 0, 2, 1, 0, 2, 0, 0, 0, 0]",3,cMajor,Piano Sonata K330 i C major.mid by Mozart.csv
57,58.75 to 58.875,"[1, 0, 0, 0, 1, 0, 0, 1, 0, 0, 0, 0]",3,cMajor,Piano Sonata K330 i C major.mid by Mozart.csv
58,59.20833333 to 59.75,"[0, 0, 1, 0, 1, 0, 0, 2, 0, 0, 0, 1]",2,gMajor,Piano Sonata K330 i C major.mid by Mozart.csv
59,60.125 to 60.5,"[0, 0, 1, 0, 0, 0, 0, 0, 0, 0, 0, 1]",6,gMajor,Piano Sonata K330 i C major.mid by Mozart.csv
60,61.0 to 61.875,"[1, 1, 2, 0, 0, 0, 0, 1, 0, 0, 0, 1]",6,gMajor,Piano Sonata K330 i C major.mid by Mozart.csv
61,62.0 to 62.66666667,"[1, 1, 0, 0, 0, 0, 0, 2, 0, 1, 0, 1]",2,cMajor,Piano Sonata K330 i C major.mid by Mozart.csv
62,63.125 to 63.75,"[1, 1, 2, 0, 0, 0, 0, 1, 0, 0, 0, 2]",6,gMajor,Piano Sonata K330 i C major.mid by Mozart.csv
63,64.0 to 64.875,"[1, 0, 0, 1, 1, 0, 0, 2, 0, 1, 0, 0]",3,cMajor,Piano Sonata K330 i C major.mid by Mozart.csv
64,65.0 to 65.79166667,"[1, 0, 0, 0, 2, 0, 0, 1, 0, 0, 0, 0]",3,cMajor,Piano Sonata K330 i C major.mid by Mozart.csv
65,66.125 to 66.875,"[1, 0, 0, 0, 1, 0, 0, 1, 0, 0, 0, 0]",3,cMajor,Piano Sonata K330 i C major.mid by Mozart.csv
66,67.0 to 67.875,"[1, 0, 0, 0, 1, 0, 1, 1, 0, 2, 0, 0]",9,cMinor,Piano Sonata K330 i C major.mid by Mozart.csv
67,68.25 to 68.70833333,"[1, 0, 0, 0, 0, 0, 0, 0, 0, 2, 0, 0]",4,fMajor,Piano Sonata K330 i C major.mid by Mozart.csv
68,69.0 to 69.875,"[1, 0, 2, 0, 1, 0, 2, 1, 0, 1, 0, 0]",9,dMajor,Piano Sonata K330 i C major.mid by Mozart.csv
69,70.0 to 70.75,"[1, 0, 1, 0, 0, 0, 0, 0, 0, 1, 0, 0]",4,dMajor,Piano Sonata K330 i C major.mid by Mozart.csv
70,71.125 to 71.91666667,"[0, 0, 1, 0, 0, 0, 0, 1, 0, 0, 0, 1]",6,gMajor,Piano Sonata K330 i C major.mid by Mozart.csv
71,72.125 to 72.75,"[0, 0, 2, 0, 0, 0, 0, 0, 0, 0, 0, 1]",6,gMajor,Piano Sonata K330 i C major.mid by Mozart.csv
72,73.0 to 73.75,"[0, 0, 1, 0, 0, 0, 0, 2, 0, 0, 0, 1]",2,gMajor,Piano Sonata K330 i C major.mid by Mozart.csv
73,74.25 to 74.75,"[0, 1, 1, 0, 0, 0, 0, 1, 0, 0, 0, 0]",6,gMajor,Piano Sonata K330 i C major.mid by Mozart.csv
74,75.125 to 75.875,"[1, 1, 2, 0, 0, 0, 0, 1, 0, 0, 0, 2]",6,gMajor,Piano Sonata K330 i C major.mid by Mozart.csv
75,76.0 to 76.875,"[0, 1, 1, 0, 1, 0, 0, 2, 0, 1, 0, 1]",2,gMajor,Piano Sonata K330 i C major.mid by Mozart.csv
76,77.0 to 77.75,"[1, 0, 2, 0, 0, 0, 0, 1, 0, 1, 0, 2]",6,gMajor,Piano Sonata K330 i C major.mid by Mozart.csv
77,78.0 to 78.875,"[1, 0, 0, 1, 2, 0, 0, 1, 0, 0, 0, 0]",3,cMajor,Piano Sonata K330 i C major.mid by Mozart.csv
78,79.0 to 79.75,"[1, 0, 0, 0, 2, 0, 0, 1, 0, 0, 0, 0]",3,cMajor,Piano Sonata K330 i C major.mid by Mozart.csv
79,80.25 to 80.875,"[1, 0, 0, 0, 2, 0, 0, 1, 0, 0, 0, 0]",3,cMajor,Piano Sonata K330 i C major.mid by Mozart.csv
80,81.0 to 81.875,"[1, 0, 1, 0, 1, 0, 1, 0, 0, 2, 0, 1]",9,cMinor,Piano Sonata K330 i C major.mid by Mozart.csv
81,82.0 to 82.75,"[2, 0, 1, 0, 0, 0, 2, 1, 0, 2, 0, 1]",9,dMajor,Piano Sonata K330 i C major.mid by Mozart.csv
82,83.0 to 83.95833333,"[1, 0, 2, 0, 1, 0, 2, 0, 0, 2, 0, 0]",9,dMajor,Piano Sonata K330 i C major.mid by Mozart.csv
83,84.0 to 84.875,"[1, 0, 2, 0, 1, 0, 1, 1, 0, 1, 0, 1]",9,gMajor,Piano Sonata K330 i C major.mid by Mozart.csv
84,85.125 to 85.875,"[1, 0, 1, 0, 0, 0, 0, 1, 0, 1, 0, 2]",0,gMajor,Piano Sonata K330 i C major.mid by Mozart.csv
85,86.0 to 86.83333333,"[2, 0, 1, 0, 0, 0, 0, 1, 0, 0, 0, 2]",0,gMajor,Piano Sonata K330 i C major.mid by Mozart.csv
86,87.0 to 87.70833333,"[0, 0, 2, 0, 0, 0, 0, 2, 0, 0, 0, 1]",2,gMajor,Piano Sonata K330 i C major.mid by Mozart.csv
87,88.0 to 88.95833333,"[1, 0, 0, 0, 2, 0, 1, 2, 0, 0, 0, 0]",3,cMajor,Piano Sonata K330 i C major.mid by Mozart.csv
88,89.0 to 89.875,"[1, 0, 0, 0, 1, 0, 0, 2, 0, 0, 0, 0]",3,cMajor,Piano Sonata K330 i C major.mid by Mozart.csv
89,90.0 to 90.91666667,"[1, 0, 0, 0, 1, 0, 0, 2, 0, 0, 0, 0]",3,cMajor,Piano Sonata K330 i C major.mid by Mozart.csv
90,91.0 to 91.875,"[2, 0, 1, 0, 2, 0, 1, 2, 0, 0, 0, 1]",5,cMajor,Piano Sonata K330 i C major.mid by Mozart.csv
91,92.125 to 92.91666667,"[1, 0, 1, 0, 0, 0, 0, 2, 0, 1, 0, 2]",2,gMajor,Piano Sonata K330 i C major.mid by Mozart.csv
92,93.0 to 93.875,"[2, 0, 2, 0, 0, 0, 0, 1, 0, 0, 0, 2]",6,gMajor,Piano Sonata K330 i C major.mid by Mozart.csv
93,94.125 to 94.83333333,"[0, 0, 2, 0, 0, 0, 0, 2, 0, 0, 0, 1]",2,gMajor,Piano Sonata K330 i C major.mid by Mozart.csv
94,95.0 to 95.875,"[1, 0, 0, 0, 2, 0, 1, 2, 0, 0, 0, 0]",3,cMajor,Piano Sonata K330 i C major.mid by Mozart.csv
95,96.0 to 96.95833333,"[1, 0, 0, 0, 1, 0, 0, 2, 0, 0, 0, 0]",3,cMajor,Piano Sonata K330 i C major.mid by Mozart.csv
96,97.0 to 97.91666667,"[1, 0, 0, 0, 1, 0, 1, 2, 0, 0, 0, 0]",3,cMajor,Piano Sonata K330 i C major.mid by Mozart.csv
97,98.0 to 98.75,"[2, 0, 1, 0, 2, 0, 0, 2, 0, 0, 0, 1]",5,cMajor,Piano Sonata K330 i C major.mid by Mozart.csv
98,99.08333333 to 99.875,"[0, 0, 0, 0, 0, 0, 0, 2, 0, 1, 0, 1]",2,gMajor,Piano Sonata K330 i C major.mid by Mozart.csv
99,100.0 to 100.875,"[2, 0, 1, 0, 1, 0, 1, 1, 0, 1, 0, 0]",5,cMajor,Piano Sonata K330 i C major.mid by Mozart.csv
100,101.0 to 101.875,"[1, 0, 0, 0, 1, 0, 1, 1, 0, 1, 0, 1]",0,cMajor,Piano Sonata K330 i C major.mid by Mozart.csv
101,102.0 to 102.0,"[0, 0, 2, 0, 0, 0, 0, 0, 0, 0, 0, 0]",6,dMajor,Piano Sonata K330 i C major.mid by Mozart.csv
102,103.0 to 103.0,"[1, 0, 0, 1, 0, 0, 1, 0, 0, 1, 0, 0]",9,dMajor,Piano Sonata K330 i C major.mid by Mozart.csv
103,104.0 to 104.875,"[1, 0, 0, 0, 1, 0, 1, 1, 0, 1, 0, 1]",0,cMajor,Piano Sonata K330 i C major.mid by Mozart.csv
104,105.5 to 105.875,"[1, 0, 0, 0, 1, 0, 0, 1, 0, 0, 0, 1]",3,cMajor,Piano Sonata K330 i C major.mid by Mozart.csv
105,106.25 to 106.625,"[2, 0, 0, 0, 1, 0, 0, 0, 0, 1, 0, 0]",7,cMinor,Piano Sonata K330 i C major.mid by Mozart.csv
106,107.0 to 107.875,"[0, 0, 0, 0, 1, 0, 0, 0, 1, 1, 0, 0]",4,eMajor,Piano Sonata K330 i C major.mid by Mozart.csv
107,108.25 to 108.75,"[1, 0, 0, 0, 1, 0, 0, 0, 0, 1, 0, 0]",4,cMinor,Piano Sonata K330 i C major.mid by Mozart.csv
108,109.125 to 109.5,"[0, 0, 0, 0, 1, 0, 0, 1, 0, 0, 0, 0]",3,cMajor,Piano Sonata K330 i C major.mid by Mozart.csv
109,110.0 to 110.5,"[0, 0, 1, 0, 0, 0, 0, 1, 0, 0, 0, 1]",6,gMajor,Piano Sonata K330 i C major.mid by Mozart.csv
110,111.0 to 111.875,"[1, 0, 1, 0, 0, 0, 1, 1, 0, 0, 0, 1]",6,gMajor,Piano Sonata K330 i C major.mid by Mozart.csv
111,112.3333333 to 112.875,"[1, 0, 1, 0, 0, 0, 1, 2, 0, 1, 0, 2]",2,gMajor,Piano Sonata K330 i C major.mid by Mozart.csv
112,113.0 to 113.875,"[0, 0, 0, 0, 0, 0, 0, 3, 0, 0, 0, 1]",2,gMajor,Piano Sonata K330 i C major.mid by Mozart.csv
113,114.0 to 114.875,"[0, 0, 1, 0, 0, 0, 0, 1, 0, 0, 0, 0]",6,gMajor,Piano Sonata K330 i C major.mid by Mozart.csv
114,115.25 to 115.6666667,"[0, 0, 0, 0, 0, 0, 0, 1, 0, 0, 0, 1]",0,gMajor,Piano Sonata K330 i C major.mid by Mozart.csv
115,116.0 to 116.875,"[0, 0, 1, 0, 1, 0, 1, 0, 0, 0, 0, 0]",4,dMajor,Piano Sonata K330 i C major.mid by Mozart.csv
116,117.25 to 117.6666667,"[1, 0, 0, 0, 0, 0, 0, 0, 0, 0, 0, 1]",0,gMajor,Piano Sonata K330 i C major.mid by Mozart.csv
117,118.125 to 118.125,"[0, 0, 0, 0, 0, 0, 0, 0, 0, 1, 0, 0]",4,dMajor,Piano Sonata K330 i C major.mid by Mozart.csv
118,119.125 to 119.125,"[0, 0, 0, 0, 0, 0, 0, 0, 0, 0, 0, 1]",0,eMajor,Piano Sonata K330 i C major.mid by Mozart.csv
119,120.0 to 120.875,"[1, 1, 2, 0, 0, 0, 1, 0, 0, 0, 0, 0]",9,dMajor,Piano Sonata K330 i C major.mid by Mozart.csv
120,121.0416667 to 121.75,"[1, 0, 1, 0, 0, 0, 1, 1, 0, 0, 0, 1]",6,gMajor,Piano Sonata K330 i C major.mid by Mozart.csv
121,122.125 to 122.5,"[1, 0, 2, 0, 0, 0, 0, 1, 0, 0, 0, 1]",6,gMajor,Piano Sonata K330 i C major.mid by Mozart.csv
122,123.0 to 123.75,"[1, 0, 0, 1, 1, 0, 1, 1, 0, 0, 0, 0]",3,e-Minor,Piano Sonata K330 i C major.mid by Mozart.csv
123,124.125 to 124.7916667,"[1, 0, 0, 0, 0, 0, 1, 2, 0, 0, 0, 0]",3,cMajor,Piano Sonata K330 i C major.mid by Mozart.csv
124,125.0 to 125.875,"[1, 1, 1, 0, 2, 0, 0, 0, 0, 0, 0, 0]",7,cMajor,Piano Sonata K330 i C major.mid by Mozart.csv
125,126.3333333 to 126.75,"[0, 0, 2, 0, 0, 0, 0, 1, 0, 0, 0, 1]",6,gMajor,Piano Sonata K330 i C major.mid by Mozart.csv
126,127.5 to 127.75,"[0, 0, 1, 0, 0, 0, 1, 1, 0, 1, 0, 1]",9,dMajor,Piano Sonata K330 i C major.mid by Mozart.csv
127,128.5 to 128.875,"[0, 0, 2, 0, 0, 0, 0, 0, 0, 0, 0, 0]",6,dMajor,Piano Sonata K330 i C major.mid by Mozart.csv
128,129.125 to 129.875,"[0, 0, 0, 0, 2, 0, 2, 2, 0, 0, 0, 0]",3,cMajor,Piano Sonata K330 i C major.mid by Mozart.csv
129,130.25 to 130.625,"[0, 0, 2, 0, 2, 0, 0, 0, 0, 0, 0, 0]",7,cMajor,Piano Sonata K330 i C major.mid by Mozart.csv
130,131.0 to 131.875,"[2, 0, 0, 0, 0, 0, 0, 0, 0, 2, 0, 2]",0,fMajor,Piano Sonata K330 i C major.mid by Mozart.csv
131,132.75 to 132.75,"[0, 0, 0, 0, 0, 0, 0, 0, 0, 0, 0, 2]",0,eMajor,Piano Sonata K330 i C major.mid by Mozart.csv
132,133.625 to 133.625,"[2, 0, 0, 0, 0, 0, 0, 0, 0, 0, 0, 0]",8,cMajor,Piano Sonata K330 i C major.mid by Mozart.csv
133,134.5 to 134.5,"[0, 2, 0, 0, 0, 0, 0, 0, 0, 0, 0, 0]",4,c#Major,Piano Sonata K330 i C major.mid by Mozart.csv
134,135.375 to 135.375,"[0, 0, 2, 0, 0, 0, 0, 0, 0, 0, 0, 0]",6,dMajor,Piano Sonata K330 i C major.mid by Mozart.csv
135,136.375 to 136.375,"[0, 0, 0, 2, 0, 0, 0, 0, 0, 0, 0, 0]",4,e-Major,Piano Sonata K330 i C major.mid by Mozart.csv
136,137.375 to 137.5,"[0, 0, 0, 0, 2, 0, 0, 0, 0, 0, 0, 0]",4,cMajor,Piano Sonata K330 i C major.mid by Mozart.csv
137,138.25 to 138.70833330000002,"[2, 0, 0, 0, 1, 0, 0, 0, 0, 1, 0, 0]",7,cMinor,Piano Sonata K330 i C major.mid by Mozart.csv
138,139.0 to 139.625,"[1, 0, 1, 0, 0, 0, 0, 1, 0, 1, 0, 1]",0,gMajor,Piano Sonata K330 i C major.mid by Mozart.csv
139,140.0 to 140.95833330000005,"[1, 0, 1, 0, 0, 0, 1, 0, 0, 1, 0, 1]",9,dMajor,Piano Sonata K330 i C major.mid by Mozart.csv
140,141.0 to 141.625,"[0, 0, 0, 0, 0, 0, 0, 2, 0, 0, 0, 1]",2,gMajor,Piano Sonata K330 i C major.mid by Mozart.csv
141,142.0 to 142.875,"[0, 0, 1, 0, 1, 0, 0, 2, 0, 1, 0, 1]",2,gMajor,Piano Sonata K330 i C major.mid by Mozart.csv
142,143.0 to 143.875,"[2, 0, 0, 0, 1, 0, 0, 2, 0, 1, 0, 0]",5,cMajor,Piano Sonata K330 i C major.mid by Mozart.csv
143,144.0 to 144.875,"[2, 0, 0, 0, 1, 0, 0, 2, 0, 0, 0, 1]",5,cMajor,Piano Sonata K330 i C major.mid by Mozart.csv
144,145.0 to 145.91666669999995,"[0, 0, 1, 0, 0, 0, 0, 2, 0, 1, 0, 1]",2,gMajor,Piano Sonata K330 i C major.mid by Mozart.csv
145,146.0 to 146.875,"[2, 0, 0, 0, 2, 0, 0, 2, 0, 1, 0, 0]",5,cMajor,Piano Sonata K330 i C major.mid by Mozart.csv
146,147.0 to 147.625,"[3, 0, 1, 0, 2, 0, 0, 2, 0, 0, 0, 1]",5,cMajor,Piano Sonata K330 i C major.mid by Mozart.csv
147,148.125 to 148.91666669999995,"[1, 0, 1, 0, 0, 0, 1, 1, 0, 0, 0, 0]",9,cMajor,Piano Sonata K330 i C major.mid by Mozart.csv
148,149.0 to 149.875,"[1, 0, 1, 0, 0, 0, 0, 1, 0, 0, 0, 1]",6,gMajor,Piano Sonata K330 i C major.mid by Mozart.csv
149,150.25 to 150.875,"[1, 0, 1, 0, 0, 0, 1, 0, 0, 0, 0, 0]",9,dMajor,Piano Sonata K330 i C major.mid by Mozart.csv
150,151.0 to 151.875,"[1, 0, 0, 0, 0, 0, 1, 1, 0, 0, 0, 1]",0,cMajor,Piano Sonata K330 i C major.mid by Mozart.csv
151,152.125 to 152.875,"[0, 0, 1, 0, 0, 0, 1, 1, 0, 1, 0, 1]",9,dMajor,Piano Sonata K330 i C major.mid by Mozart.csv
152,153.125 to 153.875,"[1, 0, 1, 0, 0, 0, 0, 1, 0, 1, 0, 1]",0,gMajor,Piano Sonata K330 i C major.mid by Mozart.csv
153,154.125 to 154.75,"[0, 0, 2, 0, 0, 0, 0, 0, 0, 0, 0, 2]",6,gMajor,Piano Sonata K330 i C major.mid by Mozart.csv
154,155.125 to 155.625,"[0, 0, 0, 0, 0, 0, 0, 1, 0, 0, 0, 1]",0,gMajor,Piano Sonata K330 i C major.mid by Mozart.csv
155,156.0 to 156.875,"[0, 0, 1, 0, 0, 0, 0, 1, 0, 0, 0, 1]",6,gMajor,Piano Sonata K330 i C major.mid by Mozart.csv
156,157.33333330000005 to 157.66666669999995,"[0, 0, 1, 0, 0, 0, 0, 0, 0, 1, 0, 0]",4,dMajor,Piano Sonata K330 i C major.mid by Mozart.csv
157,158.125 to 158.75,"[2, 0, 1, 0, 2, 0, 0, 0, 0, 2, 0, 0]",7,cMinor,Piano Sonata K330 i C major.mid by Mozart.csv
158,159.0 to 159.75,"[0, 0, 1, 0, 0, 0, 0, 2, 0, 1, 0, 2]",2,gMajor,Piano Sonata K330 i C major.mid by Mozart.csv
159,160.0 to 160.79166669999995,"[1, 0, 1, 0, 1, 0, 1, 2, 0, 1, 0, 0]",3,cMajor,Piano Sonata K330 i C major.mid by Mozart.csv
160,161.0 to 161.75,"[1, 0, 0, 0, 0, 0, 1, 2, 0, 0, 0, 1]",2,gMajor,Piano Sonata K330 i C major.mid by Mozart.csv
161,162.0 to 162.875,"[0, 0, 1, 0, 1, 0, 0, 2, 0, 1, 0, 1]",2,gMajor,Piano Sonata K330 i C major.mid by Mozart.csv
162,163.0 to 163.875,"[2, 0, 0, 0, 2, 0, 0, 2, 0, 1, 0, 0]",5,cMajor,Piano Sonata K330 i C major.mid by Mozart.csv
163,164.125 to 164.875,"[1, 0, 0, 0, 0, 0, 0, 2, 0, 0, 0, 1]",2,cMajor,Piano Sonata K330 i C major.mid by Mozart.csv
164,165.0 to 165.875,"[0, 0, 1, 0, 1, 0, 0, 2, 0, 1, 0, 1]",2,gMajor,Piano Sonata K330 i C major.mid by Mozart.csv
165,166.0 to 166.91666669999995,"[2, 0, 0, 0, 2, 0, 0, 2, 0, 1, 0, 0]",5,cMajor,Piano Sonata K330 i C major.mid by Mozart.csv
166,167.0 to 167.875,"[2, 0, 1, 0, 1, 0, 0, 2, 0, 0, 0, 1]",5,cMajor,Piano Sonata K330 i C major.mid by Mozart.csv
167,168.33333330000005 to 168.875,"[1, 0, 1, 0, 0, 0, 1, 0, 0, 0, 0, 0]",9,dMajor,Piano Sonata K330 i C major.mid by Mozart.csv
168,169.0 to 169.625,"[1, 0, 0, 0, 0, 0, 0, 1, 0, 0, 0, 1]",0,cMajor,Piano Sonata K330 i C major.mid by Mozart.csv
169,170.0 to 170.875,"[1, 0, 1, 0, 0, 0, 1, 1, 0, 0, 0, 1]",6,gMajor,Piano Sonata K330 i C major.mid by Mozart.csv
170,171.0 to 171.75,"[1, 0, 0, 0, 0, 0, 1, 1, 0, 0, 0, 1]",0,cMajor,Piano Sonata K330 i C major.mid by Mozart.csv
171,172.0 to 172.875,"[0, 0, 1, 0, 0, 0, 1, 1, 0, 1, 0, 1]",9,dMajor,Piano Sonata K330 i C major.mid by Mozart.csv
172,173.125 to 173.75,"[1, 0, 1, 0, 0, 0, 0, 0, 0, 1, 0, 0]",4,dMajor,Piano Sonata K330 i C major.mid by Mozart.csv
173,174.0 to 174.95833330000005,"[0, 0, 2, 0, 0, 0, 0, 0, 0, 0, 0, 2]",6,gMajor,Piano Sonata K330 i C major.mid by Mozart.csv
174,175.0 to 175.875,"[0, 0, 1, 0, 0, 0, 0, 1, 0, 0, 0, 1]",6,gMajor,Piano Sonata K330 i C major.mid by Mozart.csv
175,176.0 to 176.875,"[0, 0, 1, 0, 0, 0, 0, 1, 0, 0, 0, 1]",6,gMajor,Piano Sonata K330 i C major.mid by Mozart.csv
176,177.0 to 177.875,"[0, 0, 1, 1, 1, 0, 0, 0, 0, 1, 0, 1]",4,dMajor,Piano Sonata K330 i C major.mid by Mozart.csv
177,178.0 to 178.75,"[2, 0, 1, 0, 2, 0, 0, 0, 0, 2, 0, 1]",7,cMinor,Piano Sonata K330 i C major.mid by Mozart.csv
178,179.0 to 179.875,"[0, 0, 1, 0, 0, 0, 1, 2, 0, 1, 0, 1]",2,gMajor,Piano Sonata K330 i C major.mid by Mozart.csv
179,180.0 to 180.9166667,"[1, 0, 1, 0, 1, 0, 1, 2, 0, 1, 0, 0]",3,cMajor,Piano Sonata K330 i C major.mid by Mozart.csv
180,181.5 to 181.75,"[0, 0, 2, 0, 0, 0, 0, 2, 0, 0, 0, 2]",2,gMajor,Piano Sonata K330 i C major.mid by Mozart.csv
181,182.0 to 182.5,"[0, 0, 2, 0, 0, 0, 0, 2, 0, 0, 0, 2]",2,gMajor,Piano Sonata K330 i C major.mid by Mozart.csv
182,183.5 to 183.875,"[0, 0, 0, 0, 0, 0, 1, 1, 0, 1, 0, 0]",9,dMajor,Piano Sonata K330 i C major.mid by Mozart.csv
183,184.125 to 184.375,"[0, 0, 2, 0, 1, 0, 0, 1, 0, 0, 0, 1]",6,gMajor,Piano Sonata K330 i C major.mid by Mozart.csv
184,185.3333333 to 185.875,"[1, 0, 1, 0, 1, 0, 0, 0, 0, 0, 0, 1]",7,eMajor,Piano Sonata K330 i C major.mid by Mozart.csv
185,186.125 to 186.375,"[1, 0, 1, 0, 0, 0, 1, 0, 0, 1, 0, 0]",9,dMajor,Piano Sonata K330 i C major.mid by Mozart.csv
186,187.125 to 187.75,"[1, 0, 1, 0, 0, 0, 0, 0, 0, 1, 0, 1]",0,gMajor,Piano Sonata K330 i C major.mid by Mozart.csv
187,188.0 to 188.75,"[0, 0, 2, 0, 0, 0, 0, 2, 0, 0, 0, 2]",2,gMajor,Piano Sonata K330 i C major.mid by Mozart.csv
188,189.0 to 189.75,"[0, 0, 2, 0, 0, 0, 0, 2, 0, 0, 0, 2]",2,gMajor,Piano Sonata K330 i C major.mid by Mozart.csv
189,190.625 to 190.75,"[0, 0, 0, 0, 0, 0, 0, 1, 0, 1, 0, 0]",4,cMajor,Piano Sonata K330 i C major.mid by Mozart.csv
190,191.0 to 191.875,"[0, 0, 2, 0, 1, 0, 1, 1, 0, 0, 0, 1]",6,gMajor,Piano Sonata K330 i C major.mid by Mozart.csv
191,192.3333333 to 192.875,"[1, 0, 1, 0, 1, 0, 0, 0, 0, 0, 0, 1]",7,eMajor,Piano Sonata K330 i C major.mid by Mozart.csv
192,193.125 to 193.625,"[1, 0, 1, 0, 0, 0, 1, 0, 0, 1, 0, 0]",9,dMajor,Piano Sonata K330 i C major.mid by Mozart.csv
193,194.125 to 194.875,"[1, 0, 1, 0, 0, 0, 0, 2, 0, 1, 0, 2]",2,gMajor,Piano Sonata K330 i C major.mid by Mozart.csv
194,195.875 to 195.875,"[0, 0, 1, 0, 0, 0, 0, 1, 0, 0, 0, 1]",6,gMajor,Piano Sonata K330 i C major.mid by Mozart.csv
195,197.0 to 197.125,"[0, 0, 0, 0, 0, 0, 0, 2, 0, 0, 0, 1]",2,gMajor,Piano Sonata K330 i C major.mid by Mozart.csv
196,198.875 to 198.875,"[0, 0, 0, 0, 0, 0, 0, 1, 0, 0, 0, 0]",4,cMajor,Piano Sonata K330 i C major.mid by Mozart.csv
197,199.0 to 199.875,"[1, 0, 0, 0, 1, 0, 0, 0, 0, 0, 0, 0]",4,cMajor,Piano Sonata K330 i C major.mid by Mozart.csv
198,200.3333333 to 200.8333333,"[1, 0, 0, 0, 1, 0, 0, 0, 0, 0, 0, 0]",4,cMajor,Piano Sonata K330 i C major.mid by Mozart.csv
199,201.125 to 201.875,"[2, 0, 1, 0, 1, 2, 0, 0, 0, 0, 0, 0]",8,fMajor,Piano Sonata K330 i C major.mid by Mozart.csv
200,202.0 to 202.875,"[2, 0, 1, 0, 1, 0, 0, 0, 0, 0, 0, 1]",7,cMajor,Piano Sonata K330 i C major.mid by Mozart.csv
201,203.0 to 203.75,"[2, 0, 1, 0, 2, 0, 0, 0, 0, 0, 0, 0]",7,cMajor,Piano Sonata K330 i C major.mid by Mozart.csv
202,204.0 to 204.875,"[1, 0, 0, 0, 1, 0, 0, 1, 0, 0, 0, 0]",3,cMajor,Piano Sonata K330 i C major.mid by Mozart.csv
203,205.25 to 205.7916667,"[1, 0, 0, 0, 1, 0, 0, 2, 0, 0, 0, 0]",3,cMajor,Piano Sonata K330 i C major.mid by Mozart.csv
204,206.125 to 206.8333333,"[1, 0, 0, 0, 1, 0, 0, 1, 0, 0, 0, 0]",3,cMajor,Piano Sonata K330 i C major.mid by Mozart.csv
205,207.0 to 207.75,"[1, 0, 0, 0, 1, 1, 0, 1, 0, 0, 0, 0]",1,cMajor,Piano Sonata K330 i C major.mid by Mozart.csv
206,208.0 to 208.875,"[2, 0, 1, 0, 1, 1, 0, 0, 0, 0, 0, 1]",7,cMajor,Piano Sonata K330 i C major.mid by Mozart.csv
207,209.0 to 209.875,"[2, 0, 1, 0, 1, 0, 0, 0, 0, 0, 0, 0]",7,cMinor,Piano Sonata K330 i C major.mid by Mozart.csv
208,210.0 to 210.75,"[2, 0, 1, 0, 2, 0, 0, 1, 0, 0, 0, 0]",5,cMajor,Piano Sonata K330 i C major.mid by Mozart.csv
209,211.0416667 to 211.7916667,"[1, 0, 0, 0, 1, 0, 0, 1, 0, 0, 0, 0]",3,cMajor,Piano Sonata K330 i C major.mid by Mozart.csv
210,212.0 to 212.875,"[2, 0, 0, 0, 0, 1, 0, 0, 0, 1, 0, 0]",8,fMajor,Piano Sonata K330 i C major.mid by Mozart.csv
211,213.25 to 213.7916667,"[1, 0, 0, 0, 0, 2, 0, 0, 0, 1, 0, 0]",8,fMajor,Piano Sonata K330 i C major.mid by Mozart.csv
212,214.125 to 214.625,"[2, 0, 0, 0, 0, 1, 0, 0, 0, 0, 0, 0]",8,fMajor,Piano Sonata K330 i C major.mid by Mozart.csv
213,215.0 to 215.875,"[1, 0, 0, 0, 1, 1, 0, 1, 0, 0, 0, 0]",1,cMajor,Piano Sonata K330 i C major.mid by Mozart.csv
214,216.25 to 216.7916667,"[2, 0, 0, 0, 2, 0, 0, 0, 0, 0, 0, 0]",7,cMajor,Piano Sonata K330 i C major.mid by Mozart.csv
215,217.0 to 217.875,"[2, 0, 0, 0, 1, 0, 0, 1, 0, 0, 0, 0]",5,cMajor,Piano Sonata K330 i C major.mid by Mozart.csv
216,218.3333333 to 218.75,"[1, 0, 0, 0, 1, 0, 0, 0, 0, 0, 0, 0]",4,cMajor,Piano Sonata K330 i C major.mid by Mozart.csv
217,219.0 to 219.75,"[1, 0, 0, 0, 1, 0, 0, 3, 0, 0, 0, 0]",3,cMajor,Piano Sonata K330 i C major.mid by Mozart.csv
218,220.0 to 220.875,"[1, 0, 1, 0, 1, 0, 0, 2, 0, 0, 0, 1]",2,cMajor,Piano Sonata K330 i C major.mid by Mozart.csv
219,221.125 to 221.875,"[0, 0, 1, 0, 0, 1, 0, 2, 0, 0, 0, 1]",2,gMajor,Piano Sonata K330 i C major.mid by Mozart.csv
220,222.0 to 222.875,"[2, 0, 0, 1, 1, 1, 0, 1, 0, 0, 0, 0]",5,cMajor,Piano Sonata K330 i C major.mid by Mozart.csv
221,223.25 to 223.75,"[1, 0, 0, 0, 2, 0, 0, 1, 0, 0, 0, 0]",3,cMajor,Piano Sonata K330 i C major.mid by Mozart.csv
222,224.0833333 to 224.625,"[1, 0, 0, 0, 2, 0, 0, 0, 0, 0, 0, 0]",7,cMajor,Piano Sonata K330 i C major.mid by Mozart.csv
223,225.0 to 225.875,"[0, 0, 0, 0, 1, 1, 0, 1, 0, 1, 0, 0]",1,cMajor,Piano Sonata K330 i C major.mid by Mozart.csv
224,226.0 to 226.875,"[2, 0, 0, 0, 0, 2, 0, 0, 0, 1, 0, 0]",8,fMajor,Piano Sonata K330 i C major.mid by Mozart.csv
225,227.0 to 227.5,"[2, 0, 0, 0, 0, 2, 0, 0, 0, 1, 0, 0]",8,fMajor,Piano Sonata K330 i C major.mid by Mozart.csv
226,228.0 to 228.875,"[1, 0, 0, 0, 0, 1, 0, 0, 0, 0, 0, 0]",8,fMajor,Piano Sonata K330 i C major.mid by Mozart.csv
227,229.25 to 229.9166667,"[2, 0, 0, 0, 1, 0, 0, 1, 0, 0, 0, 0]",5,cMajor,Piano Sonata K330 i C major.mid by Mozart.csv
228,230.0 to 230.875,"[3, 0, 0, 0, 2, 0, 0, 1, 0, 0, 0, 0]",5,cMajor,Piano Sonata K330 i C major.mid by Mozart.csv
229,231.3333333 to 231.75,"[1, 0, 0, 0, 1, 0, 0, 0, 0, 0, 0, 0]",4,cMajor,Piano Sonata K330 i C major.mid by Mozart.csv
230,232.125 to 232.5,"[1, 0, 0, 0, 1, 0, 0, 0, 0, 1, 0, 0]",4,cMinor,Piano Sonata K330 i C major.mid by Mozart.csv
231,233.0 to 233.75,"[1, 0, 0, 0, 2, 0, 0, 2, 0, 0, 0, 0]",3,cMajor,Piano Sonata K330 i C major.mid by Mozart.csv
232,234.125 to 234.5,"[0, 0, 2, 0, 1, 1, 0, 1, 0, 0, 0, 0]",1,gMajor,Piano Sonata K330 i C major.mid by Mozart.csv
233,235.0 to 235.875,"[2, 0, 1, 0, 1, 1, 0, 1, 0, 0, 0, 1]",5,cMajor,Piano Sonata K330 i C major.mid by Mozart.csv
234,236.0 to 236.875,"[2, 0, 1, 0, 1, 0, 0, 1, 0, 1, 0, 1]",5,cMajor,Piano Sonata K330 i C major.mid by Mozart.csv
235,237.0 to 237.875,"[0, 0, 0, 0, 1, 1, 0, 1, 0, 1, 0, 1]",1,gMinor,Piano Sonata K330 i C major.mid by Mozart.csv
236,238.0 to 238.6666667,"[1, 0, 0, 0, 0, 0, 0, 1, 0, 0, 0, 0]",3,cMajor,Piano Sonata K330 i C major.mid by Mozart.csv
237,239.125 to 239.875,"[0, 0, 1, 0, 1, 0, 0, 2, 0, 1, 0, 0]",3,cMajor,Piano Sonata K330 i C major.mid by Mozart.csv
238,240.125 to 240.875,"[1, 0, 0, 0, 1, 1, 0, 2, 0, 0, 0, 0]",3,cMajor,Piano Sonata K330 i C major.mid by Mozart.csv
239,241.0 to 241.875,"[0, 0, 1, 0, 1, 1, 0, 1, 0, 0, 0, 1]",1,gMinor,Piano Sonata K330 i C major.mid by Mozart.csv
240,242.0 to 242.9166667,"[2, 0, 1, 0, 0, 0, 0, 1, 0, 1, 0, 1]",0,cMajor,Piano Sonata K330 i C major.mid by Mozart.csv
241,243.0 to 243.875,"[2, 0, 1, 0, 1, 1, 0, 1, 0, 0, 0, 0]",5,cMajor,Piano Sonata K330 i C major.mid by Mozart.csv
242,244.125 to 244.75,"[1, 0, 0, 0, 0, 0, 0, 1, 0, 1, 0, 1]",0,fMajor,Piano Sonata K330 i C major.mid by Mozart.csv
243,245.25 to 245.875,"[0, 0, 0, 0, 1, 0, 0, 2, 0, 0, 0, 0]",3,cMajor,Piano Sonata K330 i C major.mid by Mozart.csv
244,246.0 to 246.875,"[0, 0, 1, 0, 0, 1, 0, 2, 0, 1, 0, 0]",1,fMinor,Piano Sonata K330 i C major.mid by Mozart.csv
245,247.0 to 247.75,"[1, 0, 0, 0, 1, 1, 0, 1, 0, 0, 0, 0]",1,cMajor,Piano Sonata K330 i C major.mid by Mozart.csv
246,248.0 to 248.875,"[2, 0, 1, 0, 1, 0, 0, 1, 0, 0, 0, 1]",5,cMajor,Piano Sonata K330 i C major.mid by Mozart.csv
247,249.2083333 to 249.75,"[2, 0, 0, 0, 0, 0, 0, 0, 0, 0, 0, 1]",0,cMajor,Piano Sonata K330 i C major.mid by Mozart.csv
248,250.0 to 250.625,"[1, 0, 1, 0, 1, 1, 0, 0, 0, 1, 1, 1]",7,fMajor,Piano Sonata K330 i C major.mid by Mozart.csv
249,251.0 to 251.875,"[0, 0, 0, 0, 0, 2, 0, 2, 0, 1, 0, 0]",1,fMajor,Piano Sonata K330 i C major.mid by Mozart.csv
250,252.0 to 252.875,"[0, 0, 0, 0, 2, 1, 0, 1, 0, 1, 0, 0]",1,cMajor,Piano Sonata K330 i C major.mid by Mozart.csv
251,253.0416667 to 253.625,"[2, 0, 0, 0, 1, 0, 0, 0, 0, 0, 0, 0]",7,cMajor,Piano Sonata K330 i C major.mid by Mozart.csv
252,254.0 to 254.875,"[3, 0, 1, 0, 0, 0, 0, 0, 0, 1, 0, 1]",8,fMajor,Piano Sonata K330 i C major.mid by Mozart.csv
253,255.0 to 255.75,"[0, 0, 0, 0, 2, 1, 0, 2, 0, 0, 0, 0]",3,cMajor,Piano Sonata K330 i C major.mid by Mozart.csv
254,257.0416667 to 257.625,"[1, 0, 1, 0, 2, 0, 0, 1, 0, 0, 0, 1]",7,cMajor,Piano Sonata K330 i C major.mid by Mozart.csv
255,258.0 to 258.875,"[0, 0, 1, 0, 0, 0, 0, 1, 0, 0, 0, 1]",6,gMajor,Piano Sonata K330 i C major.mid by Mozart.csv
256,259.25 to 259.875,"[0, 1, 1, 0, 0, 0, 0, 1, 0, 0, 0, 1]",6,gMajor,Piano Sonata K330 i C major.mid by Mozart.csv
257,260.0 to 260.75,"[1, 0, 1, 0, 0, 0, 0, 1, 0, 1, 0, 2]",0,gMajor,Piano Sonata K330 i C major.mid by Mozart.csv
258,261.0 to 261.875,"[1, 1, 2, 0, 0, 0, 0, 1, 0, 0, 0, 1]",6,gMajor,Piano Sonata K330 i C major.mid by Mozart.csv
259,262.0 to 262.6666667,"[0, 0, 0, 1, 0, 0, 0, 2, 0, 1, 0, 1]",2,gMajor,Piano Sonata K330 i C major.mid by Mozart.csv
260,263.125 to 263.625,"[1, 0, 0, 1, 2, 0, 0, 1, 0, 0, 0, 0]",3,cMajor,Piano Sonata K330 i C major.mid by Mozart.csv
261,264.0 to 264.875,"[1, 0, 0, 0, 1, 0, 0, 1, 0, 0, 0, 0]",3,cMajor,Piano Sonata K330 i C major.mid by Mozart.csv
262,265.125 to 265.8333333,"[1, 0, 0, 0, 1, 0, 0, 1, 0, 0, 0, 0]",3,cMajor,Piano Sonata K330 i C major.mid by Mozart.csv
263,266.0 to 266.625,"[0, 0, 0, 0, 0, 0, 1, 0, 0, 3, 0, 0]",9,dMajor,Piano Sonata K330 i C major.mid by Mozart.csv
264,267.0 to 267.875,"[1, 0, 1, 0, 1, 0, 2, 1, 0, 2, 0, 0]",9,dMajor,Piano Sonata K330 i C major.mid by Mozart.csv
265,268.25 to 268.75,"[1, 0, 2, 0, 0, 0, 1, 0, 0, 1, 0, 0]",9,dMajor,Piano Sonata K330 i C major.mid by Mozart.csv
266,269.125 to 269.625,"[1, 0, 1, 0, 0, 0, 0, 1, 0, 0, 0, 0]",6,cMajor,Piano Sonata K330 i C major.mid by Mozart.csv
267,270.0 to 270.875,"[0, 0, 2, 0, 0, 0, 0, 1, 0, 0, 0, 2]",6,gMajor,Piano Sonata K330 i C major.mid by Mozart.csv
268,271.0 to 271.75,"[0, 0, 0, 0, 0, 0, 0, 2, 0, 0, 0, 2]",2,gMajor,Piano Sonata K330 i C major.mid by Mozart.csv
269,272.0416667 to 272.625,"[0, 0, 1, 0, 0, 0, 0, 1, 0, 0, 0, 1]",6,gMajor,Piano Sonata K330 i C major.mid by Mozart.csv
270,273.125 to 273.8333333,"[0, 1, 1, 0, 0, 0, 0, 1, 0, 0, 0, 1]",6,gMajor,Piano Sonata K330 i C major.mid by Mozart.csv
271,274.0 to 274.875,"[1, 1, 1, 0, 0, 0, 0, 2, 0, 1, 0, 2]",2,gMajor,Piano Sonata K330 i C major.mid by Mozart.csv
272,275.0 to 275.9166667,"[1, 0, 2, 0, 1, 0, 0, 1, 0, 0, 0, 2]",6,gMajor,Piano Sonata K330 i C major.mid by Mozart.csv
273,276.0 to 276.875,"[0, 0, 0, 1, 1, 0, 0, 2, 0, 1, 0, 0]",3,cMajor,Piano Sonata K330 i C major.mid by Mozart.csv
274,277.0 to 277.875,"[1, 0, 0, 0, 2, 0, 0, 0, 0, 0, 0, 0]",7,cMajor,Piano Sonata K330 i C major.mid by Mozart.csv
275,278.25 to 278.6666667,"[1, 0, 0, 0, 1, 0, 0, 1, 0, 0, 0, 0]",3,cMajor,Piano Sonata K330 i C major.mid by Mozart.csv
276,279.125 to 279.5,"[1, 0, 0, 0, 2, 0, 0, 1, 0, 0, 0, 0]",3,cMajor,Piano Sonata K330 i C major.mid by Mozart.csv
277,280.0 to 280.875,"[2, 0, 1, 0, 0, 0, 1, 0, 0, 2, 0, 1]",9,dMajor,Piano Sonata K330 i C major.mid by Mozart.csv
278,281.0 to 281.875,"[1, 0, 2, 0, 1, 0, 2, 1, 0, 1, 0, 0]",9,dMajor,Piano Sonata K330 i C major.mid by Mozart.csv
279,282.125 to 282.8333333,"[1, 0, 1, 0, 1, 0, 2, 1, 0, 2, 0, 0]",9,dMajor,Piano Sonata K330 i C major.mid by Mozart.csv
280,283.0 to 283.75,"[1, 0, 1, 0, 0, 0, 0, 1, 0, 0, 0, 2]",0,gMajor,Piano Sonata K330 i C major.mid by Mozart.csv
281,284.0 to 284.875,"[2, 0, 1, 0, 0, 0, 0, 1, 0, 1, 0, 1]",0,cMajor,Piano Sonata K330 i C major.mid by Mozart.csv
282,285.0 to 285.75,"[1, 0, 2, 0, 0, 0, 0, 1, 0, 0, 0, 2]",6,gMajor,Piano Sonata K330 i C major.mid by Mozart.csv
283,286.0 to 286.875,"[0, 0, 1, 0, 1, 0, 1, 2, 0, 0, 0, 1]",2,gMajor,Piano Sonata K330 i C major.mid by Mozart.csv
284,287.0 to 287.875,"[1, 0, 0, 0, 1, 0, 0, 2, 0, 0, 0, 0]",3,cMajor,Piano Sonata K330 i C major.mid by Mozart.csv
285,288.0 to 288.75,"[1, 0, 0, 0, 1, 0, 0, 2, 0, 0, 0, 0]",3,cMajor,Piano Sonata K330 i C major.mid by Mozart.csv
286,289.125 to 289.875,"[1, 0, 0, 0, 2, 0, 1, 1, 0, 0, 0, 0]",3,cMajor,Piano Sonata K330 i C major.mid by Mozart.csv
287,290.0 to 290.75,"[1, 0, 1, 0, 1, 0, 0, 2, 0, 0, 0, 2]",2,gMajor,Piano Sonata K330 i C major.mid by Mozart.csv
288,291.0 to 291.875,"[2, 0, 1, 0, 0, 0, 0, 1, 0, 1, 0, 1]",0,cMajor,Piano Sonata K330 i C major.mid by Mozart.csv
289,292.0 to 292.8333333,"[1, 0, 2, 0, 0, 0, 0, 1, 0, 0, 0, 1]",6,gMajor,Piano Sonata K330 i C major.mid by Mozart.csv
290,293.0833333 to 293.875,"[0, 0, 1, 0, 1, 0, 1, 2, 0, 0, 0, 1]",2,gMajor,Piano Sonata K330 i C major.mid by Mozart.csv
291,294.0 to 294.875,"[1, 0, 0, 0, 1, 0, 0, 2, 0, 0, 0, 0]",3,cMajor,Piano Sonata K330 i C major.mid by Mozart.csv
292,295.0 to 295.75,"[1, 0, 0, 0, 1, 0, 0, 2, 0, 0, 0, 0]",3,cMajor,Piano Sonata K330 i C major.mid by Mozart.csv
293,296.0 to 296.875,"[1, 0, 0, 0, 2, 0, 1, 1, 0, 0, 0, 0]",3,cMajor,Piano Sonata K330 i C major.mid by Mozart.csv
294,297.0 to 297.8333333,"[1, 0, 1, 0, 0, 0, 0, 2, 0, 0, 0, 1]",2,gMajor,Piano Sonata K330 i C major.mid by Mozart.csv
295,298.0 to 298.75,"[0, 0, 0, 0, 0, 0, 0, 2, 0, 1, 0, 1]",2,gMajor,Piano Sonata K330 i C major.mid by Mozart.csv
296,299.0 to 299.9166667,"[2, 0, 1, 0, 1, 0, 1, 1, 0, 0, 0, 1]",5,cMajor,Piano Sonata K330 i C major.mid by Mozart.csv
297,300.0 to 300.875,"[0, 0, 2, 0, 1, 0, 1, 1, 0, 1, 0, 0]",9,dMajor,Piano Sonata K330 i C major.mid by Mozart.csv
298,301.0 to 301.875,"[1, 0, 1, 1, 0, 0, 1, 0, 0, 1, 0, 0]",9,dMajor,Piano Sonata K330 i C major.mid by Mozart.csv
299,303.0 to 303.75,"[1, 0, 0, 0, 1, 0, 1, 1, 0, 1, 0, 1]",0,cMajor,Piano Sonata K330 i C major.mid by Mozart.csv
300,304.0833333 to 304.75,"[1, 0, 0, 0, 1, 0, 0, 1, 0, 0, 0, 1]",3,cMajor,Piano Sonata K330 i C major.mid by Mozart.csv
301,305.0 to 305.875,"[2, 0, 0, 0, 2, 0, 0, 0, 0, 1, 0, 0]",7,cMinor,Piano Sonata K330 i C major.mid by Mozart.csv
302,306.3333333 to 306.75,"[0, 0, 0, 0, 0, 0, 0, 0, 1, 1, 0, 0]",4,c#Major,Piano Sonata K330 i C major.mid by Mozart.csv
303,307.125 to 307.625,"[1, 0, 0, 0, 1, 0, 0, 0, 0, 1, 0, 0]",4,cMinor,Piano Sonata K330 i C major.mid by Mozart.csv
304,308.0 to 308.875,"[0, 0, 0, 0, 1, 0, 0, 1, 0, 0, 0, 1]",3,gMinor,Piano Sonata K330 i C major.mid by Mozart.csv
305,309.0 to 309.875,"[1, 0, 1, 0, 0, 0, 0, 1, 0, 0, 0, 1]",6,gMajor,Piano Sonata K330 i C major.mid by Mozart.csv
306,310.75 to 310.75,"[1, 0, 1, 0, 0, 0, 1, 0, 0, 0, 0, 1]",0,dMinor,Piano Sonata K330 i C major.mid by Mozart.csv
307,311.25 to 311.75,"[1, 0, 1, 0, 0, 0, 1, 2, 0, 1, 0, 2]",2,gMajor,Piano Sonata K330 i C major.mid by Mozart.csv
308,312.0 to 312.875,"[0, 0, 0, 0, 0, 0, 0, 2, 0, 0, 0, 0]",3,cMajor,Piano Sonata K330 i C major.mid by Mozart.csv
309,313.6666667 to 313.6666667,"[0, 0, 1, 0, 0, 0, 0, 0, 0, 0, 0, 0]",4,dMajor,Piano Sonata K330 i C major.mid by Mozart.csv
310,314.125 to 314.625,"[0, 0, 0, 0, 0, 0, 0, 1, 0, 0, 0, 1]",0,gMajor,Piano Sonata K330 i C major.mid by Mozart.csv
311,315.0 to 315.875,"[0, 0, 1, 0, 1, 0, 1, 0, 0, 0, 0, 0]",4,dMajor,Piano Sonata K330 i C major.mid by Mozart.csv
312,316.25 to 316.6666667,"[1, 0, 0, 0, 0, 0, 0, 0, 0, 0, 0, 1]",0,gMajor,Piano Sonata K330 i C major.mid by Mozart.csv
313,317.125 to 317.125,"[0, 0, 0, 0, 0, 0, 0, 0, 0, 1, 0, 0]",4,dMajor,Piano Sonata K330 i C major.mid by Mozart.csv
314,318.125 to 318.125,"[0, 0, 0, 0, 0, 0, 0, 0, 0, 0, 0, 1]",0,eMajor,Piano Sonata K330 i C major.mid by Mozart.csv
315,319.0 to 319.875,"[0, 1, 2, 0, 0, 0, 1, 0, 0, 0, 0, 0]",6,dMajor,Piano Sonata K330 i C major.mid by Mozart.csv
316,320.375 to 320.75,"[0, 0, 1, 0, 0, 0, 0, 1, 0, 0, 0, 1]",6,gMajor,Piano Sonata K330 i C major.mid by Mozart.csv
317,321.125 to 321.625,"[1, 0, 2, 0, 0, 0, 0, 1, 0, 0, 0, 1]",6,gMajor,Piano Sonata K330 i C major.mid by Mozart.csv
318,322.0 to 322.5,"[1, 0, 0, 1, 1, 0, 1, 1, 0, 0, 0, 0]",3,e-Minor,Piano Sonata K330 i C major.mid by Mozart.csv
319,323.0 to 323.875,"[1, 0, 0, 0, 1, 0, 1, 2, 0, 0, 0, 0]",3,cMajor,Piano Sonata K330 i C major.mid by Mozart.csv
320,324.25 to 324.625,"[0, 0, 1, 0, 1, 0, 0, 0, 0, 0, 0, 0]",4,cMajor,Piano Sonata K330 i C major.mid by Mozart.csv
321,325.0 to 325.875,"[1, 1, 1, 0, 1, 0, 0, 1, 0, 0, 0, 1]",6,cMajor,Piano Sonata K330 i C major.mid by Mozart.csv
322,326.0 to 326.875,"[0, 0, 2, 0, 0, 0, 1, 1, 0, 1, 0, 1]",6,dMajor,Piano Sonata K330 i C major.mid by Mozart.csv
323,327.6666667 to 327.75,"[0, 0, 2, 0, 0, 0, 0, 0, 0, 0, 0, 0]",6,dMajor,Piano Sonata K330 i C major.mid by Mozart.csv
324,328.1666667 to 328.5,"[0, 0, 1, 0, 2, 0, 2, 2, 0, 0, 0, 0]",3,gMinor,Piano Sonata K330 i C major.mid by Mozart.csv
325,329.0 to 329.75,"[0, 0, 2, 0, 2, 0, 2, 0, 0, 0, 0, 0]",9,dMajor,Piano Sonata K330 i C major.mid by Mozart.csv
326,330.25 to 330.625,"[2, 0, 0, 0, 0, 0, 0, 0, 0, 0, 0, 2]",0,gMajor,Piano Sonata K330 i C major.mid by Mozart.csv
327,331.125 to 331.125,"[0, 0, 0, 0, 0, 0, 0, 0, 0, 2, 0, 0]",4,dMajor,Piano Sonata K330 i C major.mid by Mozart.csv
328,332.0 to 332.875,"[2, 0, 0, 0, 0, 0, 0, 0, 0, 0, 0, 2]",0,gMajor,Piano Sonata K330 i C major.mid by Mozart.csv
329,333.75 to 333.75,"[0, 2, 0, 0, 0, 0, 0, 0, 0, 0, 0, 0]",4,c#Major,Piano Sonata K330 i C major.mid by Mozart.csv
330,334.625 to 334.625,"[0, 0, 2, 0, 0, 0, 0, 0, 0, 0, 0, 0]",6,dMajor,Piano Sonata K330 i C major.mid by Mozart.csv
331,335.5 to 335.5,"[0, 0, 0, 2, 0, 0, 0, 0, 0, 0, 0, 0]",4,e-Major,Piano Sonata K330 i C major.mid by Mozart.csv
332,336.5 to 336.625,"[0, 0, 0, 0, 2, 0, 0, 0, 0, 0, 0, 0]",4,cMajor,Piano Sonata K330 i C major.mid by Mozart.csv
333,337.25 to 337.875,"[2, 0, 0, 0, 1, 0, 0, 0, 0, 1, 0, 0]",7,cMinor,Piano Sonata K330 i C major.mid by Mozart.csv
334,338.125 to 338.9583333,"[1, 0, 1, 0, 0, 0, 0, 1, 0, 1, 0, 1]",0,gMajor,Piano Sonata K330 i C major.mid by Mozart.csv
335,339.25 to 339.75,"[1, 0, 1, 0, 0, 0, 1, 0, 0, 1, 0, 1]",9,dMajor,Piano Sonata K330 i C major.mid by Mozart.csv
336,340.0 to 340.75,"[0, 0, 0, 0, 0, 0, 0, 2, 0, 1, 0, 1]",2,gMajor,Piano Sonata K330 i C major.mid by Mozart.csv
337,341.0 to 341.875,"[0, 0, 1, 0, 1, 0, 0, 2, 0, 1, 0, 1]",2,gMajor,Piano Sonata K330 i C major.mid by Mozart.csv
338,342.0 to 342.875,"[2, 0, 0, 0, 1, 0, 0, 2, 0, 1, 0, 0]",5,cMajor,Piano Sonata K330 i C major.mid by Mozart.csv
339,343.0 to 343.875,"[2, 0, 0, 0, 1, 0, 0, 2, 0, 0, 0, 1]",5,cMajor,Piano Sonata K330 i C major.mid by Mozart.csv
340,344.0 to 344.9166667,"[0, 0, 1, 0, 0, 0, 0, 2, 0, 1, 0, 1]",2,gMajor,Piano Sonata K330 i C major.mid by Mozart.csv
341,345.0 to 345.875,"[2, 0, 0, 0, 2, 0, 0, 2, 0, 1, 0, 0]",5,cMajor,Piano Sonata K330 i C major.mid by Mozart.csv
342,346.0 to 346.625,"[3, 0, 1, 0, 2, 0, 0, 2, 0, 0, 0, 1]",5,cMajor,Piano Sonata K330 i C major.mid by Mozart.csv
343,347.125 to 347.75,"[1, 0, 1, 0, 0, 0, 0, 1, 0, 0, 0, 0]",6,cMajor,Piano Sonata K330 i C major.mid by Mozart.csv
344,348.0 to 348.75,"[1, 0, 1, 0, 0, 0, 1, 1, 0, 0, 0, 1]",6,gMajor,Piano Sonata K330 i C major.mid by Mozart.csv
345,349.25 to 349.875,"[1, 0, 1, 0, 0, 0, 1, 0, 0, 0, 0, 0]",9,dMajor,Piano Sonata K330 i C major.mid by Mozart.csv
346,350.0 to 350.5,"[1, 0, 0, 0, 0, 0, 0, 1, 0, 0, 0, 1]",0,cMajor,Piano Sonata K330 i C major.mid by Mozart.csv
347,351.0 to 351.75,"[0, 0, 1, 0, 0, 0, 1, 1, 0, 1, 0, 1]",9,dMajor,Piano Sonata K330 i C major.mid by Mozart.csv
348,352.0 to 352.875,"[1, 0, 1, 0, 0, 0, 0, 1, 0, 1, 0, 1]",0,gMajor,Piano Sonata K330 i C major.mid by Mozart.csv
349,353.125 to 353.75,"[0, 0, 2, 0, 0, 0, 0, 0, 0, 0, 0, 2]",6,gMajor,Piano Sonata K330 i C major.mid by Mozart.csv
350,354.25 to 354.625,"[0, 0, 0, 0, 0, 0, 0, 1, 0, 0, 0, 1]",0,gMajor,Piano Sonata K330 i C major.mid by Mozart.csv
351,355.125 to 355.875,"[0, 0, 1, 0, 0, 0, 0, 1, 0, 0, 0, 1]",6,gMajor,Piano Sonata K330 i C major.mid by Mozart.csv
352,356.375 to 356.75,"[0, 0, 1, 0, 0, 0, 0, 0, 0, 1, 0, 0]",4,dMajor,Piano Sonata K330 i C major.mid by Mozart.csv
353,357.3333333 to 357.875,"[2, 0, 1, 0, 2, 0, 0, 0, 0, 2, 0, 0]",7,cMinor,Piano Sonata K330 i C major.mid by Mozart.csv
354,358.125 to 358.875,"[0, 0, 1, 0, 0, 0, 0, 2, 0, 1, 0, 2]",2,gMajor,Piano Sonata K330 i C major.mid by Mozart.csv
355,359.3333333 to 359.875,"[1, 0, 1, 0, 1, 0, 1, 2, 0, 1, 0, 0]",3,cMajor,Piano Sonata K330 i C major.mid by Mozart.csv
356,360.0 to 360.75,"[1, 0, 0, 0, 0, 0, 1, 2, 0, 0, 0, 1]",2,gMajor,Piano Sonata K330 i C major.mid by Mozart.csv
357,361.0 to 361.8333333,"[0, 0, 1, 0, 0, 0, 0, 2, 0, 1, 0, 1]",2,gMajor,Piano Sonata K330 i C major.mid by Mozart.csv
358,362.0 to 362.9166667,"[2, 0, 0, 0, 2, 0, 0, 2, 0, 1, 0, 0]",5,cMajor,Piano Sonata K330 i C major.mid by Mozart.csv
359,363.0 to 363.625,"[2, 0, 0, 0, 2, 0, 0, 2, 0, 0, 0, 0]",5,cMajor,Piano Sonata K330 i C major.mid by Mozart.csv
360,364.0 to 364.875,"[0, 0, 1, 0, 0, 0, 0, 2, 0, 1, 0, 1]",2,gMajor,Piano Sonata K330 i C major.mid by Mozart.csv
361,365.0 to 365.875,"[2, 0, 0, 0, 2, 0, 0, 2, 0, 1, 0, 0]",5,cMajor,Piano Sonata K330 i C major.mid by Mozart.csv
362,366.0 to 366.625,"[3, 0, 1, 0, 2, 0, 0, 2, 0, 0, 0, 1]",5,cMajor,Piano Sonata K330 i C major.mid by Mozart.csv
363,367.125 to 367.875,"[1, 0, 1, 0, 0, 0, 0, 1, 0, 0, 0, 0]",6,cMajor,Piano Sonata K330 i C major.mid by Mozart.csv
364,368.0 to 368.875,"[1, 0, 1, 0, 0, 0, 1, 1, 0, 0, 0, 1]",6,gMajor,Piano Sonata K330 i C major.mid by Mozart.csv
365,369.25 to 369.875,"[1, 0, 1, 0, 0, 0, 1, 0, 0, 0, 0, 0]",9,dMajor,Piano Sonata K330 i C major.mid by Mozart.csv
366,370.0 to 370.875,"[1, 0, 0, 0, 0, 0, 1, 1, 0, 0, 0, 1]",0,cMajor,Piano Sonata K330 i C major.mid by Mozart.csv
367,371.125 to 371.875,"[0, 0, 1, 0, 0, 0, 1, 1, 0, 1, 0, 0]",9,dMajor,Piano Sonata K330 i C major.mid by Mozart.csv
368,372.125 to 372.875,"[1, 0, 1, 0, 0, 0, 0, 1, 0, 1, 0, 1]",0,gMajor,Piano Sonata K330 i C major.mid by Mozart.csv
369,373.125 to 373.875,"[0, 0, 2, 0, 0, 0, 0, 0, 0, 0, 0, 2]",6,gMajor,Piano Sonata K330 i C major.mid by Mozart.csv
370,374.0 to 374.875,"[0, 0, 1, 0, 0, 0, 0, 1, 0, 0, 0, 2]",6,gMajor,Piano Sonata K330 i C major.mid by Mozart.csv
371,375.125 to 375.875,"[0, 0, 1, 0, 0, 0, 0, 1, 0, 0, 0, 1]",6,gMajor,Piano Sonata K330 i C major.mid by Mozart.csv
372,376.125 to 376.875,"[0, 0, 1, 1, 1, 0, 0, 0, 0, 1, 0, 1]",4,dMajor,Piano Sonata K330 i C major.mid by Mozart.csv
373,377.125 to 377.875,"[2, 0, 1, 0, 2, 0, 0, 0, 0, 2, 0, 1]",7,cMinor,Piano Sonata K330 i C major.mid by Mozart.csv
374,378.0 to 378.75,"[0, 0, 1, 0, 0, 0, 0, 2, 0, 1, 0, 1]",2,gMajor,Piano Sonata K330 i C major.mid by Mozart.csv
375,379.0 to 379.875,"[1, 0, 1, 0, 1, 0, 1, 2, 0, 1, 0, 0]",3,cMajor,Piano Sonata K330 i C major.mid by Mozart.csv
376,380.0 to 380.875,"[0, 0, 2, 0, 0, 0, 0, 2, 0, 0, 0, 2]",2,gMajor,Piano Sonata K330 i C major.mid by Mozart.csv
377,381.25 to 381.625,"[0, 0, 2, 0, 0, 0, 0, 2, 0, 0, 0, 1]",2,gMajor,Piano Sonata K330 i C major.mid by Mozart.csv
378,382.625 to 382.75,"[0, 0, 0, 0, 0, 0, 0, 1, 0, 1, 0, 0]",4,cMajor,Piano Sonata K330 i C major.mid by Mozart.csv
379,383.0 to 383.5,"[0, 0, 2, 0, 1, 0, 1, 1, 0, 0, 0, 1]",6,gMajor,Piano Sonata K330 i C major.mid by Mozart.csv
380,384.375 to 384.75,"[1, 0, 1, 0, 1, 0, 0, 0, 0, 0, 0, 0]",7,cMajor,Piano Sonata K330 i C major.mid by Mozart.csv
381,385.0 to 385.375,"[1, 0, 1, 0, 0, 0, 1, 0, 0, 1, 0, 1]",9,dMajor,Piano Sonata K330 i C major.mid by Mozart.csv
382,386.125 to 386.75,"[1, 0, 1, 0, 0, 0, 0, 0, 0, 1, 0, 1]",0,gMajor,Piano Sonata K330 i C major.mid by Mozart.csv
383,387.0 to 387.75,"[0, 0, 2, 0, 0, 0, 0, 2, 0, 0, 0, 2]",2,gMajor,Piano Sonata K330 i C major.mid by Mozart.csv
384,388.0 to 388.75,"[0, 0, 2, 0, 0, 0, 0, 2, 0, 0, 0, 2]",2,gMajor,Piano Sonata K330 i C major.mid by Mozart.csv
385,389.625 to 389.75,"[0, 0, 0, 0, 0, 0, 0, 1, 0, 1, 0, 0]",4,cMajor,Piano Sonata K330 i C major.mid by Mozart.csv
386,390.0 to 390.875,"[0, 0, 2, 0, 1, 0, 1, 1, 0, 0, 0, 1]",6,gMajor,Piano Sonata K330 i C major.mid by Mozart.csv
387,391.25 to 391.875,"[1, 0, 1, 0, 1, 0, 0, 0, 0, 0, 0, 1]",7,eMajor,Piano Sonata K330 i C major.mid by Mozart.csv
388,392.125 to 392.625,"[1, 0, 1, 0, 0, 0, 1, 0, 0, 1, 0, 0]",9,dMajor,Piano Sonata K330 i C major.mid by Mozart.csv
389,393.0 to 393.9166667,"[1, 0, 1, 0, 0, 0, 0, 2, 0, 1, 0, 2]",2,gMajor,Piano Sonata K330 i C major.mid by Mozart.csv
390,394.875 to 394.875,"[0, 0, 1, 0, 0, 0, 0, 1, 0, 0, 0, 1]",6,gMajor,Piano Sonata K330 i C major.mid by Mozart.csv
391,395.875 to 395.875,"[0, 0, 0, 0, 0, 0, 0, 2, 0, 0, 0, 1]",2,gMajor,Piano Sonata K330 i C major.mid by Mozart.csv
392,396.125 to 396.125,"[0, 0, 0, 0, 0, 0, 0, 1, 0, 0, 0, 0]",4,cMajor,Piano Sonata K330 i C major.mid by Mozart.csv
393,397.75 to 397.875,"[0, 0, 1, 0, 0, 0, 0, 1, 0, 0, 0, 0]",6,gMajor,Piano Sonata K330 i C major.mid by Mozart.csv
394,398.3333333 to 398.9583333,"[0, 0, 1, 0, 0, 0, 0, 1, 0, 0, 0, 1]",6,gMajor,Piano Sonata K330 i C major.mid by Mozart.csv
395,399.25 to 399.75,"[0, 0, 0, 1, 1, 0, 0, 1, 0, 0, 0, 1]",3,gMinor,Piano Sonata K330 i C major.mid by Mozart.csv
396,400.125 to 400.875,"[0, 0, 0, 0, 1, 1, 1, 2, 0, 0, 0, 1]",1,gMinor,Piano Sonata K330 i C major.mid by Mozart.csv
397,401.0 to 401.875,"[1, 0, 1, 0, 1, 0, 0, 2, 1, 0, 0, 1]",2,cMajor,Piano Sonata K330 i C major.mid by Mozart.csv
398,402.0 to 402.75,"[1, 0, 0, 0, 1, 0, 0, 1, 0, 0, 0, 1]",3,cMajor,Piano Sonata K330 i C major.mid by Mozart.csv
399,403.0 to 403.9583333,"[1, 0, 1, 0, 1, 0, 0, 1, 0, 0, 0, 1]",6,cMajor,Piano Sonata K330 i C major.mid by Mozart.csv
400,404.0 to 404.875,"[1, 0, 1, 0, 1, 1, 0, 0, 1, 0, 0, 1]",7,eMajor,Piano Sonata K330 i C major.mid by Mozart.csv
401,405.3333333 to 405.8333333,"[1, 0, 0, 0, 1, 0, 0, 0, 0, 1, 0, 1]",0,cMinor,Piano Sonata K330 i C major.mid by Mozart.csv
402,406.125 to 406.6666667,"[1, 0, 0, 0, 1, 0, 0, 0, 1, 1, 0, 0]",4,cMinor,Piano Sonata K330 i C major.mid by Mozart.csv
403,407.0 to 407.875,"[2, 0, 0, 1, 1, 0, 1, 0, 0, 1, 0, 1]",7,cMinor,Piano Sonata K330 i C major.mid by Mozart.csv
404,408.0 to 408.75,"[0, 0, 1, 1, 0, 0, 1, 1, 0, 1, 0, 1]",9,dMajor,Piano Sonata K330 i C major.mid by Mozart.csv
405,409.25 to 409.9166667,"[1, 0, 1, 0, 1, 0, 1, 0, 0, 0, 0, 0]",7,cMajor,Piano Sonata K330 i C major.mid by Mozart.csv
406,410.125 to 410.8333333,"[0, 0, 1, 0, 0, 0, 0, 1, 0, 1, 0, 1]",6,gMajor,Piano Sonata K330 i C major.mid by Mozart.csv
407,411.0 to 411.875,"[1, 0, 1, 0, 1, 0, 1, 0, 0, 1, 0, 1]",9,dMajor,Piano Sonata K330 i C major.mid by Mozart.csv
408,412.2083333 to 412.75,"[1, 0, 1, 1, 0, 0, 0, 1, 0, 1, 0, 0]",9,e-Minor,Piano Sonata K330 i C major.mid by Mozart.csv
409,413.125 to 413.875,"[1, 0, 0, 2, 0, 0, 1, 0, 0, 1, 0, 1]",9,bMajor,Piano Sonata K330 i C major.mid by Mozart.csv
410,414.0 to 414.875,"[1, 0, 1, 2, 0, 0, 1, 1, 0, 0, 0, 1]",9,e-Minor,Piano Sonata K330 i C major.mid by Mozart.csv
411,415.0 to 415.875,"[0, 0, 1, 1, 0, 0, 0, 1, 0, 1, 0, 1]",6,gMajor,Piano Sonata K330 i C major.mid by Mozart.csv
412,416.0 to 416.75,"[1, 0, 2, 0, 1, 0, 1, 0, 0, 0, 0, 2]",6,dMinor,Piano Sonata K330 i C major.mid by Mozart.csv
413,417.0 to 417.9166667,"[0, 0, 0, 0, 0, 0, 1, 1, 0, 1, 0, 1]",0,dMajor,Piano Sonata K330 i C major.mid by Mozart.csv
414,418.125 to 418.75,"[0, 0, 2, 0, 1, 0, 0, 0, 0, 0, 0, 1]",6,gMajor,Piano Sonata K330 i C major.mid by Mozart.csv
415,419.25 to 419.6666667,"[0, 0, 2, 0, 0, 0, 0, 1, 0, 0, 0, 1]",6,gMajor,Piano Sonata K330 i C major.mid by Mozart.csv
416,420.125 to 420.875,"[1, 0, 2, 0, 0, 0, 0, 1, 0, 0, 0, 1]",6,gMajor,Piano Sonata K330 i C major.mid by Mozart.csv
417,421.0 to 421.875,"[1, 0, 2, 0, 0, 0, 1, 0, 0, 1, 0, 1]",9,dMajor,Piano Sonata K330 i C major.mid by Mozart.csv
418,422.0 to 422.75,"[1, 0, 0, 0, 0, 0, 0, 1, 0, 1, 0, 2]",0,gMajor,Piano Sonata K330 i C major.mid by Mozart.csv
419,423.125 to 423.75,"[0, 0, 1, 0, 0, 0, 0, 1, 0, 0, 0, 2]",6,gMajor,Piano Sonata K330 i C major.mid by Mozart.csv
420,424.125 to 424.875,"[0, 0, 0, 0, 0, 0, 1, 2, 0, 1, 0, 2]",2,gMajor,Piano Sonata K330 i C major.mid by Mozart.csv
421,425.33333330000005 to 425.875,"[0, 0, 0, 0, 1, 0, 0, 1, 0, 0, 0, 1]",3,gMinor,Piano Sonata K330 i C major.mid by Mozart.csv
422,426.25 to 426.75,"[0, 0, 2, 0, 1, 0, 0, 1, 0, 0, 0, 1]",6,gMajor,Piano Sonata K330 i C major.mid by Mozart.csv
423,427.125 to 427.7916667,"[0, 0, 2, 0, 0, 0, 0, 1, 0, 0, 0, 1]",6,gMajor,Piano Sonata K330 i C major.mid by Mozart.csv
424,428.0 to 428.875,"[1, 0, 1, 0, 0, 0, 0, 0, 0, 1, 0, 1]",0,gMajor,Piano Sonata K330 i C major.mid by Mozart.csv
425,429.375 to 429.875,"[0, 0, 0, 0, 0, 0, 0, 2, 0, 0, 0, 1]",2,gMajor,Piano Sonata K330 i C major.mid by Mozart.csv
426,430.25 to 430.875,"[0, 0, 1, 0, 0, 1, 0, 1, 0, 0, 0, 1]",6,gMajor,Piano Sonata K330 i C major.mid by Mozart.csv
427,431.25 to 431.75,"[0, 0, 1, 0, 1, 1, 0, 1, 0, 0, 0, 1]",1,gMinor,Piano Sonata K330 i C major.mid by Mozart.csv
428,432.0 to 432.75,"[0, 1, 1, 0, 0, 1, 0, 0, 0, 0, 0, 0]",4,c#Major,Piano Sonata K330 i C major.mid by Mozart.csv
429,433.5 to 433.5,"[1, 0, 0, 0, 0, 0, 0, 0, 1, 0, 0, 0]",4,g#Major,Piano Sonata K330 i C major.mid by Mozart.csv
430,434.25 to 434.75,"[1, 0, 0, 0, 0, 0, 0, 0, 1, 0, 0, 2]",0,eMajor,Piano Sonata K330 i C major.mid by Mozart.csv
431,435.25 to 435.75,"[0, 0, 2, 0, 0, 0, 0, 0, 1, 0, 0, 2]",6,gMajor,Piano Sonata K330 i C major.mid by Mozart.csv
432,436.25 to 436.625,"[0, 0, 2, 0, 0, 1, 0, 0, 2, 0, 0, 1]",6,c#Major,Piano Sonata K330 i C major.mid by Mozart.csv
433,437.0 to 437.5,"[0, 0, 1, 0, 0, 1, 0, 0, 2, 0, 0, 2]",6,eMajor,Piano Sonata K330 i C major.mid by Mozart.csv
434,438.0 to 438.875,"[0, 0, 2, 0, 0, 2, 0, 0, 1, 0, 0, 1]",6,b-Major,Piano Sonata K330 i C major.mid by Mozart.csv
435,439.0 to 439.75,"[0, 0, 1, 0, 1, 1, 0, 0, 1, 0, 0, 1]",6,eMajor,Piano Sonata K330 i C major.mid by Mozart.csv
436,440.25 to 440.75,"[0, 0, 1, 0, 2, 1, 0, 0, 1, 0, 0, 0]",4,eMinor,Piano Sonata K330 i C major.mid by Mozart.csv
437,441.125 to 441.75,"[2, 0, 1, 0, 1, 0, 0, 0, 0, 1, 0, 0]",7,cMinor,Piano Sonata K330 i C major.mid by Mozart.csv
438,442.25 to 442.7916667,"[2, 0, 0, 0, 1, 0, 0, 0, 0, 1, 0, 0]",7,cMinor,Piano Sonata K330 i C major.mid by Mozart.csv
439,443.0 to 443.875,"[2, 0, 1, 0, 0, 1, 0, 0, 0, 1, 0, 1]",8,fMajor,Piano Sonata K330 i C major.mid by Mozart.csv
440,444.25 to 444.875,"[2, 0, 1, 0, 0, 1, 0, 1, 0, 0, 0, 0]",8,cMajor,Piano Sonata K330 i C major.mid by Mozart.csv
441,445.20833330000005 to 445.875,"[1, 0, 1, 0, 0, 1, 0, 1, 0, 0, 0, 0]",1,cMajor,Piano Sonata K330 i C major.mid by Mozart.csv
442,446.33333330000005 to 446.875,"[1, 0, 1, 0, 0, 1, 0, 1, 0, 0, 1, 0]",1,b-Major,Piano Sonata K330 i C major.mid by Mozart.csv
443,447.0 to 447.9166667,"[2, 0, 0, 0, 1, 0, 0, 1, 0, 0, 1, 0]",5,cMajor,Piano Sonata K330 i C major.mid by Mozart.csv
444,448.0 to 448.5,"[1, 0, 0, 0, 1, 1, 0, 0, 0, 1, 1, 0]",4,fMajor,Piano Sonata K330 i C major.mid by Mozart.csv
445,449.0 to 449.875,"[2, 0, 0, 0, 0, 3, 0, 0, 0, 1, 0, 0]",8,fMajor,Piano Sonata K330 i C major.mid by Mozart.csv
446,450.0 to 450.875,"[1, 0, 0, 0, 0, 2, 0, 0, 0, 2, 0, 0]",8,fMajor,Piano Sonata K330 i C major.mid by Mozart.csv
447,451.20833330000005 to 451.75,"[0, 0, 1, 0, 0, 1, 0, 0, 0, 2, 1, 0]",4,fMinor,Piano Sonata K330 i C major.mid by Mozart.csv
448,452.25 to 452.5,"[0, 0, 0, 0, 1, 0, 0, 0, 0, 1, 1, 0]",4,aMajor,Piano Sonata K330 i C major.mid by Mozart.csv
449,453.0 to 453.6666667,"[0, 1, 0, 0, 1, 0, 0, 0, 0, 2, 0, 0]",4,aMajor,Piano Sonata K330 i C major.mid by Mozart.csv
450,454.0 to 454.75,"[0, 1, 0, 0, 1, 0, 0, 1, 0, 2, 0, 0]",4,aMajor,Piano Sonata K330 i C major.mid by Mozart.csv
451,455.0 to 455.875,"[0, 1, 0, 0, 1, 0, 0, 1, 0, 1, 0, 0]",4,aMajor,Piano Sonata K330 i C major.mid by Mozart.csv
452,456.0 to 456.875,"[0, 0, 1, 0, 0, 0, 0, 1, 0, 1, 0, 0]",4,dMajor,Piano Sonata K330 i C major.mid by Mozart.csv
453,457.375 to 457.875,"[1, 0, 1, 0, 0, 0, 1, 1, 0, 1, 0, 0]",9,dMajor,Piano Sonata K330 i C major.mid by Mozart.csv
454,458.0 to 458.875,"[1, 0, 1, 0, 0, 1, 1, 2, 0, 1, 0, 0]",1,fMajor,Piano Sonata K330 i C major.mid by Mozart.csv
455,459.20833330000005 to 459.75,"[0, 0, 1, 0, 0, 0, 0, 1, 0, 0, 0, 1]",6,gMajor,Piano Sonata K330 i C major.mid by Mozart.csv
456,460.08333330000005 to 460.6666667,"[1, 0, 0, 0, 0, 1, 0, 1, 0, 0, 0, 0]",1,cMajor,Piano Sonata K330 i C major.mid by Mozart.csv
457,461.125 to 461.75,"[2, 0, 0, 0, 1, 1, 0, 1, 0, 0, 0, 0]",5,cMajor,Piano Sonata K330 i C major.mid by Mozart.csv
458,462.0 to 462.875,"[2, 0, 0, 1, 0, 0, 0, 1, 0, 0, 0, 0]",5,e-Minor,Piano Sonata K330 i C major.mid by Mozart.csv
459,463.25 to 463.75,"[1, 0, 0, 1, 0, 1, 0, 1, 0, 0, 0, 0]",1,e-Minor,Piano Sonata K330 i C major.mid by Mozart.csv
460,464.125 to 464.75,"[1, 0, 1, 1, 0, 1, 0, 0, 1, 0, 0, 0]",8,g#Major,Piano Sonata K330 i C major.mid by Mozart.csv
461,465.0 to 465.875,"[0, 0, 1, 0, 0, 1, 0, 0, 1, 0, 0, 0]",4,c#Major,Piano Sonata K330 i C major.mid by Mozart.csv
462,466.20833330000005 to 466.75,"[1, 0, 1, 0, 0, 1, 0, 0, 1, 0, 0, 0]",8,g#Minor,Piano Sonata K330 i C major.mid by Mozart.csv
463,467.0 to 467.6666667,"[0, 0, 1, 0, 0, 0, 1, 0, 1, 1, 0, 0]",9,dMajor,Piano Sonata K330 i C major.mid by Mozart.csv
464,468.125 to 468.875,"[1, 0, 1, 1, 0, 1, 1, 0, 0, 1, 0, 0]",9,dMajor,Piano Sonata K330 i C major.mid by Mozart.csv
465,469.0 to 469.875,"[0, 0, 1, 1, 0, 0, 1, 0, 0, 1, 0, 0]",9,dMajor,Piano Sonata K330 i C major.mid by Mozart.csv
466,470.0 to 470.875,"[2, 0, 1, 1, 0, 0, 1, 1, 0, 1, 0, 1]",9,e-Minor,Piano Sonata K330 i C major.mid by Mozart.csv
467,471.0 to 471.625,"[0, 0, 0, 0, 0, 0, 0, 2, 0, 0, 0, 1]",2,gMajor,Piano Sonata K330 i C major.mid by Mozart.csv
468,472.0 to 472.875,"[0, 0, 0, 0, 0, 0, 1, 2, 0, 1, 0, 0]",3,dMajor,Piano Sonata K330 i C major.mid by Mozart.csv
469,473.33333330000005 to 473.75,"[0, 0, 0, 0, 0, 1, 1, 1, 0, 0, 0, 1]",1,gMajor,Piano Sonata K330 i C major.mid by Mozart.csv
470,474.25 to 474.7916667,"[1, 0, 0, 0, 1, 1, 0, 1, 0, 0, 0, 0]",1,cMajor,Piano Sonata K330 i C major.mid by Mozart.csv
471,475.0 to 475.5,"[0, 0, 0, 1, 0, 0, 0, 2, 0, 0, 0, 0]",3,e-Major,Piano Sonata K330 i C major.mid by Mozart.csv
472,476.0 to 476.75,"[0, 0, 1, 1, 0, 1, 0, 1, 0, 0, 0, 0]",1,e-Minor,Piano Sonata K330 i C major.mid by Mozart.csv
473,477.0 to 477.6666667,"[1, 0, 1, 0, 0, 0, 0, 1, 0, 0, 0, 0]",6,cMajor,Piano Sonata K330 i C major.mid by Mozart.csv
474,478.0 to 478.875,"[0, 0, 1, 0, 0, 0, 0, 2, 0, 0, 0, 2]",2,gMajor,Piano Sonata K330 i C major.mid by Mozart.csv
475,479.0 to 479.875,"[0, 0, 0, 0, 0, 0, 1, 2, 0, 2, 0, 0]",9,dMajor,Piano Sonata K330 i C major.mid by Mozart.csv
476,480.0 to 480.9166667,"[0, 0, 0, 0, 0, 1, 1, 2, 0, 0, 0, 1]",2,gMajor,Piano Sonata K330 i C major.mid by Mozart.csv
477,481.125 to 481.75,"[1, 0, 0, 0, 1, 1, 0, 1, 0, 0, 0, 0]",1,cMajor,Piano Sonata K330 i C major.mid by Mozart.csv
478,482.0 to 482.875,"[0, 0, 0, 1, 0, 2, 0, 2, 0, 0, 0, 0]",1,e-Major,Piano Sonata K330 i C major.mid by Mozart.csv
479,483.0 to 483.875,"[1, 0, 1, 2, 0, 1, 1, 1, 0, 0, 0, 0]",9,e-Minor,Piano Sonata K330 i C major.mid by Mozart.csv
480,484.0 to 484.625,"[1, 0, 2, 1, 0, 0, 0, 1, 0, 0, 0, 1]",6,gMajor,Piano Sonata K330 i C major.mid by Mozart.csv
481,485.0 to 485.875,"[1, 0, 0, 0, 0, 0, 0, 0, 0, 1, 0, 1]",0,fMajor,Piano Sonata K330 i C major.mid by Mozart.csv
482,486.25 to 486.875,"[0, 1, 1, 0, 1, 0, 0, 0, 0, 0, 0, 0]",4,aMajor,Piano Sonata K330 i C major.mid by Mozart.csv
483,487.0 to 487.875,"[0, 0, 1, 0, 1, 1, 0, 0, 0, 0, 0, 0]",4,b-Major,Piano Sonata K330 i C major.mid by Mozart.csv
484,488.0 to 488.625,"[0, 0, 1, 0, 0, 1, 0, 1, 0, 0, 0, 0]",1,gMajor,Piano Sonata K330 i C major.mid by Mozart.csv
485,489.125 to 489.75,"[0, 1, 1, 0, 1, 1, 0, 2, 0, 0, 0, 0]",1,cMajor,Piano Sonata K330 i C major.mid by Mozart.csv
486,490.25 to 490.875,"[0, 0, 0, 0, 0, 1, 0, 1, 0, 0, 0, 0]",1,cMajor,Piano Sonata K330 i C major.mid by Mozart.csv
487,491.125 to 491.58333330000005,"[0, 1, 1, 0, 1, 1, 0, 2, 0, 0, 0, 0]",1,cMajor,Piano Sonata K330 i C major.mid by Mozart.csv
488,492.125 to 492.9166667,"[0, 1, 0, 0, 1, 1, 0, 1, 0, 0, 0, 0]",1,cMajor,Piano Sonata K330 i C major.mid by Mozart.csv
489,493.0 to 493.875,"[0, 1, 1, 0, 1, 1, 0, 2, 0, 0, 0, 0]",1,cMajor,Piano Sonata K330 i C major.mid by Mozart.csv
490,494.0 to 494.875,"[0, 1, 1, 0, 1, 1, 0, 2, 0, 0, 0, 0]",1,cMajor,Piano Sonata K330 i C major.mid by Mozart.csv
491,495.0 to 495.75,"[0, 0, 2, 0, 1, 0, 0, 1, 0, 0, 0, 0]",6,gMajor,Piano Sonata K330 i C major.mid by Mozart.csv
492,496.25 to 496.625,"[1, 0, 0, 0, 0, 0, 0, 0, 0, 0, 0, 1]",0,gMajor,Piano Sonata K330 i C major.mid by Mozart.csv
493,497.0 to 497.875,"[2, 0, 1, 0, 1, 0, 0, 0, 0, 1, 0, 1]",7,cMinor,Piano Sonata K330 i C major.mid by Mozart.csv
494,498.25 to 498.75,"[1, 0, 1, 0, 1, 1, 0, 0, 0, 0, 0, 0]",7,cMajor,Piano Sonata K330 i C major.mid by Mozart.csv
495,499.125 to 499.5,"[1, 0, 1, 0, 1, 0, 0, 0, 0, 0, 0, 1]",7,eMajor,Piano Sonata K330 i C major.mid by Mozart.csv
496,500.0 to 500.875,"[0, 1, 1, 0, 1, 1, 0, 0, 0, 0, 0, 0]",4,c#Major,Piano Sonata K330 i C major.mid by Mozart.csv
497,501.375 to 501.375,"[0, 0, 0, 1, 0, 0, 1, 0, 0, 0, 0, 0]",4,bMajor,Piano Sonata K330 i C major.mid by Mozart.csv
498,502.0 to 502.5,"[1, 0, 0, 0, 1, 0, 0, 1, 0, 0, 0, 0]",3,cMajor,Piano Sonata K330 i C major.mid by Mozart.csv
499,503.0 to 503.875,"[1, 0, 0, 0, 1, 0, 0, 1, 0, 0, 0, 0]",3,cMajor,Piano Sonata K330 i C major.mid by Mozart.csv
500,504.0 to 504.95833330000005,"[1, 0, 1, 0, 1, 2, 0, 1, 0, 0, 0, 0]",1,cMajor,Piano Sonata K330 i C major.mid by Mozart.csv
501,505.0 to 505.875,"[2, 0, 1, 0, 1, 0, 0, 0, 0, 0, 0, 1]",7,cMajor,Piano Sonata K330 i C major.mid by Mozart.csv
502,506.0 to 506.875,"[2, 0, 1, 0, 2, 0, 0, 0, 0, 0, 0, 0]",7,cMajor,Piano Sonata K330 i C major.mid by Mozart.csv
503,507.0416667 to 507.625,"[1, 0, 0, 0, 2, 0, 0, 1, 0, 0, 0, 0]",3,cMajor,Piano Sonata K330 i C major.mid by Mozart.csv
504,508.0 to 508.875,"[1, 0, 0, 0, 1, 0, 0, 2, 0, 0, 0, 0]",3,cMajor,Piano Sonata K330 i C major.mid by Mozart.csv
505,509.375 to 509.875,"[1, 0, 0, 0, 1, 0, 0, 1, 0, 0, 0, 0]",3,cMajor,Piano Sonata K330 i C major.mid by Mozart.csv
506,510.20833330000005 to 510.875,"[1, 0, 0, 0, 1, 0, 0, 1, 0, 0, 0, 0]",3,cMajor,Piano Sonata K330 i C major.mid by Mozart.csv
507,511.0 to 511.875,"[1, 0, 1, 0, 1, 2, 0, 1, 0, 0, 0, 0]",1,cMajor,Piano Sonata K330 i C major.mid by Mozart.csv
508,512.0 to 512.875,"[2, 0, 1, 0, 1, 0, 0, 0, 0, 0, 0, 1]",7,cMajor,Piano Sonata K330 i C major.mid by Mozart.csv
509,513.0 to 513.875,"[2, 0, 1, 0, 2, 0, 0, 0, 0, 0, 0, 0]",7,cMajor,Piano Sonata K330 i C major.mid by Mozart.csv
510,514.0 to 514.875,"[1, 0, 0, 0, 1, 0, 0, 1, 0, 0, 0, 0]",3,cMajor,Piano Sonata K330 i C major.mid by Mozart.csv
511,515.2083333 to 515.75,"[1, 0, 0, 0, 0, 1, 0, 1, 0, 1, 0, 0]",8,fMajor,Piano Sonata K330 i C major.mid by Mozart.csv
512,516.25 to 516.625,"[2, 0, 0, 0, 0, 2, 0, 0, 0, 0, 0, 0]",8,fMajor,Piano Sonata K330 i C major.mid by Mozart.csv
513,517.0 to 517.875,"[2, 0, 0, 0, 0, 2, 0, 0, 0, 1, 0, 0]",8,fMajor,Piano Sonata K330 i C major.mid by Mozart.csv
514,518.3333333 to 518.75,"[1, 0, 0, 0, 0, 1, 0, 0, 0, 0, 0, 0]",8,fMajor,Piano Sonata K330 i C major.mid by Mozart.csv
515,519.125 to 519.625,"[2, 0, 0, 0, 1, 0, 0, 1, 0, 0, 0, 0]",5,cMajor,Piano Sonata K330 i C major.mid by Mozart.csv
516,520.0 to 520.875,"[2, 0, 0, 0, 2, 0, 0, 1, 0, 0, 0, 0]",5,cMajor,Piano Sonata K330 i C major.mid by Mozart.csv
517,521.0 to 521.875,"[1, 0, 0, 0, 2, 0, 0, 0, 0, 0, 0, 0]",7,cMajor,Piano Sonata K330 i C major.mid by Mozart.csv
518,522.3333333 to 522.875,"[1, 0, 0, 0, 1, 0, 0, 2, 0, 0, 0, 0]",3,cMajor,Piano Sonata K330 i C major.mid by Mozart.csv
519,523.25 to 523.75,"[1, 0, 0, 0, 1, 0, 0, 2, 0, 0, 0, 0]",3,cMajor,Piano Sonata K330 i C major.mid by Mozart.csv
520,524.0 to 524.875,"[1, 0, 1, 0, 0, 0, 0, 2, 0, 0, 0, 1]",2,gMajor,Piano Sonata K330 i C major.mid by Mozart.csv
521,525.0 to 525.875,"[0, 0, 1, 0, 1, 1, 0, 2, 0, 0, 0, 1]",1,gMajor,Piano Sonata K330 i C major.mid by Mozart.csv
522,526.0 to 526.7916667,"[2, 0, 0, 1, 0, 1, 0, 0, 0, 0, 0, 0]",8,fMajor,Piano Sonata K330 i C major.mid by Mozart.csv
523,527.0 to 527.875,"[2, 0, 0, 0, 2, 0, 0, 1, 0, 0, 0, 0]",5,cMajor,Piano Sonata K330 i C major.mid by Mozart.csv
524,528.3333333 to 528.8333333,"[0, 0, 0, 0, 1, 0, 0, 1, 0, 0, 0, 0]",3,cMajor,Piano Sonata K330 i C major.mid by Mozart.csv
525,529.25 to 529.875,"[1, 0, 0, 0, 1, 1, 0, 0, 0, 1, 0, 0]",8,fMajor,Piano Sonata K330 i C major.mid by Mozart.csv
526,530.0 to 530.875,"[2, 0, 1, 0, 1, 2, 0, 1, 0, 1, 0, 0]",8,fMajor,Piano Sonata K330 i C major.mid by Mozart.csv
527,531.0 to 531.8333333,"[2, 0, 0, 0, 0, 1, 0, 0, 0, 1, 0, 1]",8,fMajor,Piano Sonata K330 i C major.mid by Mozart.csv
528,532.25 to 532.6666667,"[1, 0, 0, 0, 0, 1, 0, 0, 0, 0, 0, 0]",8,fMajor,Piano Sonata K330 i C major.mid by Mozart.csv
529,533.125 to 533.875,"[2, 0, 1, 0, 2, 0, 0, 1, 0, 0, 0, 0]",5,cMajor,Piano Sonata K330 i C major.mid by Mozart.csv
530,534.0 to 534.875,"[2, 0, 0, 0, 1, 1, 0, 1, 0, 1, 0, 1]",8,cMajor,Piano Sonata K330 i C major.mid by Mozart.csv
531,535.2083333 to 535.8333333,"[1, 0, 0, 0, 1, 0, 0, 0, 0, 0, 0, 0]",4,cMajor,Piano Sonata K330 i C major.mid by Mozart.csv
532,536.25 to 536.625,"[1, 0, 0, 0, 1, 0, 0, 0, 0, 1, 0, 0]",4,cMinor,Piano Sonata K330 i C major.mid by Mozart.csv
533,537.0 to 537.75,"[1, 0, 0, 0, 2, 1, 0, 2, 0, 0, 0, 0]",3,cMajor,Piano Sonata K330 i C major.mid by Mozart.csv
534,538.25 to 538.625,"[0, 0, 2, 0, 1, 1, 0, 1, 0, 0, 0, 0]",1,gMajor,Piano Sonata K330 i C major.mid by Mozart.csv
535,539.0 to 539.875,"[2, 0, 1, 0, 1, 1, 0, 1, 0, 0, 0, 1]",5,cMajor,Piano Sonata K330 i C major.mid by Mozart.csv
536,540.125 to 540.9166667000002,"[2, 0, 1, 0, 1, 0, 0, 1, 0, 1, 0, 1]",5,cMajor,Piano Sonata K330 i C major.mid by Mozart.csv
537,541.125 to 541.875,"[0, 0, 0, 0, 1, 1, 0, 1, 0, 1, 0, 1]",1,gMinor,Piano Sonata K330 i C major.mid by Mozart.csv
538,542.125 to 542.75,"[1, 0, 0, 0, 0, 0, 0, 1, 0, 0, 0, 0]",3,cMajor,Piano Sonata K330 i C major.mid by Mozart.csv
539,543.125 to 543.75,"[0, 0, 0, 0, 1, 0, 0, 2, 0, 1, 0, 0]",3,gMinor,Piano Sonata K330 i C major.mid by Mozart.csv
540,544.0 to 544.875,"[1, 0, 1, 0, 0, 1, 0, 2, 0, 0, 0, 0]",1,cMajor,Piano Sonata K330 i C major.mid by Mozart.csv
541,545.0 to 545.75,"[0, 0, 1, 0, 1, 1, 0, 1, 0, 0, 0, 1]",1,gMinor,Piano Sonata K330 i C major.mid by Mozart.csv
542,546.0 to 546.9166667000002,"[2, 0, 1, 0, 1, 0, 0, 1, 0, 1, 0, 0]",5,cMajor,Piano Sonata K330 i C major.mid by Mozart.csv
543,547.0 to 547.875,"[2, 0, 1, 0, 1, 1, 0, 0, 0, 1, 0, 1]",8,fMajor,Piano Sonata K330 i C major.mid by Mozart.csv
544,548.0 to 548.9166667000002,"[1, 0, 0, 0, 0, 1, 0, 1, 0, 1, 0, 1]",0,fMajor,Piano Sonata K330 i C major.mid by Mozart.csv
545,549.375 to 549.75,"[0, 0, 0, 0, 1, 0, 0, 2, 0, 0, 0, 0]",3,cMajor,Piano Sonata K330 i C major.mid by Mozart.csv
546,550.0 to 550.75,"[0, 0, 1, 0, 0, 1, 0, 2, 0, 1, 0, 0]",1,fMinor,Piano Sonata K330 i C major.mid by Mozart.csv
547,551.0 to 551.875,"[1, 0, 0, 0, 1, 1, 0, 2, 0, 0, 0, 0]",3,cMajor,Piano Sonata K330 i C major.mid by Mozart.csv
548,552.0 to 552.875,"[0, 0, 1, 0, 1, 0, 0, 1, 0, 0, 0, 1]",6,gMajor,Piano Sonata K330 i C major.mid by Mozart.csv
549,553.0 to 553.5,"[3, 0, 0, 0, 0, 0, 0, 0, 0, 0, 0, 0]",8,cMajor,Piano Sonata K330 i C major.mid by Mozart.csv
550,554.0 to 554.75,"[1, 0, 1, 0, 1, 1, 0, 0, 0, 1, 1, 1]",7,fMajor,Piano Sonata K330 i C major.mid by Mozart.csv
551,555.25 to 555.75,"[0, 0, 0, 0, 0, 1, 0, 1, 0, 1, 0, 0]",1,fMajor,Piano Sonata K330 i C major.mid by Mozart.csv
552,556.0 to 556.875,"[0, 0, 0, 0, 2, 2, 0, 1, 0, 1, 0, 0]",1,cMajor,Piano Sonata K330 i C major.mid by Mozart.csv
553,557.0 to 557.75,"[2, 0, 0, 0, 2, 0, 0, 0, 0, 0, 0, 0]",7,cMajor,Piano Sonata K330 i C major.mid by Mozart.csv
554,558.125 to 558.75,"[1, 0, 1, 0, 0, 0, 0, 0, 0, 1, 0, 1]",0,gMajor,Piano Sonata K330 i C major.mid by Mozart.csv
555,559.0 to 559.875,"[2, 0, 0, 0, 1, 1, 0, 2, 0, 1, 0, 0]",5,cMajor,Piano Sonata K330 i C major.mid by Mozart.csv
556,560.0 to 560.0,"[0, 0, 0, 0, 1, 0, 0, 2, 0, 0, 0, 0]",3,cMajor,Piano Sonata K330 i C major.mid by Mozart.csv
557,561.3333332999998 to 561.875,"[1, 0, 1, 0, 2, 0, 0, 2, 0, 0, 0, 1]",3,cMajor,Piano Sonata K330 i C major.mid by Mozart.csv
558,562.0 to 562.75,"[0, 0, 1, 0, 0, 0, 0, 1, 0, 0, 0, 1]",6,gMajor,Piano Sonata K330 i C major.mid by Mozart.csv
559,563.25 to 563.75,"[0, 1, 1, 0, 0, 0, 0, 1, 0, 0, 0, 0]",6,gMajor,Piano Sonata K330 i C major.mid by Mozart.csv
560,564.0 to 564.875,"[1, 1, 2, 0, 0, 0, 0, 0, 0, 0, 0, 2]",6,gMajor,Piano Sonata K330 i C major.mid by Mozart.csv
561,565.0 to 565.875,"[0, 1, 1, 0, 0, 0, 0, 2, 0, 1, 0, 1]",2,gMajor,Piano Sonata K330 i C major.mid by Mozart.csv
562,566.0 to 566.875,"[1, 0, 2, 0, 0, 0, 0, 1, 0, 1, 0, 2]",6,gMajor,Piano Sonata K330 i C major.mid by Mozart.csv
563,567.125 to 567.7916667000002,"[1, 0, 0, 1, 1, 0, 0, 2, 0, 0, 0, 0]",3,e-Minor,Piano Sonata K330 i C major.mid by Mozart.csv
564,568.0 to 568.625,"[1, 0, 0, 0, 2, 0, 0, 0, 0, 0, 0, 0]",7,cMajor,Piano Sonata K330 i C major.mid by Mozart.csv
565,569.0 to 569.875,"[1, 0, 0, 0, 2, 0, 0, 1, 0, 0, 0, 0]",3,cMajor,Piano Sonata K330 i C major.mid by Mozart.csv
566,570.25 to 570.75,"[1, 0, 0, 0, 1, 0, 1, 0, 0, 2, 0, 0]",9,cMinor,Piano Sonata K330 i C major.mid by Mozart.csv
567,571.0416667000002 to 571.875,"[1, 0, 0, 0, 0, 0, 0, 1, 0, 2, 0, 0]",4,fMajor,Piano Sonata K330 i C major.mid by Mozart.csv
568,572.0 to 572.875,"[1, 0, 2, 0, 1, 0, 2, 0, 0, 1, 0, 0]",9,dMajor,Piano Sonata K330 i C major.mid by Mozart.csv
569,573.0 to 573.75,"[1, 0, 1, 0, 0, 0, 1, 0, 0, 1, 0, 0]",9,dMajor,Piano Sonata K330 i C major.mid by Mozart.csv
570,574.125 to 574.6666667000002,"[0, 0, 1, 0, 0, 1, 0, 1, 0, 0, 0, 0]",1,gMajor,Piano Sonata K330 i C major.mid by Mozart.csv
571,575.0 to 575.9166667000002,"[0, 0, 2, 0, 0, 1, 0, 2, 0, 0, 0, 2]",2,gMajor,Piano Sonata K330 i C major.mid by Mozart.csv
572,576.0 to 576.875,"[1, 0, 1, 0, 2, 1, 0, 0, 0, 0, 0, 1]",7,cMajor,Piano Sonata K330 i C major.mid by Mozart.csv
573,577.125 to 577.875,"[2, 0, 2, 0, 2, 1, 1, 0, 0, 0, 0, 0]",7,cMajor,Piano Sonata K330 i C major.mid by Mozart.csv
574,578.3333332999998 to 578.875,"[1, 0, 0, 0, 1, 1, 1, 2, 0, 0, 0, 0]",3,cMajor,Piano Sonata K330 i C major.mid by Mozart.csv
575,579.0 to 579.875,"[2, 0, 1, 0, 1, 0, 1, 1, 0, 0, 0, 0]",5,cMajor,Piano Sonata K330 i C major.mid by Mozart.csv
576,580.0 to 580.875,"[0, 0, 1, 0, 2, 1, 0, 2, 0, 1, 0, 0]",1,cMajor,Piano Sonata K330 i C major.mid by Mozart.csv
577,581.0 to 581.875,"[2, 0, 0, 0, 0, 1, 0, 0, 1, 1, 0, 0]",8,fMajor,Piano Sonata K330 i C major.mid by Mozart.csv
578,582.25 to 582.625,"[0, 0, 0, 0, 0, 1, 0, 0, 0, 2, 0, 0]",4,fMajor,Piano Sonata K330 i C major.mid by Mozart.csv
579,583.125 to 583.875,"[1, 0, 0, 0, 0, 1, 0, 0, 0, 1, 0, 0]",8,fMajor,Piano Sonata K330 i C major.mid by Mozart.csv
580,584.0 to 584.875,"[1, 0, 2, 0, 0, 1, 0, 1, 0, 2, 0, 1]",9,fMinor,Piano Sonata K330 i C major.mid by Mozart.csv
581,585.125 to 585.875,"[1, 0, 2, 0, 1, 2, 0, 1, 0, 0, 0, 1]",1,gMajor,Piano Sonata K330 i C major.mid by Mozart.csv
582,586.0 to 586.875,"[1, 0, 2, 0, 0, 1, 0, 2, 0, 1, 0, 2]",2,gMajor,Piano Sonata K330 i C major.mid by Mozart.csv
583,587.0 to 587.875,"[1, 0, 2, 0, 0, 2, 0, 2, 0, 1, 0, 1]",1,gMajor,Piano Sonata K330 i C major.mid by Mozart.csv
584,588.125 to 588.75,"[2, 0, 0, 0, 2, 0, 0, 0, 0, 0, 0, 0]",7,cMajor,Piano Sonata K330 i C major.mid by Mozart.csv
585,589.0 to 589.875,"[1, 0, 1, 0, 2, 2, 0, 1, 0, 0, 0, 0]",1,cMajor,Piano Sonata K330 i C major.mid by Mozart.csv
586,590.0 to 590.875,"[2, 0, 0, 0, 1, 0, 0, 2, 0, 0, 0, 0]",5,cMajor,Piano Sonata K330 i C major.mid by Mozart.csv
587,591.125 to 591.875,"[2, 0, 0, 0, 1, 1, 0, 1, 0, 1, 0, 1]",8,cMajor,Piano Sonata K330 i C major.mid by Mozart.csv
588,592.0833332999998 to 592.75,"[2, 0, 0, 0, 0, 1, 0, 0, 0, 1, 0, 0]",8,fMajor,Piano Sonata K330 i C major.mid by Mozart.csv
589,593.0 to 593.9583332999998,"[2, 0, 0, 0, 0, 1, 0, 0, 0, 1, 0, 0]",8,fMajor,Piano Sonata K330 i C major.mid by Mozart.csv
590,594.125 to 594.9166667000002,"[1, 0, 0, 0, 0, 1, 0, 1, 0, 2, 0, 1]",8,fMajor,Piano Sonata K330 i C major.mid by Mozart.csv
591,595.0 to 595.9583332999998,"[2, 0, 0, 0, 2, 1, 0, 0, 0, 1, 0, 0]",7,cMinor,Piano Sonata K330 i C major.mid by Mozart.csv
592,596.125 to 596.9166667000002,"[1, 0, 1, 0, 1, 2, 0, 1, 0, 0, 0, 0]",1,cMajor,Piano Sonata K330 i C major.mid by Mozart.csv
593,597.0 to 597.9583332999998,"[2, 0, 0, 0, 1, 1, 0, 2, 0, 0, 0, 0]",5,cMajor,Piano Sonata K330 i C major.mid by Mozart.csv
594,598.2083332999998 to 598.875,"[2, 0, 0, 0, 1, 1, 0, 1, 0, 1, 0, 1]",8,cMajor,Piano Sonata K330 i C major.mid by Mozart.csv
595,599.0 to 599.875,"[2, 0, 0, 0, 0, 1, 0, 0, 0, 1, 0, 0]",8,fMajor,Piano Sonata K330 i C major.mid by Mozart.csv
596,600.0 to 600.75,"[2, 0, 0, 0, 0, 1, 0, 0, 0, 1, 0, 0]",8,fMajor,Piano Sonata K330 i C major.mid by Mozart.csv
597,601.0833332999998 to 601.9166667000002,"[1, 0, 0, 0, 0, 1, 0, 0, 0, 2, 0, 1]",8,fMajor,Piano Sonata K330 i C major.mid by Mozart.csv
598,602.0 to 602.5,"[2, 0, 0, 0, 1, 1, 0, 1, 0, 1, 0, 0]",8,cMajor,Piano Sonata K330 i C major.mid by Mozart.csv
599,603.0 to 603.875,"[2, 0, 1, 0, 1, 0, 0, 0, 0, 0, 0, 0]",7,cMinor,Piano Sonata K330 i C major.mid by Mozart.csv
600,604.125 to 604.75,"[1, 0, 1, 0, 0, 2, 0, 1, 0, 1, 0, 1]",8,fMajor,Piano Sonata K330 i C major.mid by Mozart.csv
601,605.0 to 605.875,"[1, 0, 1, 0, 1, 0, 0, 0, 0, 1, 0, 1]",7,cMinor,Piano Sonata K330 i C major.mid by Mozart.csv
602,606.0 to 606.125,"[0, 0, 0, 0, 0, 0, 0, 2, 0, 0, 0, 0]",3,cMajor,Piano Sonata K330 i C major.mid by Mozart.csv
603,607.0 to 607.125,"[0, 0, 1, 0, 0, 1, 0, 0, 1, 0, 0, 1]",6,gMajor,Piano Sonata K330 i C major.mid by Mozart.csv
604,608.25 to 608.625,"[0, 0, 0, 0, 0, 1, 0, 0, 1, 0, 0, 1]",4,c#Major,Piano Sonata K330 i C major.mid by Mozart.csv
605,609.0 to 609.875,"[1, 0, 0, 0, 1, 0, 0, 0, 0, 1, 0, 0]",4,cMinor,Piano Sonata K330 i C major.mid by Mozart.csv
606,610.0 to 610.875,"[1, 0, 1, 0, 0, 2, 0, 0, 0, 1, 0, 0]",8,fMajor,Piano Sonata K330 i C major.mid by Mozart.csv
607,611.3333332999998 to 611.75,"[0, 1, 0, 0, 0, 0, 0, 0, 0, 1, 0, 0]",4,aMajor,Piano Sonata K330 i C major.mid by Mozart.csv
608,612.125 to 612.75,"[0, 0, 1, 0, 0, 1, 0, 0, 0, 0, 0, 0]",4,b-Major,Piano Sonata K330 i C major.mid by Mozart.csv
609,613.125 to 613.5,"[0, 0, 0, 0, 0, 1, 0, 0, 0, 1, 0, 0]",4,fMinor,Piano Sonata K330 i C major.mid by Mozart.csv
610,614.0 to 614.5,"[1, 0, 0, 0, 1, 0, 0, 1, 0, 1, 0, 0]",3,cMajor,Piano Sonata K330 i C major.mid by Mozart.csv
611,615.375 to 615.625,"[1, 0, 0, 0, 1, 1, 0, 1, 0, 0, 0, 0]",1,cMajor,Piano Sonata K330 i C major.mid by Mozart.csv
612,616.25 to 616.75,"[0, 0, 1, 0, 1, 1, 0, 1, 0, 0, 0, 1]",1,gMinor,Piano Sonata K330 i C major.mid by Mozart.csv
613,617.0 to 617.5833332999998,"[2, 0, 1, 0, 1, 1, 0, 1, 0, 0, 0, 0]",5,cMajor,Piano Sonata K330 i C major.mid by Mozart.csv
614,618.25 to 618.375,"[2, 0, 0, 0, 0, 0, 0, 0, 0, 0, 0, 0]",8,cMajor,Piano Sonata K330 i C major.mid by Mozart.csv
615,619.125 to 619.625,"[0, 0, 0, 0, 1, 0, 0, 1, 0, 0, 0, 0]",3,cMajor,Piano Sonata K330 i C major.mid by Mozart.csv
616,620.0 to 620.875,"[1, 0, 0, 0, 0, 0, 0, 0, 0, 1, 0, 1]",0,fMajor,Piano Sonata K330 i C major.mid by Mozart.csv
617,621.25 to 621.6666667000002,"[0, 0, 0, 0, 0, 1, 0, 1, 0, 0, 0, 0]",1,cMajor,Piano Sonata K330 i C major.mid by Mozart.csv
618,622.125 to 622.625,"[0, 0, 1, 0, 1, 0, 0, 0, 0, 0, 0, 0]",4,cMajor,Piano Sonata K330 i C major.mid by Mozart.csv
619,623.5 to 623.5,"[0, 0, 0, 0, 1, 0, 0, 0, 0, 0, 0, 0]",4,cMajor,Piano Sonata K330 i C major.mid by Mozart.csv
620,624.375 to 624.875,"[0, 0, 0, 0, 0, 0, 1, 1, 0, 0, 0, 0]",4,cMajor,Piano Sonata K330 i C major.mid by Mozart.csv
621,625.3333332999998 to 625.375,"[0, 0, 0, 0, 0, 1, 1, 1, 0, 0, 0, 1]",1,gMajor,Piano Sonata K330 i C major.mid by Mozart.csv
622,626.2083332999998 to 626.9583332999998,"[1, 0, 0, 0, 1, 1, 0, 1, 0, 0, 0, 0]",1,cMajor,Piano Sonata K330 i C major.mid by Mozart.csv
623,627.125 to 627.875,"[0, 0, 0, 0, 0, 0, 0, 1, 1, 1, 0, 1]",0,eMajor,Piano Sonata K330 i C major.mid by Mozart.csv
624,628.0 to 628.875,"[2, 0, 0, 0, 0, 1, 0, 0, 0, 1, 0, 1]",8,fMajor,Piano Sonata K330 i C major.mid by Mozart.csv
625,629.25 to 629.7916667000002,"[1, 0, 0, 0, 0, 1, 0, 0, 0, 1, 0, 1]",8,fMajor,Piano Sonata K330 i C major.mid by Mozart.csv
626,630.125 to 630.875,"[0, 0, 0, 0, 1, 1, 1, 1, 0, 1, 0, 0]",1,gMinor,Piano Sonata K330 i C major.mid by Mozart.csv
627,631.375 to 631.375,"[1, 0, 0, 0, 0, 0, 0, 2, 0, 0, 0, 0]",3,cMajor,Piano Sonata K330 i C major.mid by Mozart.csv
628,632.125 to 632.5,"[1, 0, 1, 0, 1, 0, 0, 1, 0, 0, 0, 1]",6,cMajor,Piano Sonata K330 i C major.mid by Mozart.csv
629,633.25 to 633.875,"[0, 0, 0, 0, 0, 0, 0, 2, 0, 2, 0, 1]",2,gMajor,Piano Sonata K330 i C major.mid by Mozart.csv
630,634.0 to 634.875,"[2, 0, 0, 0, 0, 0, 0, 0, 0, 2, 0, 2]",0,fMajor,Piano Sonata K330 i C major.mid by Mozart.csv
631,635.3333332999998 to 635.75,"[0, 0, 0, 0, 0, 2, 0, 2, 0, 0, 0, 0]",1,cMajor,Piano Sonata K330 i C major.mid by Mozart.csv
632,636.125 to 636.625,"[0, 0, 2, 0, 2, 0, 0, 0, 0, 0, 0, 0]",7,cMajor,Piano Sonata K330 i C major.mid by Mozart.csv
633,637.5 to 637.5,"[0, 0, 0, 0, 2, 0, 0, 0, 0, 0, 0, 0]",4,cMajor,Piano Sonata K330 i C major.mid by Mozart.csv
634,638.375 to 638.375,"[0, 0, 0, 0, 0, 2, 0, 0, 0, 0, 0, 0]",1,c#Major,Piano Sonata K330 i C major.mid by Mozart.csv
635,639.3333332999998 to 639.3333332999998,"[0, 0, 0, 0, 0, 0, 2, 0, 0, 0, 0, 0]",9,dMajor,Piano Sonata K330 i C major.mid by Mozart.csv
636,640.25 to 640.25,"[0, 0, 0, 0, 0, 0, 0, 2, 0, 0, 0, 0]",3,cMajor,Piano Sonata K330 i C major.mid by Mozart.csv
637,641.125 to 641.125,"[0, 0, 0, 0, 0, 0, 0, 0, 2, 0, 0, 0]",4,c#Major,Piano Sonata K330 i C major.mid by Mozart.csv
638,642.125 to 642.875,"[0, 0, 0, 0, 0, 0, 0, 0, 0, 2, 0, 0]",4,dMajor,Piano Sonata K330 i C major.mid by Mozart.csv
639,643.0 to 643.875,"[1, 0, 2, 0, 1, 2, 0, 0, 0, 1, 0, 0]",8,fMinor,Piano Sonata K330 i C major.mid by Mozart.csv
640,644.0 to 644.875,"[1, 0, 0, 0, 2, 1, 0, 1, 0, 0, 0, 1]",3,cMajor,Piano Sonata K330 i C major.mid by Mozart.csv
641,645.0 to 645.875,"[2, 0, 1, 0, 0, 1, 0, 1, 0, 0, 0, 1]",8,cMajor,Piano Sonata K330 i C major.mid by Mozart.csv
642,646.3333332999998 to 646.875,"[2, 0, 0, 0, 1, 0, 0, 1, 0, 0, 0, 0]",5,cMajor,Piano Sonata K330 i C major.mid by Mozart.csv
643,647.0 to 647.875,"[1, 0, 1, 0, 2, 1, 0, 2, 0, 0, 0, 0]",3,cMajor,Piano Sonata K330 i C major.mid by Mozart.csv
644,648.0 to 648.875,"[1, 0, 0, 0, 0, 2, 0, 1, 0, 2, 0, 1]",8,fMajor,Piano Sonata K330 i C major.mid by Mozart.csv
645,649.0 to 649.75,"[2, 0, 0, 0, 1, 0, 0, 0, 0, 0, 0, 1]",7,cMinor,Piano Sonata K330 i C major.mid by Mozart.csv
646,650.0 to 650.875,"[2, 0, 1, 0, 2, 1, 0, 2, 0, 0, 0, 0]",5,cMajor,Piano Sonata K330 i C major.mid by Mozart.csv
647,651.0 to 651.875,"[1, 0, 0, 0, 1, 2, 0, 1, 0, 2, 0, 1]",8,fMajor,Piano Sonata K330 i C major.mid by Mozart.csv
648,652.0 to 652.875,"[2, 0, 0, 0, 1, 1, 0, 2, 0, 1, 0, 1]",5,cMajor,Piano Sonata K330 i C major.mid by Mozart.csv
649,653.375 to 653.875,"[0, 0, 0, 0, 0, 1, 0, 2, 0, 0, 0, 1]",2,gMajor,Piano Sonata K330 i C major.mid by Mozart.csv
650,654.0 to 654.6666667000002,"[1, 0, 0, 0, 1, 1, 0, 2, 0, 0, 0, 0]",3,cMajor,Piano Sonata K330 i C major.mid by Mozart.csv
651,655.125 to 655.875,"[1, 0, 0, 0, 1, 1, 0, 2, 0, 0, 0, 1]",3,cMajor,Piano Sonata K330 i C major.mid by Mozart.csv
652,656.0 to 656.875,"[1, 0, 0, 0, 1, 1, 0, 1, 0, 0, 0, 0]",1,cMajor,Piano Sonata K330 i C major.mid by Mozart.csv
653,657.0 to 657.875,"[1, 0, 0, 0, 1, 1, 0, 2, 0, 0, 0, 1]",3,cMajor,Piano Sonata K330 i C major.mid by Mozart.csv
654,658.0 to 658.875,"[1, 0, 1, 0, 1, 0, 0, 2, 0, 0, 0, 1]",2,cMajor,Piano Sonata K330 i C major.mid by Mozart.csv
655,659.0 to 659.8333332999998,"[2, 0, 0, 0, 1, 0, 0, 2, 0, 0, 0, 0]",5,cMajor,Piano Sonata K330 i C major.mid by Mozart.csv
656,660.125 to 660.625,"[1, 0, 0, 0, 0, 0, 0, 1, 0, 0, 0, 0]",3,cMajor,Piano Sonata K330 i C major.mid by Mozart.csv
657,661.0 to 661.875,"[1, 0, 0, 0, 1, 0, 0, 1, 0, 0, 0, 0]",3,cMajor,Piano Sonata K330 i C major.mid by Mozart.csv
658,662.375 to 662.75,"[0, 0, 0, 0, 1, 0, 0, 0, 0, 1, 0, 0]",4,aMajor,Piano Sonata K330 i C major.mid by Mozart.csv
659,663.25 to 663.875,"[0, 0, 1, 0, 0, 2, 0, 1, 0, 2, 0, 0]",1,fMinor,Piano Sonata K330 i C major.mid by Mozart.csv
660,664.125 to 664.5,"[2, 0, 1, 0, 2, 0, 0, 1, 0, 0, 0, 0]",5,cMajor,Piano Sonata K330 i C major.mid by Mozart.csv
661,665.0 to 665.875,"[2, 0, 1, 0, 0, 1, 0, 1, 0, 0, 0, 1]",8,cMajor,Piano Sonata K330 i C major.mid by Mozart.csv
662,666.0 to 666.75,"[2, 0, 0, 0, 1, 1, 0, 0, 0, 1, 0, 1]",8,fMajor,Piano Sonata K330 i C major.mid by Mozart.csv
663,667.0 to 667.75,"[2, 0, 1, 0, 2, 0, 0, 1, 0, 0, 0, 0]",5,cMajor,Piano Sonata K330 i C major.mid by Mozart.csv
664,668.0 to 668.875,"[1, 0, 0, 0, 1, 2, 0, 1, 0, 2, 0, 1]",8,fMajor,Piano Sonata K330 i C major.mid by Mozart.csv
665,669.0 to 669.75,"[2, 0, 0, 0, 0, 1, 0, 1, 0, 2, 0, 1]",8,fMajor,Piano Sonata K330 i C major.mid by Mozart.csv
666,670.0 to 670.9583332999998,"[3, 0, 1, 0, 1, 0, 0, 1, 0, 0, 0, 0]",5,cMajor,Piano Sonata K330 i C major.mid by Mozart.csv
667,671.125 to 671.875,"[1, 0, 0, 0, 1, 2, 0, 1, 0, 0, 0, 0]",1,fMajor,Piano Sonata K330 i C major.mid by Mozart.csv
668,672.0 to 672.75,"[1, 0, 0, 0, 0, 1, 0, 1, 0, 2, 0, 1]",8,fMajor,Piano Sonata K330 i C major.mid by Mozart.csv
669,673.0 to 673.875,"[2, 0, 0, 0, 1, 1, 0, 1, 0, 0, 0, 0]",5,cMajor,Piano Sonata K330 i C major.mid by Mozart.csv
670,674.125 to 674.7916667000002,"[1, 0, 0, 0, 1, 1, 0, 2, 0, 0, 0, 1]",3,cMajor,Piano Sonata K330 i C major.mid by Mozart.csv
671,675.125 to 675.875,"[1, 0, 0, 0, 0, 1, 0, 2, 0, 0, 0, 0]",1,cMajor,Piano Sonata K330 i C major.mid by Mozart.csv
672,676.0 to 676.875,"[1, 0, 0, 0, 1, 1, 0, 2, 0, 0, 0, 1]",3,cMajor,Piano Sonata K330 i C major.mid by Mozart.csv
673,677.0 to 677.75,"[1, 0, 0, 0, 0, 1, 0, 2, 0, 0, 0, 1]",1,cMajor,Piano Sonata K330 i C major.mid by Mozart.csv
674,678.0 to 678.75,"[1, 0, 0, 0, 1, 0, 0, 2, 0, 0, 0, 0]",3,cMajor,Piano Sonata K330 i C major.mid by Mozart.csv
675,679.0 to 679.875,"[1, 0, 1, 0, 1, 0, 0, 2, 0, 0, 0, 1]",2,cMajor,Piano Sonata K330 i C major.mid by Mozart.csv
676,680.0 to 680.875,"[2, 0, 0, 0, 1, 0, 0, 2, 0, 0, 0, 0]",5,cMajor,Piano Sonata K330 i C major.mid by Mozart.csv
677,681.0 to 681.875,"[1, 0, 0, 0, 1, 0, 0, 1, 0, 0, 0, 0]",3,cMajor,Piano Sonata K330 i C major.mid by Mozart.csv
678,682.0 to 682.75,"[1, 0, 0, 0, 1, 0, 0, 1, 0, 0, 0, 0]",3,cMajor,Piano Sonata K330 i C major.mid by Mozart.csv
679,683.0 to 683.875,"[0, 0, 1, 0, 0, 1, 0, 1, 1, 3, 0, 0]",9,fMinor,Piano Sonata K330 i C major.mid by Mozart.csv
680,684.0 to 684.625,"[2, 0, 1, 0, 2, 1, 0, 1, 0, 0, 0, 0]",5,cMajor,Piano Sonata K330 i C major.mid by Mozart.csv
681,685.125 to 685.875,"[2, 0, 1, 0, 0, 1, 0, 1, 0, 0, 0, 1]",8,cMajor,Piano Sonata K330 i C major.mid by Mozart.csv
682,686.0 to 686.5,"[2, 0, 0, 0, 0, 1, 0, 1, 0, 1, 0, 1]",8,fMajor,Piano Sonata K330 i C major.mid by Mozart.csv
683,687.0 to 687.875,"[2, 0, 0, 0, 2, 0, 0, 2, 0, 0, 0, 0]",5,cMajor,Piano Sonata K330 i C major.mid by Mozart.csv
684,688.0 to 688.125,"[2, 0, 0, 0, 1, 0, 0, 2, 0, 0, 0, 0]",5,cMajor,Piano Sonata K330 i C major.mid by Mozart.csv
685,689.125 to 689.875,"[2, 0, 1, 0, 1, 0, 0, 2, 0, 1, 0, 1]",5,cMajor,Piano Sonata K330 i C major.mid by Mozart.csv
686,690.875 to 690.875,"[0, 0, 0, 0, 0, 0, 0, 0, 0, 1, 0, 0]",4,dMajor,Piano Sonata K330 i C major.mid by Mozart.csv
687,691.125 to 691.75,"[0, 0, 1, 0, 1, 2, 0, 2, 0, 0, 0, 1]",1,gMajor,Piano Sonata K330 i C major.mid by Mozart.csv
688,692.75 to 692.75,"[0, 0, 0, 0, 0, 0, 0, 1, 0, 0, 0, 0]",4,cMajor,Piano Sonata K330 i C major.mid by Mozart.csv
689,693.0 to 693.75,"[2, 0, 1, 0, 1, 1, 0, 2, 0, 0, 0, 0]",5,cMajor,Piano Sonata K330 i C major.mid by Mozart.csv
690,694.0 to 694.875,"[2, 0, 0, 0, 2, 0, 0, 2, 0, 0, 0, 0]",5,cMajor,Piano Sonata K330 i C major.mid by Mozart.csv
691,695.0 to 695.4583332999998,"[2, 0, 0, 0, 0, 0, 0, 2, 0, 0, 0, 0]",5,cMajor,Piano Sonata K330 i C major.mid by Mozart.csv
692,696.375 to 696.875,"[1, 0, 1, 0, 0, 0, 0, 0, 0, 0, 0, 1]",0,gMajor,Piano Sonata K330 i C major.mid by Mozart.csv
693,697.125 to 697.75,"[1, 0, 0, 0, 1, 0, 0, 2, 0, 1, 0, 0]",3,cMajor,Piano Sonata K330 i C major.mid by Mozart.csv
694,698.25 to 698.875,"[0, 0, 0, 0, 1, 1, 0, 1, 0, 1, 0, 0]",1,cMajor,Piano Sonata K330 i C major.mid by Mozart.csv
695,699.125 to 699.625,"[0, 0, 1, 0, 0, 1, 0, 1, 0, 0, 0, 1]",6,gMajor,Piano Sonata K330 i C major.mid by Mozart.csv
696,700.125 to 700.75,"[0, 0, 1, 0, 1, 1, 0, 1, 0, 0, 0, 0]",1,cMajor,Piano Sonata K330 i C major.mid by Mozart.csv
697,701.125 to 701.7916667000002,"[2, 0, 0, 0, 1, 0, 0, 0, 0, 0, 0, 0]",7,cMajor,Piano Sonata K330 i C major.mid by Mozart.csv
698,702.125 to 702.625,"[2, 0, 0, 0, 1, 0, 0, 0, 1, 0, 0, 0]",7,cMajor,Piano Sonata K330 i C major.mid by Mozart.csv
699,703.0 to 703.875,"[2, 0, 0, 0, 0, 1, 0, 0, 1, 1, 0, 1]",8,fMajor,Piano Sonata K330 i C major.mid by Mozart.csv
700,704.0 to 704.8333332999998,"[2, 0, 0, 0, 1, 1, 0, 2, 0, 1, 0, 1]",5,cMajor,Piano Sonata K330 i C major.mid by Mozart.csv
701,705.25 to 705.625,"[1, 0, 0, 0, 0, 1, 0, 1, 0, 0, 1, 0]",1,e-Major,Piano Sonata K330 i C major.mid by Mozart.csv
702,706.0 to 706.625,"[1, 0, 0, 0, 1, 1, 0, 0, 0, 1, 1, 0]",4,fMajor,Piano Sonata K330 i C major.mid by Mozart.csv
703,707.0 to 707.75,"[1, 1, 0, 0, 0, 1, 0, 2, 0, 1, 0, 0]",1,cMajor,Piano Sonata K330 i C major.mid by Mozart.csv
704,708.0 to 708.75,"[1, 1, 1, 0, 1, 1, 0, 1, 0, 0, 0, 0]",1,cMajor,Piano Sonata K330 i C major.mid by Mozart.csv
705,709.0 to 709.5,"[1, 1, 0, 0, 1, 0, 0, 0, 0, 0, 0, 0]",4,cMajor,Piano Sonata K330 i C major.mid by Mozart.csv
706,710.0 to 710.875,"[1, 0, 2, 0, 1, 2, 0, 0, 0, 0, 0, 0]",1,b-Major,Piano Sonata K330 i C major.mid by Mozart.csv
707,711.25 to 711.875,"[1, 0, 2, 0, 1, 1, 0, 0, 0, 0, 0, 1]",6,gMajor,Piano Sonata K330 i C major.mid by Mozart.csv
708,712.125 to 712.75,"[2, 0, 1, 0, 0, 1, 0, 0, 0, 1, 0, 0]",8,fMajor,Piano Sonata K330 i C major.mid by Mozart.csv
709,713.0 to 713.875,"[2, 0, 1, 0, 1, 0, 0, 0, 0, 1, 0, 1]",7,cMinor,Piano Sonata K330 i C major.mid by Mozart.csv
710,714.0 to 714.875,"[2, 0, 0, 0, 1, 1, 0, 0, 0, 1, 0, 1]",8,fMajor,Piano Sonata K330 i C major.mid by Mozart.csv
711,715.0 to 715.9166667000002,"[2, 0, 1, 0, 1, 0, 0, 0, 0, 0, 0, 1]",7,cMajor,Piano Sonata K330 i C major.mid by Mozart.csv
712,716.0 to 716.9583332999998,"[1, 0, 0, 0, 0, 1, 0, 0, 1, 0, 0, 1]",0,g#Minor,Piano Sonata K330 i C major.mid by Mozart.csv
713,717.125 to 717.875,"[2, 0, 1, 0, 1, 0, 0, 0, 0, 0, 0, 0]",7,cMinor,Piano Sonata K330 i C major.mid by Mozart.csv
714,718.125 to 718.9166667000002,"[1, 0, 0, 0, 0, 1, 0, 0, 1, 0, 0, 1]",0,g#Minor,Piano Sonata K330 i C major.mid by Mozart.csv
715,720.0 to 720.0,"[2, 0, 1, 0, 0, 1, 0, 1, 0, 0, 0, 1]",8,cMajor,Piano Sonata K330 i C major.mid by Mozart.csv
716,721.25 to 721.5,"[2, 0, 0, 0, 0, 1, 0, 1, 0, 0, 0, 1]",8,cMajor,Piano Sonata K330 i C major.mid by Mozart.csv
717,723.125 to 723.625,"[3, 0, 0, 0, 2, 0, 0, 2, 0, 0, 0, 1]",5,cMajor,Piano Sonata K330 i C major.mid by Mozart.csv
718,725.5 to 725.625,"[3, 0, 0, 0, 1, 0, 0, 2, 0, 0, 0, 0]",5,cMajor,Piano Sonata K330 i C major.mid by Mozart.csv
