index,offsetRange,CentroidLabelIndex_entireUnits,"[C,C#,D,E-,E,F,F#,G,G#,A,B-,B]",CentroidLabelIndex_individualUnit,triadLabel,filename,year,chordName,pc-labels,color,newCentroidIndex
0,3.0 to 3.875,10,"[1, 0, 1, 0, 1, 1, 0, 1, 0, 0, 0, 0]",5,cMajor,Piano Sonata K576 ii A major.mid by Mozart.csv,1789,Cmaj2-5tet,DEFG,violet,6
1,4.0 to 4.5,10,"[0, 0, 1, 0, 1, 1, 0, 2, 0, 0, 0, 0]",6,cMajor,Piano Sonata K576 ii A major.mid by Mozart.csv,1789,Cmaj2-5tet,DEFG,violet,6
2,5.0 to 5.5,5,"[0, 0, 1, 0, 0, 1, 0, 1, 0, 0, 0, 1]",3,gMajor,Piano Sonata K576 ii A major.mid by Mozart.csv,1789,Gmaj3rd5th,BD-G,gold,17
3,6.0 to 6.875,4,"[1, 0, 0, 0, 2, 0, 0, 1, 0, 0, 0, 0]",8,cMajor,Piano Sonata K576 ii A major.mid by Mozart.csv,1789,Cmaj3rd5th,EG-C,mediumvioletred,8
4,7.0 to 7.625,16,"[0, 0, 0, 0, 0, 1, 0, 1, 0, 0, 0, 1]",3,gMajor,Piano Sonata K576 ii A major.mid by Mozart.csv,1789,chr,FGAB,mediumpurple,10
5,8.0 to 8.5,16,"[0, 0, 0, 0, 0, 1, 0, 1, 0, 0, 0, 1]",3,gMajor,Piano Sonata K576 ii A major.mid by Mozart.csv,1789,chr,FGAB,mediumpurple,10
6,9.0 to 9.75,8,"[2, 0, 0, 0, 1, 0, 0, 1, 0, 0, 1, 1]",0,cMajor,Piano Sonata K576 ii A major.mid by Mozart.csv,1789,Cmaj-root,C-EG,slateblue,2
7,10.0 to 10.75,19,"[0, 0, 0, 0, 0, 2, 0, 1, 1, 1, 0, 0]",3,fMajor,Piano Sonata K576 ii A major.mid by Mozart.csv,1789,4ofC,F-AC,cyan,1
8,11.0 to 11.75,2,"[0, 0, 1, 0, 1, 1, 0, 0, 0, 1, 0, 0]",5,fMinor,Piano Sonata K576 ii A major.mid by Mozart.csv,1789,2/4ofCmaj,DF,green,4
9,12.0 to 12.875,4,"[1, 0, 1, 0, 1, 0, 0, 1, 0, 0, 0, 0]",8,cMajor,Piano Sonata K576 ii A major.mid by Mozart.csv,1789,Cmaj3rd5th,EG-C,mediumvioletred,8
10,13.0 to 13.75,3,"[0, 0, 1, 0, 0, 0, 0, 2, 0, 1, 0, 1]",9,gMajor,Piano Sonata K576 ii A major.mid by Mozart.csv,1789,Gmaj-root,G-BD,red,9
11,14.0 to 14.75,0,"[1, 1, 1, 1, 0, 0, 0, 0, 0, 0, 0, 0]",5,g#Major,Piano Sonata K576 ii A major.mid by Mozart.csv,1789,VofG,D-F#A,greenyellow,15
12,15.0 to 15.875,15,"[2, 0, 1, 0, 1, 1, 0, 0, 0, 0, 0, 0]",5,cMajor,Piano Sonata K576 ii A major.mid by Mozart.csv,1789,Cmaj1-4tet,C-DEF,blue,3
13,16.0 to 16.75,10,"[0, 0, 1, 0, 1, 1, 0, 1, 0, 0, 0, 1]",3,gMinor,Piano Sonata K576 ii A major.mid by Mozart.csv,1789,Cmaj2-5tet,DEFG,violet,6
14,17.0 to 17.5,5,"[0, 0, 1, 0, 0, 1, 0, 1, 0, 0, 0, 1]",3,gMajor,Piano Sonata K576 ii A major.mid by Mozart.csv,1789,Gmaj3rd5th,BD-G,gold,17
15,18.0 to 18.875,4,"[1, 0, 0, 0, 2, 0, 0, 1, 0, 0, 0, 0]",8,cMajor,Piano Sonata K576 ii A major.mid by Mozart.csv,1789,Cmaj3rd5th,EG-C,mediumvioletred,8
16,19.0 to 19.75,2,"[0, 0, 1, 0, 0, 1, 0, 0, 1, 0, 0, 0]",5,c#Major,Piano Sonata K576 ii A major.mid by Mozart.csv,1789,2/4ofCmaj,DF,green,4
17,20.0 to 20.75,13,"[1, 0, 0, 1, 0, 0, 1, 0, 1, 1, 0, 1]",1,g#Major,Piano Sonata K576 ii A major.mid by Mozart.csv,1789,Cmaj5-1tet,BC-AG,darkviolet,12
18,21.0 to 21.875,4,"[1, 0, 1, 0, 2, 0, 0, 1, 0, 0, 0, 0]",8,cMajor,Piano Sonata K576 ii A major.mid by Mozart.csv,1789,Cmaj3rd5th,EG-C,mediumvioletred,8
19,22.0 to 22.75,4,"[1, 0, 0, 0, 1, 0, 0, 1, 0, 1, 0, 0]",8,cMajor,Piano Sonata K576 ii A major.mid by Mozart.csv,1789,Cmaj3rd5th,EG-C,mediumvioletred,8
20,23.0 to 23.83333333,10,"[0, 0, 1, 0, 0, 2, 1, 2, 0, 0, 0, 0]",3,gMajor,Piano Sonata K576 ii A major.mid by Mozart.csv,1789,Cmaj2-5tet,DEFG,violet,6
21,24.0 to 24.0,2,"[1, 0, 1, 0, 0, 1, 0, 0, 0, 0, 0, 0]",5,fMajor,Piano Sonata K576 ii A major.mid by Mozart.csv,1789,2/4ofCmaj,DF,green,4
22,25.0 to 25.875,8,"[2, 0, 0, 0, 1, 0, 0, 1, 0, 0, 0, 0]",0,cMajor,Piano Sonata K576 ii A major.mid by Mozart.csv,1789,Cmaj-root,C-EG,slateblue,2
23,26.0 to 26.5,14,"[1, 0, 0, 0, 1, 0, 0, 0, 0, 0, 0, 0]",8,cMajor,Piano Sonata K576 ii A major.mid by Mozart.csv,1789,VofAmin,E-BCD,indigo,19
24,27.0 to 27.875,3,"[0, 0, 1, 0, 0, 1, 0, 2, 0, 1, 0, 1]",3,gMajor,Piano Sonata K576 ii A major.mid by Mozart.csv,1789,Gmaj-root,G-BD,red,9
25,28.0 to 28.875,17,"[2, 0, 2, 0, 2, 1, 0, 2, 0, 0, 0, 1]",4,cMajor,Piano Sonata K576 ii A major.mid by Mozart.csv,1789,CmajTriad,CEG,blueviolet,5
26,29.0 to 29.625,5,"[0, 0, 1, 0, 0, 1, 0, 1, 0, 0, 0, 1]",3,gMajor,Piano Sonata K576 ii A major.mid by Mozart.csv,1789,Gmaj3rd5th,BD-G,gold,17
27,30.0 to 30.875,1,"[1, 0, 0, 0, 1, 0, 1, 2, 0, 1, 0, 0]",8,cMajor,Piano Sonata K576 ii A major.mid by Mozart.csv,1789,Gmaj-IV/vii,F#G-ACE,salmon,16
28,31.0 to 31.875,15,"[2, 0, 2, 0, 2, 2, 0, 1, 0, 0, 0, 1]",4,cMajor,Piano Sonata K576 ii A major.mid by Mozart.csv,1789,Cmaj1-4tet,C-DEF,blue,3
29,32.0 to 32.5,18,"[1, 0, 1, 0, 1, 0, 0, 1, 0, 0, 0, 1]",8,cMajor,Piano Sonata K576 ii A major.mid by Mozart.csv,1789,V-IofC,D-GBC,crimson,11
30,33.0 to 33.875,12,"[2, 0, 1, 0, 2, 0, 0, 0, 0, 1, 0, 0]",2,cMinor,Piano Sonata K576 ii A major.mid by Mozart.csv,1789,AminTriad,ACE,steelblue,14
31,34.0 to 34.875,12,"[2, 0, 1, 0, 1, 0, 0, 1, 0, 2, 0, 1]",2,cMinor,Piano Sonata K576 ii A major.mid by Mozart.csv,1789,AminTriad,ACE,steelblue,14
32,35.0 to 35.875,7,"[1, 0, 2, 0, 0, 0, 1, 1, 0, 2, 0, 1]",9,dMajor,Piano Sonata K576 ii A major.mid by Mozart.csv,1789,V7ofG,DF#AC,lime,18
33,36.0 to 36.0,9,"[1, 0, 1, 0, 0, 0, 0, 1, 0, 1, 0, 0]",9,dMajor,Piano Sonata K576 ii A major.mid by Mozart.csv,1789,6-1ofC,A-CF,deepskyblue,7
34,37.0 to 37.75,3,"[0, 0, 1, 0, 0, 0, 1, 2, 1, 1, 0, 1]",9,gMajor,Piano Sonata K576 ii A major.mid by Mozart.csv,1789,Gmaj-root,G-BD,red,9
35,38.0 to 38.75,16,"[0, 0, 0, 0, 0, 1, 0, 1, 0, 1, 0, 1]",3,fMajor,Piano Sonata K576 ii A major.mid by Mozart.csv,1789,chr,FGAB,mediumpurple,10
36,39.0 to 39.875,2,"[0, 1, 1, 0, 1, 1, 0, 0, 0, 0, 1, 0]",6,b-Major,Piano Sonata K576 ii A major.mid by Mozart.csv,1789,2/4ofCmaj,DF,green,4
37,40.0 to 40.875,10,"[0, 0, 1, 0, 1, 1, 0, 1, 0, 1, 0, 0]",6,fMinor,Piano Sonata K576 ii A major.mid by Mozart.csv,1789,Cmaj2-5tet,DEFG,violet,6
38,41.0 to 41.625,2,"[0, 0, 1, 0, 0, 1, 0, 0, 1, 0, 0, 1]",1,gMajor,Piano Sonata K576 ii A major.mid by Mozart.csv,1789,2/4ofCmaj,DF,green,4
39,42.0 to 42.875,4,"[1, 0, 0, 0, 2, 0, 0, 1, 0, 0, 0, 0]",8,cMajor,Piano Sonata K576 ii A major.mid by Mozart.csv,1789,Cmaj3rd5th,EG-C,mediumvioletred,8
40,43.0 to 43.75,14,"[0, 1, 0, 0, 1, 0, 0, 0, 0, 0, 1, 0]",6,f#Major,Piano Sonata K576 ii A major.mid by Mozart.csv,1789,VofAmin,E-BCD,indigo,19
41,44.0 to 44.75,10,"[0, 0, 1, 0, 1, 1, 0, 1, 0, 0, 1, 0]",6,b-Major,Piano Sonata K576 ii A major.mid by Mozart.csv,1789,Cmaj2-5tet,DEFG,violet,6
42,45.0 to 45.875,10,"[0, 0, 1, 0, 1, 2, 0, 1, 1, 1, 0, 1]",3,fMinor,Piano Sonata K576 ii A major.mid by Mozart.csv,1789,Cmaj2-5tet,DEFG,violet,6
43,46.0 to 46.5,17,"[1, 0, 0, 0, 2, 0, 0, 2, 0, 0, 0, 0]",8,cMajor,Piano Sonata K576 ii A major.mid by Mozart.csv,1789,CmajTriad,CEG,blueviolet,5
44,47.0 to 47.75,3,"[0, 0, 0, 0, 0, 1, 0, 2, 0, 1, 0, 1]",3,gMajor,Piano Sonata K576 ii A major.mid by Mozart.csv,1789,Gmaj-root,G-BD,red,9
45,48.0 to 48.0,2,"[1, 0, 1, 0, 0, 1, 0, 0, 0, 0, 0, 0]",5,fMajor,Piano Sonata K576 ii A major.mid by Mozart.csv,1789,2/4ofCmaj,DF,green,4
46,49.0 to 49.5,8,"[2, 1, 0, 0, 1, 0, 0, 0, 0, 0, 0, 0]",0,cMinor,Piano Sonata K576 ii A major.mid by Mozart.csv,1789,Cmaj-root,C-EG,slateblue,2
47,50.0 to 50.5,0,"[0, 0, 1, 1, 0, 0, 0, 0, 0, 0, 0, 0]",5,g#Major,Piano Sonata K576 ii A major.mid by Mozart.csv,1789,VofG,D-F#A,greenyellow,15
48,51.0 to 51.875,12,"[1, 0, 0, 0, 1, 0, 0, 0, 0, 2, 0, 0]",2,cMinor,Piano Sonata K576 ii A major.mid by Mozart.csv,1789,AminTriad,ACE,steelblue,14
49,52.0 to 52.875,12,"[1, 0, 0, 0, 2, 0, 0, 0, 1, 2, 0, 0]",2,cMinor,Piano Sonata K576 ii A major.mid by Mozart.csv,1789,AminTriad,ACE,steelblue,14
50,53.0 to 53.75,9,"[1, 0, 0, 1, 1, 1, 0, 0, 0, 2, 0, 0]",2,fMajor,Piano Sonata K576 ii A major.mid by Mozart.csv,1789,6-1ofC,A-CF,deepskyblue,7
51,54.0 to 54.875,14,"[0, 0, 0, 0, 1, 0, 0, 0, 2, 0, 0, 1]",1,eMajor,Piano Sonata K576 ii A major.mid by Mozart.csv,1789,VofAmin,E-BCD,indigo,19
52,55.0 to 55.875,5,"[0, 0, 1, 0, 0, 0, 0, 0, 2, 0, 1, 1]",1,eMajor,Piano Sonata K576 ii A major.mid by Mozart.csv,1789,Gmaj3rd5th,BD-G,gold,17
53,56.0 to 56.75,14,"[0, 0, 0, 1, 1, 1, 0, 0, 1, 0, 0, 2]",1,eMajor,Piano Sonata K576 ii A major.mid by Mozart.csv,1789,VofAmin,E-BCD,indigo,19
54,57.0 to 57.875,13,"[1, 0, 0, 0, 1, 0, 0, 1, 0, 1, 0, 1]",8,cMajor,Piano Sonata K576 ii A major.mid by Mozart.csv,1789,Cmaj5-1tet,BC-AG,darkviolet,12
55,58.0 to 58.75,16,"[0, 0, 0, 0, 1, 1, 0, 0, 1, 1, 0, 1]",1,eMajor,Piano Sonata K576 ii A major.mid by Mozart.csv,1789,chr,FGAB,mediumpurple,10
56,59.0 to 59.75,13,"[1, 0, 1, 1, 0, 1, 0, 0, 0, 1, 0, 1]",5,fMajor,Piano Sonata K576 ii A major.mid by Mozart.csv,1789,Cmaj5-1tet,BC-AG,darkviolet,12
57,60.0 to 60.75,14,"[0, 0, 0, 1, 2, 0, 0, 0, 1, 1, 0, 1]",1,eMajor,Piano Sonata K576 ii A major.mid by Mozart.csv,1789,VofAmin,E-BCD,indigo,19
58,61.0 to 61.75,14,"[0, 0, 0, 0, 2, 0, 0, 0, 1, 0, 0, 1]",1,eMajor,Piano Sonata K576 ii A major.mid by Mozart.csv,1789,VofAmin,E-BCD,indigo,19
59,62.0 to 62.75,2,"[0, 0, 1, 0, 0, 1, 0, 0, 1, 0, 0, 1]",1,gMajor,Piano Sonata K576 ii A major.mid by Mozart.csv,1789,2/4ofCmaj,DF,green,4
60,63.0 to 63.875,12,"[1, 0, 0, 0, 1, 0, 0, 0, 0, 2, 0, 0]",2,cMinor,Piano Sonata K576 ii A major.mid by Mozart.csv,1789,AminTriad,ACE,steelblue,14
61,64.0 to 64.875,12,"[2, 0, 0, 0, 1, 0, 0, 0, 1, 2, 0, 0]",2,cMinor,Piano Sonata K576 ii A major.mid by Mozart.csv,1789,AminTriad,ACE,steelblue,14
62,65.0 to 65.75,9,"[1, 0, 0, 1, 1, 1, 0, 0, 0, 2, 0, 0]",2,fMajor,Piano Sonata K576 ii A major.mid by Mozart.csv,1789,6-1ofC,A-CF,deepskyblue,7
63,66.0 to 66.875,11,"[0, 0, 0, 0, 1, 0, 0, 2, 0, 0, 1, 0]",6,gMinor,Piano Sonata K576 ii A major.mid by Mozart.csv,1789,iv_ofDmin,GBb-C#D,yellow,0
64,67.0 to 67.875,11,"[0, 0, 1, 0, 0, 0, 0, 2, 0, 0, 2, 0]",6,b-Minor,Piano Sonata K576 ii A major.mid by Mozart.csv,1789,iv_ofDmin,GBb-C#D,yellow,0
65,68.0 to 68.75,11,"[0, 0, 1, 0, 1, 1, 0, 1, 0, 0, 2, 0]",6,b-Major,Piano Sonata K576 ii A major.mid by Mozart.csv,1789,iv_ofDmin,GBb-C#D,yellow,0
66,69.0 to 69.75,9,"[1, 0, 0, 1, 0, 1, 1, 0, 0, 1, 0, 0]",5,fMajor,Piano Sonata K576 ii A major.mid by Mozart.csv,1789,6-1ofC,A-CF,deepskyblue,7
67,70.0 to 70.75,5,"[0, 0, 1, 0, 0, 1, 0, 1, 1, 0, 1, 1]",3,gMajor,Piano Sonata K576 ii A major.mid by Mozart.csv,1789,Gmaj3rd5th,BD-G,gold,17
68,71.0 to 71.75,8,"[3, 0, 0, 0, 1, 0, 0, 0, 0, 1, 1, 0]",0,cMinor,Piano Sonata K576 ii A major.mid by Mozart.csv,1789,Cmaj-root,C-EG,slateblue,2
69,72.0 to 72.875,19,"[1, 0, 0, 0, 1, 2, 0, 1, 0, 2, 1, 0]",2,fMajor,Piano Sonata K576 ii A major.mid by Mozart.csv,1789,4ofC,F-AC,cyan,1
70,73.0 to 73.875,15,"[2, 0, 1, 0, 1, 2, 0, 0, 0, 1, 0, 1]",4,fMajor,Piano Sonata K576 ii A major.mid by Mozart.csv,1789,Cmaj1-4tet,C-DEF,blue,3
71,74.0 to 74.875,17,"[3, 0, 0, 0, 1, 0, 0, 2, 0, 0, 2, 0]",0,cMajor,Piano Sonata K576 ii A major.mid by Mozart.csv,1789,CmajTriad,CEG,blueviolet,5
72,75.0 to 75.875,19,"[1, 0, 0, 0, 1, 2, 0, 1, 0, 2, 1, 0]",2,fMajor,Piano Sonata K576 ii A major.mid by Mozart.csv,1789,4ofC,F-AC,cyan,1
73,76.0 to 76.875,15,"[2, 0, 1, 0, 1, 2, 0, 0, 0, 1, 0, 1]",4,fMajor,Piano Sonata K576 ii A major.mid by Mozart.csv,1789,Cmaj1-4tet,C-DEF,blue,3
74,77.0 to 77.875,17,"[3, 0, 0, 0, 1, 0, 0, 2, 0, 0, 2, 0]",0,cMajor,Piano Sonata K576 ii A major.mid by Mozart.csv,1789,CmajTriad,CEG,blueviolet,5
75,78.0 to 78.875,19,"[1, 0, 1, 0, 1, 2, 0, 1, 0, 1, 1, 0]",6,b-Major,Piano Sonata K576 ii A major.mid by Mozart.csv,1789,4ofC,F-AC,cyan,1
76,79.0 to 79.875,11,"[0, 0, 0, 0, 1, 1, 0, 1, 0, 1, 1, 0]",6,cMinor,Piano Sonata K576 ii A major.mid by Mozart.csv,1789,iv_ofDmin,GBb-C#D,yellow,0
77,80.0 to 80.875,13,"[1, 0, 1, 1, 0, 0, 0, 1, 0, 1, 1, 1]",9,e-Major,Piano Sonata K576 ii A major.mid by Mozart.csv,1789,Cmaj5-1tet,BC-AG,darkviolet,12
78,81.0 to 81.875,1,"[0, 1, 1, 0, 1, 0, 2, 1, 0, 1, 0, 1]",9,dMinor,Piano Sonata K576 ii A major.mid by Mozart.csv,1789,Gmaj-IV/vii,F#G-ACE,salmon,16
79,82.0 to 82.875,11,"[1, 0, 1, 1, 0, 0, 0, 1, 0, 1, 1, 0]",9,e-Major,Piano Sonata K576 ii A major.mid by Mozart.csv,1789,iv_ofDmin,GBb-C#D,yellow,0
80,83.0 to 83.875,7,"[1, 0, 1, 1, 0, 0, 1, 1, 0, 1, 0, 0]",9,dMajor,Piano Sonata K576 ii A major.mid by Mozart.csv,1789,V7ofG,DF#AC,lime,18
81,84.0 to 84.875,18,"[1, 0, 1, 0, 1, 0, 1, 1, 0, 1, 0, 2]",9,gMajor,Piano Sonata K576 ii A major.mid by Mozart.csv,1789,V-IofC,D-GBC,crimson,11
82,85.0 to 85.875,1,"[1, 0, 0, 0, 0, 0, 1, 1, 0, 1, 1, 0]",9,dMajor,Piano Sonata K576 ii A major.mid by Mozart.csv,1789,Gmaj-IV/vii,F#G-ACE,salmon,16
83,86.0 to 86.875,15,"[1, 1, 1, 0, 1, 1, 0, 0, 0, 1, 1, 0]",5,aMajor,Piano Sonata K576 ii A major.mid by Mozart.csv,1789,Cmaj1-4tet,C-DEF,blue,3
84,87.0 to 87.875,14,"[0, 1, 0, 1, 1, 0, 1, 0, 2, 1, 0, 1]",1,eMajor,Piano Sonata K576 ii A major.mid by Mozart.csv,1789,VofAmin,E-BCD,indigo,19
85,88.0 to 88.875,13,"[1, 0, 1, 0, 1, 1, 0, 0, 0, 1, 0, 1]",5,fMajor,Piano Sonata K576 ii A major.mid by Mozart.csv,1789,Cmaj5-1tet,BC-AG,darkviolet,12
86,89.0 to 89.875,2,"[0, 0, 1, 0, 1, 1, 0, 0, 1, 1, 0, 1]",1,eMajor,Piano Sonata K576 ii A major.mid by Mozart.csv,1789,2/4ofCmaj,DF,green,4
87,90.0 to 90.875,7,"[1, 0, 1, 0, 1, 0, 1, 0, 1, 2, 0, 1]",2,dMajor,Piano Sonata K576 ii A major.mid by Mozart.csv,1789,V7ofG,DF#AC,lime,18
88,91.0 to 91.875,7,"[0, 0, 1, 0, 0, 0, 1, 0, 1, 1, 0, 1]",1,dMajor,Piano Sonata K576 ii A major.mid by Mozart.csv,1789,V7ofG,DF#AC,lime,18
89,92.0 to 92.875,13,"[1, 0, 1, 1, 0, 1, 0, 0, 0, 1, 0, 1]",5,fMajor,Piano Sonata K576 ii A major.mid by Mozart.csv,1789,Cmaj5-1tet,BC-AG,darkviolet,12
90,93.0 to 93.875,14,"[0, 0, 0, 1, 3, 0, 1, 0, 1, 1, 0, 1]",1,eMajor,Piano Sonata K576 ii A major.mid by Mozart.csv,1789,VofAmin,E-BCD,indigo,19
91,94.0 to 94.875,13,"[1, 0, 1, 0, 1, 1, 0, 0, 0, 1, 0, 1]",5,fMajor,Piano Sonata K576 ii A major.mid by Mozart.csv,1789,Cmaj5-1tet,BC-AG,darkviolet,12
92,95.0 to 95.875,18,"[1, 0, 1, 1, 1, 1, 0, 0, 1, 0, 0, 1]",1,eMajor,Piano Sonata K576 ii A major.mid by Mozart.csv,1789,V-IofC,D-GBC,crimson,11
93,96.0 to 96.875,12,"[1, 0, 0, 0, 1, 0, 0, 0, 0, 2, 0, 0]",2,cMinor,Piano Sonata K576 ii A major.mid by Mozart.csv,1789,AminTriad,ACE,steelblue,14
94,97.0 to 97.875,12,"[2, 0, 0, 0, 1, 0, 0, 0, 1, 2, 0, 0]",2,cMinor,Piano Sonata K576 ii A major.mid by Mozart.csv,1789,AminTriad,ACE,steelblue,14
95,98.0 to 98.75,9,"[1, 0, 0, 1, 1, 1, 0, 0, 0, 2, 0, 0]",2,fMajor,Piano Sonata K576 ii A major.mid by Mozart.csv,1789,6-1ofC,A-CF,deepskyblue,7
96,99.0 to 99.75,14,"[0, 0, 0, 0, 1, 0, 0, 0, 2, 0, 0, 1]",1,eMajor,Piano Sonata K576 ii A major.mid by Mozart.csv,1789,VofAmin,E-BCD,indigo,19
97,100.0 to 100.875,5,"[0, 0, 1, 0, 0, 0, 0, 0, 2, 0, 0, 2]",1,eMajor,Piano Sonata K576 ii A major.mid by Mozart.csv,1789,Gmaj3rd5th,BD-G,gold,17
98,101.0 to 101.75,14,"[0, 0, 0, 1, 1, 1, 0, 0, 1, 0, 0, 2]",1,eMajor,Piano Sonata K576 ii A major.mid by Mozart.csv,1789,VofAmin,E-BCD,indigo,19
99,102.0 to 102.875,13,"[1, 0, 0, 0, 1, 0, 0, 1, 0, 1, 0, 1]",8,cMajor,Piano Sonata K576 ii A major.mid by Mozart.csv,1789,Cmaj5-1tet,BC-AG,darkviolet,12
100,103.0 to 103.75,16,"[0, 0, 0, 0, 1, 1, 0, 0, 1, 1, 0, 1]",1,eMajor,Piano Sonata K576 ii A major.mid by Mozart.csv,1789,chr,FGAB,mediumpurple,10
101,104.0 to 104.75,13,"[1, 0, 1, 1, 0, 0, 0, 0, 0, 1, 0, 1]",5,dMajor,Piano Sonata K576 ii A major.mid by Mozart.csv,1789,Cmaj5-1tet,BC-AG,darkviolet,12
102,105.0 to 105.75,14,"[0, 0, 0, 1, 2, 0, 0, 0, 1, 1, 0, 1]",1,eMajor,Piano Sonata K576 ii A major.mid by Mozart.csv,1789,VofAmin,E-BCD,indigo,19
103,106.0 to 106.75,14,"[0, 0, 0, 0, 2, 0, 0, 0, 1, 1, 0, 0]",1,eMajor,Piano Sonata K576 ii A major.mid by Mozart.csv,1789,VofAmin,E-BCD,indigo,19
104,107.0 to 107.75,2,"[0, 0, 1, 0, 0, 1, 0, 0, 1, 0, 0, 1]",1,gMajor,Piano Sonata K576 ii A major.mid by Mozart.csv,1789,2/4ofCmaj,DF,green,4
105,108.0 to 108.875,12,"[1, 0, 0, 0, 1, 0, 0, 0, 0, 2, 0, 0]",2,cMinor,Piano Sonata K576 ii A major.mid by Mozart.csv,1789,AminTriad,ACE,steelblue,14
106,109.0 to 109.875,9,"[2, 0, 0, 0, 0, 0, 0, 0, 1, 2, 0, 0]",2,fMajor,Piano Sonata K576 ii A major.mid by Mozart.csv,1789,6-1ofC,A-CF,deepskyblue,7
107,110.0 to 110.75,9,"[1, 0, 0, 1, 1, 1, 0, 0, 0, 2, 0, 0]",2,fMajor,Piano Sonata K576 ii A major.mid by Mozart.csv,1789,6-1ofC,A-CF,deepskyblue,7
108,111.0 to 111.875,11,"[0, 0, 0, 0, 1, 0, 0, 2, 0, 0, 1, 0]",6,gMinor,Piano Sonata K576 ii A major.mid by Mozart.csv,1789,iv_ofDmin,GBb-C#D,yellow,0
109,112.0 to 112.875,11,"[0, 1, 0, 0, 0, 0, 0, 2, 0, 0, 2, 0]",6,e-Major,Piano Sonata K576 ii A major.mid by Mozart.csv,1789,iv_ofDmin,GBb-C#D,yellow,0
110,113.0 to 113.75,11,"[0, 1, 0, 0, 1, 0, 0, 2, 0, 0, 2, 0]",6,e-Major,Piano Sonata K576 ii A major.mid by Mozart.csv,1789,iv_ofDmin,GBb-C#D,yellow,0
111,114.0 to 114.875,2,"[0, 0, 1, 1, 0, 1, 1, 0, 0, 1, 0, 0]",5,dMajor,Piano Sonata K576 ii A major.mid by Mozart.csv,1789,2/4ofCmaj,DF,green,4
112,115.0 to 115.75,12,"[1, 0, 0, 0, 2, 0, 0, 0, 0, 2, 0, 0]",2,cMinor,Piano Sonata K576 ii A major.mid by Mozart.csv,1789,AminTriad,ACE,steelblue,14
113,116.0 to 116.75,12,"[1, 0, 1, 0, 2, 0, 0, 0, 1, 1, 0, 1]",2,cMinor,Piano Sonata K576 ii A major.mid by Mozart.csv,1789,AminTriad,ACE,steelblue,14
114,117.0 to 117.875,12,"[2, 0, 1, 0, 2, 0, 1, 0, 1, 2, 0, 1]",2,cMinor,Piano Sonata K576 ii A major.mid by Mozart.csv,1789,AminTriad,ACE,steelblue,14
115,118.0 to 118.875,12,"[2, 0, 1, 0, 2, 0, 0, 0, 0, 2, 0, 1]",2,cMinor,Piano Sonata K576 ii A major.mid by Mozart.csv,1789,AminTriad,ACE,steelblue,14
116,119.0 to 119.875,14,"[0, 0, 2, 0, 3, 0, 0, 0, 1, 0, 0, 2]",7,eMajor,Piano Sonata K576 ii A major.mid by Mozart.csv,1789,VofAmin,E-BCD,indigo,19
117,120.0 to 120.875,12,"[2, 0, 1, 0, 2, 0, 1, 0, 1, 2, 0, 1]",2,cMinor,Piano Sonata K576 ii A major.mid by Mozart.csv,1789,AminTriad,ACE,steelblue,14
118,121.0 to 121.875,12,"[2, 0, 1, 0, 2, 0, 0, 0, 0, 2, 0, 1]",2,cMinor,Piano Sonata K576 ii A major.mid by Mozart.csv,1789,AminTriad,ACE,steelblue,14
119,122.0 to 122.875,14,"[0, 0, 2, 0, 3, 0, 0, 0, 1, 0, 0, 2]",7,eMajor,Piano Sonata K576 ii A major.mid by Mozart.csv,1789,VofAmin,E-BCD,indigo,19
120,123.0 to 123.875,7,"[1, 0, 1, 0, 1, 0, 1, 1, 0, 2, 1, 0]",9,dMajor,Piano Sonata K576 ii A major.mid by Mozart.csv,1789,V7ofG,DF#AC,lime,18
121,124.0 to 124.875,7,"[1, 0, 1, 0, 1, 0, 1, 0, 1, 2, 0, 1]",2,dMajor,Piano Sonata K576 ii A major.mid by Mozart.csv,1789,V7ofG,DF#AC,lime,18
122,125.0 to 125.875,12,"[1, 0, 1, 0, 2, 0, 0, 0, 0, 1, 0, 1]",2,cMinor,Piano Sonata K576 ii A major.mid by Mozart.csv,1789,AminTriad,ACE,steelblue,14
123,126.0 to 126.875,10,"[1, 0, 1, 0, 1, 2, 0, 1, 1, 0, 1, 0]",6,b-Major,Piano Sonata K576 ii A major.mid by Mozart.csv,1789,Cmaj2-5tet,DEFG,violet,6
124,127.0 to 127.875,10,"[1, 0, 1, 0, 1, 1, 0, 1, 2, 0, 1, 0]",6,g#Minor,Piano Sonata K576 ii A major.mid by Mozart.csv,1789,Cmaj2-5tet,DEFG,violet,6
125,128.0 to 128.875,2,"[1, 0, 1, 1, 0, 2, 0, 0, 1, 0, 0, 0]",5,g#Minor,Piano Sonata K576 ii A major.mid by Mozart.csv,1789,2/4ofCmaj,DF,green,4
126,129.0 to 129.875,18,"[1, 1, 2, 0, 1, 1, 0, 1, 0, 0, 0, 1]",4,gMajor,Piano Sonata K576 ii A major.mid by Mozart.csv,1789,V-IofC,D-GBC,crimson,11
127,130.0 to 130.875,10,"[0, 0, 1, 0, 0, 2, 0, 2, 1, 1, 0, 1]",3,gMajor,Piano Sonata K576 ii A major.mid by Mozart.csv,1789,Cmaj2-5tet,DEFG,violet,6
128,131.0 to 131.875,10,"[0, 0, 1, 1, 1, 2, 0, 2, 0, 0, 0, 1]",3,gMajor,Piano Sonata K576 ii A major.mid by Mozart.csv,1789,Cmaj2-5tet,DEFG,violet,6
129,132.0 to 132.875,10,"[1, 0, 1, 0, 1, 1, 0, 1, 0, 0, 0, 0]",5,cMajor,Piano Sonata K576 ii A major.mid by Mozart.csv,1789,Cmaj2-5tet,DEFG,violet,6
130,133.0 to 133.5,10,"[0, 0, 1, 0, 1, 1, 0, 2, 0, 0, 0, 0]",6,cMajor,Piano Sonata K576 ii A major.mid by Mozart.csv,1789,Cmaj2-5tet,DEFG,violet,6
131,134.0 to 134.5,5,"[0, 0, 1, 0, 0, 1, 0, 1, 0, 0, 0, 1]",3,gMajor,Piano Sonata K576 ii A major.mid by Mozart.csv,1789,Gmaj3rd5th,BD-G,gold,17
132,135.0 to 135.875,4,"[1, 0, 0, 0, 2, 0, 0, 1, 0, 0, 0, 0]",8,cMajor,Piano Sonata K576 ii A major.mid by Mozart.csv,1789,Cmaj3rd5th,EG-C,mediumvioletred,8
133,136.0 to 136.83333330000002,16,"[0, 0, 0, 0, 0, 1, 0, 1, 0, 0, 0, 1]",3,gMajor,Piano Sonata K576 ii A major.mid by Mozart.csv,1789,chr,FGAB,mediumpurple,10
134,137.0 to 137.75,16,"[0, 0, 0, 0, 0, 1, 0, 1, 0, 0, 0, 1]",3,gMajor,Piano Sonata K576 ii A major.mid by Mozart.csv,1789,chr,FGAB,mediumpurple,10
135,138.0 to 138.75,8,"[2, 0, 0, 0, 1, 0, 0, 1, 0, 0, 1, 1]",0,cMajor,Piano Sonata K576 ii A major.mid by Mozart.csv,1789,Cmaj-root,C-EG,slateblue,2
136,139.0 to 139.75,19,"[0, 0, 0, 0, 0, 2, 0, 1, 1, 1, 0, 0]",3,fMajor,Piano Sonata K576 ii A major.mid by Mozart.csv,1789,4ofC,F-AC,cyan,1
137,140.0 to 140.75,2,"[0, 0, 1, 0, 1, 1, 0, 0, 0, 1, 0, 0]",5,fMinor,Piano Sonata K576 ii A major.mid by Mozart.csv,1789,2/4ofCmaj,DF,green,4
138,141.0 to 141.875,4,"[1, 0, 1, 0, 1, 0, 0, 1, 0, 0, 0, 0]",8,cMajor,Piano Sonata K576 ii A major.mid by Mozart.csv,1789,Cmaj3rd5th,EG-C,mediumvioletred,8
139,142.0 to 142.875,3,"[0, 0, 1, 0, 0, 0, 0, 2, 0, 1, 0, 1]",9,gMajor,Piano Sonata K576 ii A major.mid by Mozart.csv,1789,Gmaj-root,G-BD,red,9
140,143.0 to 143.75,0,"[1, 1, 1, 1, 0, 0, 0, 0, 0, 0, 0, 0]",5,g#Major,Piano Sonata K576 ii A major.mid by Mozart.csv,1789,VofG,D-F#A,greenyellow,15
141,144.0 to 144.875,15,"[2, 0, 1, 0, 1, 1, 0, 0, 0, 0, 0, 0]",5,cMajor,Piano Sonata K576 ii A major.mid by Mozart.csv,1789,Cmaj1-4tet,C-DEF,blue,3
142,145.0 to 145.5,10,"[0, 0, 1, 0, 1, 1, 0, 1, 0, 0, 0, 1]",3,gMinor,Piano Sonata K576 ii A major.mid by Mozart.csv,1789,Cmaj2-5tet,DEFG,violet,6
143,146.0 to 146.5,5,"[0, 0, 1, 0, 0, 1, 0, 1, 0, 0, 0, 1]",3,gMajor,Piano Sonata K576 ii A major.mid by Mozart.csv,1789,Gmaj3rd5th,BD-G,gold,17
144,147.0 to 147.875,4,"[1, 0, 0, 0, 2, 0, 0, 1, 0, 0, 0, 0]",8,cMajor,Piano Sonata K576 ii A major.mid by Mozart.csv,1789,Cmaj3rd5th,EG-C,mediumvioletred,8
145,148.0 to 148.75,2,"[0, 0, 1, 0, 0, 1, 0, 0, 1, 0, 0, 0]",5,c#Major,Piano Sonata K576 ii A major.mid by Mozart.csv,1789,2/4ofCmaj,DF,green,4
146,149.0 to 149.75,13,"[1, 0, 0, 1, 0, 0, 1, 0, 1, 1, 0, 1]",1,g#Major,Piano Sonata K576 ii A major.mid by Mozart.csv,1789,Cmaj5-1tet,BC-AG,darkviolet,12
147,150.0 to 150.875,4,"[1, 0, 1, 0, 2, 0, 0, 1, 0, 0, 0, 0]",8,cMajor,Piano Sonata K576 ii A major.mid by Mozart.csv,1789,Cmaj3rd5th,EG-C,mediumvioletred,8
148,151.0 to 151.75,4,"[1, 0, 0, 0, 1, 0, 0, 1, 0, 1, 0, 0]",8,cMajor,Piano Sonata K576 ii A major.mid by Mozart.csv,1789,Cmaj3rd5th,EG-C,mediumvioletred,8
149,152.0 to 152.75,10,"[0, 0, 1, 0, 0, 2, 1, 2, 0, 0, 0, 0]",3,gMajor,Piano Sonata K576 ii A major.mid by Mozart.csv,1789,Cmaj2-5tet,DEFG,violet,6
150,153.0 to 153.0,2,"[1, 0, 1, 0, 0, 1, 0, 0, 0, 0, 0, 0]",5,fMajor,Piano Sonata K576 ii A major.mid by Mozart.csv,1789,2/4ofCmaj,DF,green,4
151,154.0 to 154.5,8,"[2, 0, 0, 0, 1, 0, 0, 1, 0, 0, 0, 0]",0,cMajor,Piano Sonata K576 ii A major.mid by Mozart.csv,1789,Cmaj-root,C-EG,slateblue,2
152,155.0 to 155.5,14,"[1, 0, 0, 0, 1, 0, 0, 0, 0, 0, 0, 0]",8,cMajor,Piano Sonata K576 ii A major.mid by Mozart.csv,1789,VofAmin,E-BCD,indigo,19
153,156.0 to 156.875,3,"[0, 0, 1, 0, 0, 1, 0, 2, 0, 1, 0, 1]",3,gMajor,Piano Sonata K576 ii A major.mid by Mozart.csv,1789,Gmaj-root,G-BD,red,9
154,157.0 to 157.875,17,"[2, 0, 2, 0, 2, 1, 0, 2, 0, 0, 0, 1]",4,cMajor,Piano Sonata K576 ii A major.mid by Mozart.csv,1789,CmajTriad,CEG,blueviolet,5
155,158.0 to 158.5,5,"[0, 0, 1, 0, 0, 1, 0, 1, 0, 0, 0, 1]",3,gMajor,Piano Sonata K576 ii A major.mid by Mozart.csv,1789,Gmaj3rd5th,BD-G,gold,17
156,159.0 to 159.875,1,"[1, 0, 0, 0, 1, 0, 1, 2, 0, 1, 0, 0]",8,cMajor,Piano Sonata K576 ii A major.mid by Mozart.csv,1789,Gmaj-IV/vii,F#G-ACE,salmon,16
157,160.0 to 160.875,15,"[2, 0, 2, 0, 2, 2, 0, 1, 0, 0, 0, 1]",4,cMajor,Piano Sonata K576 ii A major.mid by Mozart.csv,1789,Cmaj1-4tet,C-DEF,blue,3
158,161.0 to 161.5,18,"[1, 0, 1, 0, 1, 0, 0, 1, 0, 0, 0, 1]",8,cMajor,Piano Sonata K576 ii A major.mid by Mozart.csv,1789,V-IofC,D-GBC,crimson,11
159,162.0 to 162.875,12,"[2, 0, 1, 0, 2, 0, 0, 0, 0, 1, 0, 0]",2,cMinor,Piano Sonata K576 ii A major.mid by Mozart.csv,1789,AminTriad,ACE,steelblue,14
160,163.0 to 163.875,12,"[2, 0, 1, 0, 1, 0, 0, 1, 0, 2, 0, 1]",2,cMinor,Piano Sonata K576 ii A major.mid by Mozart.csv,1789,AminTriad,ACE,steelblue,14
161,164.0 to 164.875,7,"[2, 0, 2, 0, 0, 0, 1, 1, 0, 2, 0, 1]",9,dMajor,Piano Sonata K576 ii A major.mid by Mozart.csv,1789,V7ofG,DF#AC,lime,18
162,165.0 to 165.0,9,"[1, 0, 1, 0, 0, 0, 0, 1, 0, 1, 0, 0]",9,dMajor,Piano Sonata K576 ii A major.mid by Mozart.csv,1789,6-1ofC,A-CF,deepskyblue,7
163,166.0 to 166.75,3,"[0, 0, 1, 0, 0, 0, 1, 2, 1, 1, 0, 1]",9,gMajor,Piano Sonata K576 ii A major.mid by Mozart.csv,1789,Gmaj-root,G-BD,red,9
164,167.0 to 167.75,16,"[0, 0, 0, 0, 0, 1, 0, 1, 0, 1, 0, 1]",3,fMajor,Piano Sonata K576 ii A major.mid by Mozart.csv,1789,chr,FGAB,mediumpurple,10
165,168.0 to 168.875,2,"[0, 1, 1, 0, 1, 1, 0, 0, 0, 0, 1, 0]",6,b-Major,Piano Sonata K576 ii A major.mid by Mozart.csv,1789,2/4ofCmaj,DF,green,4
166,169.0 to 169.75,10,"[0, 0, 1, 0, 1, 1, 0, 1, 0, 1, 0, 0]",6,fMinor,Piano Sonata K576 ii A major.mid by Mozart.csv,1789,Cmaj2-5tet,DEFG,violet,6
167,170.0 to 170.5,2,"[0, 0, 1, 0, 0, 1, 0, 0, 1, 0, 0, 1]",1,gMajor,Piano Sonata K576 ii A major.mid by Mozart.csv,1789,2/4ofCmaj,DF,green,4
168,171.0 to 171.875,4,"[1, 0, 0, 0, 2, 0, 0, 1, 0, 0, 0, 0]",8,cMajor,Piano Sonata K576 ii A major.mid by Mozart.csv,1789,Cmaj3rd5th,EG-C,mediumvioletred,8
169,172.0 to 172.75,14,"[0, 1, 0, 0, 1, 0, 0, 0, 0, 0, 1, 0]",6,f#Major,Piano Sonata K576 ii A major.mid by Mozart.csv,1789,VofAmin,E-BCD,indigo,19
170,173.0 to 173.75,10,"[0, 0, 1, 0, 1, 1, 0, 1, 0, 0, 1, 0]",6,b-Major,Piano Sonata K576 ii A major.mid by Mozart.csv,1789,Cmaj2-5tet,DEFG,violet,6
171,174.0 to 174.875,10,"[0, 0, 1, 0, 1, 2, 0, 1, 1, 1, 0, 1]",3,fMinor,Piano Sonata K576 ii A major.mid by Mozart.csv,1789,Cmaj2-5tet,DEFG,violet,6
172,175.0 to 175.5,17,"[1, 0, 0, 0, 2, 0, 0, 2, 0, 0, 0, 0]",8,cMajor,Piano Sonata K576 ii A major.mid by Mozart.csv,1789,CmajTriad,CEG,blueviolet,5
173,176.0 to 176.75,3,"[0, 0, 0, 0, 0, 1, 0, 3, 0, 1, 0, 1]",3,gMajor,Piano Sonata K576 ii A major.mid by Mozart.csv,1789,Gmaj-root,G-BD,red,9
174,177.0 to 177.875,8,"[3, 0, 0, 0, 1, 0, 0, 0, 0, 0, 0, 0]",0,cMajor,Piano Sonata K576 ii A major.mid by Mozart.csv,1789,Cmaj-root,C-EG,slateblue,2
175,178.0 to 178.875,17,"[3, 0, 0, 0, 2, 0, 0, 1, 0, 0, 0, 0]",0,cMajor,Piano Sonata K576 ii A major.mid by Mozart.csv,1789,CmajTriad,CEG,blueviolet,5
176,179.0 to 179.75,9,"[2, 0, 0, 0, 0, 1, 0, 0, 1, 1, 0, 0]",5,fMajor,Piano Sonata K576 ii A major.mid by Mozart.csv,1789,6-1ofC,A-CF,deepskyblue,7
177,180.0 to 180.875,8,"[2, 0, 0, 0, 1, 0, 1, 1, 0, 0, 0, 0]",0,cMajor,Piano Sonata K576 ii A major.mid by Mozart.csv,1789,Cmaj-root,C-EG,slateblue,2
178,181.0 to 181.75,17,"[2, 0, 0, 0, 2, 0, 0, 1, 0, 0, 0, 0]",0,cMajor,Piano Sonata K576 ii A major.mid by Mozart.csv,1789,CmajTriad,CEG,blueviolet,5
179,182.0 to 182.875,9,"[2, 0, 0, 0, 0, 1, 0, 0, 1, 1, 0, 0]",5,fMajor,Piano Sonata K576 ii A major.mid by Mozart.csv,1789,6-1ofC,A-CF,deepskyblue,7
180,183.0 to 183.875,15,"[2, 0, 1, 0, 2, 1, 1, 1, 0, 1, 0, 0]",4,cMajor,Piano Sonata K576 ii A major.mid by Mozart.csv,1789,Cmaj1-4tet,C-DEF,blue,3
181,184.0 to 184.3333333,4,"[0, 0, 0, 0, 1, 0, 0, 2, 0, 0, 0, 0]",8,cMajor,Piano Sonata K576 ii A major.mid by Mozart.csv,1789,Cmaj3rd5th,EG-C,mediumvioletred,8
182,185.0 to 185.875,10,"[1, 0, 1, 0, 1, 1, 0, 1, 0, 0, 0, 0]",5,cMajor,Piano Sonata K576 ii A major.mid by Mozart.csv,1789,Cmaj2-5tet,DEFG,violet,6
183,186.0 to 186.875,8,"[3, 0, 0, 0, 1, 0, 0, 0, 0, 0, 0, 0]",0,cMajor,Piano Sonata K576 ii A major.mid by Mozart.csv,1789,Cmaj-root,C-EG,slateblue,2
184,187.0 to 187.75,17,"[3, 0, 0, 0, 2, 0, 0, 1, 0, 0, 0, 0]",0,cMajor,Piano Sonata K576 ii A major.mid by Mozart.csv,1789,CmajTriad,CEG,blueviolet,5
185,188.0 to 188.875,9,"[2, 0, 0, 0, 0, 1, 0, 0, 1, 1, 0, 0]",5,fMajor,Piano Sonata K576 ii A major.mid by Mozart.csv,1789,6-1ofC,A-CF,deepskyblue,7
186,189.0 to 189.875,8,"[2, 0, 0, 0, 1, 0, 1, 1, 0, 0, 0, 0]",0,cMajor,Piano Sonata K576 ii A major.mid by Mozart.csv,1789,Cmaj-root,C-EG,slateblue,2
187,190.0 to 190.75,17,"[2, 0, 0, 0, 2, 0, 0, 1, 0, 0, 0, 0]",0,cMajor,Piano Sonata K576 ii A major.mid by Mozart.csv,1789,CmajTriad,CEG,blueviolet,5
188,191.0 to 191.75,9,"[2, 0, 0, 0, 0, 1, 0, 0, 1, 1, 0, 0]",5,fMajor,Piano Sonata K576 ii A major.mid by Mozart.csv,1789,6-1ofC,A-CF,deepskyblue,7
189,192.0 to 192.875,15,"[2, 0, 1, 0, 2, 1, 1, 1, 0, 1, 0, 0]",4,cMajor,Piano Sonata K576 ii A major.mid by Mozart.csv,1789,Cmaj1-4tet,C-DEF,blue,3
190,193.0 to 193.3333333,4,"[0, 0, 0, 0, 1, 0, 0, 2, 0, 0, 0, 0]",8,cMajor,Piano Sonata K576 ii A major.mid by Mozart.csv,1789,Cmaj3rd5th,EG-C,mediumvioletred,8
191,194.0 to 194.875,10,"[1, 0, 1, 0, 1, 1, 0, 1, 0, 0, 0, 0]",5,cMajor,Piano Sonata K576 ii A major.mid by Mozart.csv,1789,Cmaj2-5tet,DEFG,violet,6
192,195.0 to 195.875,15,"[2, 0, 1, 0, 2, 1, 0, 1, 0, 1, 0, 1]",4,cMajor,Piano Sonata K576 ii A major.mid by Mozart.csv,1789,Cmaj1-4tet,C-DEF,blue,3
193,196.0 to 196.875,18,"[1, 1, 1, 1, 1, 0, 0, 1, 0, 1, 0, 1]",9,cMajor,Piano Sonata K576 ii A major.mid by Mozart.csv,1789,V-IofC,D-GBC,crimson,11
194,197.0 to 197.875,19,"[0, 0, 0, 0, 0, 2, 0, 1, 0, 0, 0, 1]",3,c#Major,Piano Sonata K576 ii A major.mid by Mozart.csv,1789,4ofC,F-AC,cyan,1
195,198.0 to 198.875,17,"[2, 0, 0, 0, 2, 1, 0, 1, 0, 1, 0, 1]",4,cMajor,Piano Sonata K576 ii A major.mid by Mozart.csv,1789,CmajTriad,CEG,blueviolet,5
196,199.0 to 199.875,7,"[1, 0, 1, 0, 0, 0, 1, 1, 1, 1, 1, 1]",9,dMajor,Piano Sonata K576 ii A major.mid by Mozart.csv,1789,V7ofG,DF#AC,lime,18
197,200.0 to 200.625,19,"[0, 0, 0, 0, 0, 2, 0, 1, 0, 0, 0, 1]",3,c#Major,Piano Sonata K576 ii A major.mid by Mozart.csv,1789,4ofC,F-AC,cyan,1
198,201.0 to 201.0,2,"[1, 0, 1, 0, 0, 1, 0, 0, 0, 0, 0, 0]",5,fMajor,Piano Sonata K576 ii A major.mid by Mozart.csv,1789,2/4ofCmaj,DF,green,4
199,202.0 to 202.0,8,"[2, 0, 0, 0, 1, 0, 0, 0, 0, 0, 0, 0]",0,cMajor,Piano Sonata K576 ii A major.mid by Mozart.csv,1789,Cmaj-root,C-EG,slateblue,2
